timestamp,source,predicted_label,confidence,decision_source,reconstruction_error,threshold,replay_flag,replay_similarity,matched_history_index,replay_reason,anomaly_flag,status,message
2025-01-01T00:01:27,sensor_0,Normal,HIGH,ensemble_rf,0.028557898476719856,0.15237818658351898,False,0.28001063657162173,,,False,ok,
2025-01-01T00:01:30,sensor_0,Normal,HIGH,ensemble_rf,0.022441217675805092,0.15237818658351898,False,0.33477880735662735,,,False,ok,
2025-01-01T00:01:33,sensor_0,Normal,HIGH,ensemble_rf,0.020645830780267715,0.15237818658351898,False,0.36516686087537026,,,False,ok,
2025-01-01T00:01:36,sensor_0,Normal,HIGH,ensemble_rf,0.02187635749578476,0.15237818658351898,False,0.3682258141759782,,,False,ok,
2025-01-01T00:01:39,sensor_0,Normal,HIGH,ensemble_rf,0.023677604272961617,0.15237818658351898,False,0.32374379518544455,,,False,ok,
2025-01-01T00:01:42,sensor_0,Normal,HIGH,ensemble_rf,0.02055039256811142,0.15237818658351898,False,0.3058226487598924,,,False,ok,
2025-01-01T00:01:45,sensor_0,Normal,HIGH,ensemble_rf,0.02005907893180847,0.15237818658351898,False,0.2833495543692256,,,False,ok,
2025-01-01T00:01:48,sensor_0,Normal,HIGH,ensemble_rf,0.021274002268910408,0.15237818658351898,False,0.26511011942527657,,,False,ok,
2025-01-01T00:01:51,sensor_0,Normal,HIGH,ensemble_rf,0.023593898862600327,0.15237818658351898,False,0.27917971114367107,,,False,ok,
2025-01-01T00:01:54,sensor_0,Normal,HIGH,ensemble_rf,0.023071665316820145,0.15237818658351898,False,0.2567125096057773,,,False,ok,
2025-01-01T00:01:57,sensor_0,Normal,HIGH,ensemble_rf,0.025076592341065407,0.15237818658351898,False,0.2531952899837927,,,False,ok,
2025-01-01T00:02:00,sensor_0,Normal,HIGH,ensemble_rf,0.024478711187839508,0.15237818658351898,False,0.26189982697946285,,,False,ok,
2025-01-01T00:02:03,sensor_0,Normal,HIGH,ensemble_rf,0.023779433220624924,0.15237818658351898,False,0.23565104151916852,,,False,ok,
2025-01-01T00:02:06,sensor_0,Normal,HIGH,ensemble_rf,0.023387199267745018,0.15237818658351898,False,0.226710259606499,,,False,ok,
2025-01-01T00:02:09,sensor_0,Normal,HIGH,ensemble_rf,0.025906672701239586,0.15237818658351898,False,0.21216342713322786,,,False,ok,
2025-01-01T00:02:12,sensor_0,Normal,HIGH,ensemble_rf,0.026632672175765038,0.15237818658351898,False,0.1985777859688053,,,False,ok,
2025-01-01T00:02:15,sensor_0,Normal,HIGH,ensemble_rf,0.025065315887331963,0.15237818658351898,False,0.203033614788151,,,False,ok,
2025-01-01T00:02:18,sensor_0,Normal,HIGH,ensemble_rf,0.028339166194200516,0.15237818658351898,False,0.2468058690208118,,,False,ok,
2025-01-01T00:02:21,sensor_0,Normal,HIGH,ensemble_rf,0.028110619634389877,0.15237818658351898,False,0.25135481572224877,,,False,ok,
2025-01-01T00:02:24,sensor_0,Normal,HIGH,ensemble_rf,0.028004778549075127,0.15237818658351898,False,0.28426340019268287,,,False,ok,
2025-01-01T00:02:27,sensor_0,Normal,HIGH,ensemble_rf,0.02539491280913353,0.15237818658351898,False,0.2930931667486852,,,False,ok,
2025-01-01T00:02:30,sensor_0,Normal,HIGH,ensemble_rf,0.026407282799482346,0.15237818658351898,False,0.2580561699240085,,,False,ok,
2025-01-01T00:02:33,sensor_0,Normal,HIGH,ensemble_rf,0.027774428948760033,0.15237818658351898,False,0.24868728907140908,,,False,ok,
2025-01-01T00:02:36,sensor_0,Normal,HIGH,ensemble_rf,0.027863619849085808,0.15237818658351898,False,0.24231682694357334,,,False,ok,
2025-01-01T00:02:39,sensor_0,Normal,HIGH,ensemble_rf,0.02856755070388317,0.15237818658351898,False,0.2882791817699868,,,False,ok,
2025-01-01T00:02:42,sensor_0,Normal,HIGH,ensemble_rf,0.030799036845564842,0.15237818658351898,False,0.28558924227152865,,,False,ok,
2025-01-01T00:02:45,sensor_0,Normal,HIGH,ensemble_rf,0.026630157604813576,0.15237818658351898,False,0.2672822106483585,,,False,ok,
2025-01-01T00:02:48,sensor_0,Normal,HIGH,ensemble_rf,0.02430799975991249,0.15237818658351898,False,0.2946164940956736,,,False,ok,
2025-01-01T00:02:51,sensor_0,Normal,HIGH,ensemble_rf,0.026405159384012222,0.15237818658351898,False,0.3097224154282541,,,False,ok,
2025-01-01T00:02:54,sensor_0,Normal,HIGH,ensemble_rf,0.02549167536199093,0.15237818658351898,False,0.2707152780634849,,,False,ok,
2025-01-01T00:02:57,sensor_0,Normal,HIGH,ensemble_rf,0.0269185658544302,0.15237818658351898,False,0.2875988121857727,,,False,ok,
2025-01-01T00:03:00,sensor_0,Normal,HIGH,ensemble_rf,0.025364568457007408,0.15237818658351898,False,0.2766287764903874,,,False,ok,
2025-01-01T00:03:03,sensor_0,Normal,HIGH,ensemble_rf,0.026242347434163094,0.15237818658351898,False,0.27717986635340275,,,False,ok,
2025-01-01T00:03:06,sensor_0,Normal,HIGH,ensemble_rf,0.02781287580728531,0.15237818658351898,False,0.3009502894734075,,,False,ok,
2025-01-01T00:03:09,sensor_0,Normal,HIGH,ensemble_rf,0.030522746965289116,0.15237818658351898,False,0.33670688869751575,,,False,ok,
2025-01-01T00:03:12,sensor_0,Normal,HIGH,ensemble_rf,0.02699987404048443,0.15237818658351898,False,0.3718647914649739,,,False,ok,
2025-01-01T00:03:15,sensor_0,Normal,HIGH,ensemble_rf,0.030301040038466454,0.15237818658351898,False,0.3754367278939876,,,False,ok,
2025-01-01T00:03:18,sensor_0,Normal,HIGH,ensemble_rf,0.029813064262270927,0.15237818658351898,False,0.3642473538239246,,,False,ok,
2025-01-01T00:03:21,sensor_0,Normal,HIGH,ensemble_rf,0.03256780654191971,0.15237818658351898,False,0.3486538257066076,,,False,ok,
2025-01-01T00:03:24,sensor_0,Normal,HIGH,ensemble_rf,0.024808412417769432,0.15237818658351898,False,0.3603612889063486,,,False,ok,
2025-01-01T00:03:27,sensor_0,Normal,HIGH,ensemble_rf,0.029927393421530724,0.15237818658351898,False,0.37532529080404653,,,False,ok,
2025-01-01T00:03:30,sensor_0,Normal,HIGH,ensemble_rf,0.03551413118839264,0.15237818658351898,False,0.3802098591140352,,,False,ok,
2025-01-01T00:03:33,sensor_0,Normal,HIGH,ensemble_rf,0.02953607775270939,0.15237818658351898,False,0.34696370330457144,,,False,ok,
2025-01-01T00:03:36,sensor_0,Normal,HIGH,ensemble_rf,0.02824297733604908,0.15237818658351898,False,0.2966339703914517,,,False,ok,
2025-01-01T00:03:39,sensor_0,Normal,HIGH,ensemble_rf,0.031107693910598755,0.15237818658351898,False,0.27410127612327706,,,False,ok,
2025-01-01T00:03:42,sensor_0,Normal,HIGH,ensemble_rf,0.02905268594622612,0.15237818658351898,False,0.21809473464651472,,,False,ok,
2025-01-01T00:03:45,sensor_0,Normal,HIGH,ensemble_rf,0.03052729368209839,0.15237818658351898,False,0.21429898161678818,,,False,ok,
2025-01-01T00:03:48,sensor_0,Normal,HIGH,ensemble_rf,0.027527865022420883,0.15237818658351898,False,0.22368030631842623,,,False,ok,
2025-01-01T00:03:51,sensor_0,Normal,HIGH,ensemble_rf,0.027250174432992935,0.15237818658351898,False,0.18242559465045274,,,False,ok,
2025-01-01T00:03:54,sensor_0,Normal,HIGH,ensemble_rf,0.027776988223195076,0.15237818658351898,False,0.24587267633098472,,,False,ok,
2025-01-01T00:03:57,sensor_0,Normal,HIGH,ensemble_rf,0.03096177615225315,0.15237818658351898,False,0.2197922882475672,,,False,ok,
2025-01-01T00:04:00,sensor_0,Normal,HIGH,ensemble_rf,0.031022505834698677,0.15237818658351898,False,0.27020079911688244,,,False,ok,
2025-01-01T00:04:03,sensor_0,Normal,HIGH,ensemble_rf,0.028351783752441406,0.15237818658351898,False,0.2745815250493915,,,False,ok,
2025-01-01T00:04:06,sensor_0,Normal,HIGH,ensemble_rf,0.026590636000037193,0.15237818658351898,False,0.27681488894501355,,,False,ok,
2025-01-01T00:04:09,sensor_0,Normal,HIGH,ensemble_rf,0.02710992656648159,0.15237818658351898,False,0.23809393383123714,,,False,ok,
2025-01-01T00:04:12,sensor_0,Normal,HIGH,ensemble_rf,0.02626682259142399,0.15237818658351898,False,0.23798884474150842,,,False,ok,
2025-01-01T00:04:15,sensor_0,Normal,HIGH,ensemble_rf,0.02708180993795395,0.15237818658351898,False,0.2502389700785652,,,False,ok,
2025-01-01T00:04:18,sensor_0,Normal,HIGH,ensemble_rf,0.02610781602561474,0.15237818658351898,False,0.24131139947730826,,,False,ok,
2025-01-01T00:04:21,sensor_0,Normal,HIGH,ensemble_rf,0.02674027346074581,0.15237818658351898,False,0.24198029757665734,,,False,ok,
2025-01-01T00:04:24,sensor_0,Normal,HIGH,ensemble_rf,0.029267514124512672,0.15237818658351898,False,0.24169480852861078,,,False,ok,
2025-01-01T00:04:27,sensor_0,Normal,HIGH,ensemble_rf,0.027542268857359886,0.15237818658351898,False,0.2839429015468837,,,False,ok,
2025-01-01T00:04:30,sensor_0,Normal,HIGH,ensemble_rf,0.030455857515335083,0.15237818658351898,False,0.2619136707800498,,,False,ok,
2025-01-01T00:04:33,sensor_0,Normal,HIGH,ensemble_rf,0.028894931077957153,0.15237818658351898,False,0.24593167318267023,,,False,ok,
2025-01-01T00:04:36,sensor_0,Normal,HIGH,ensemble_rf,0.02262847311794758,0.15237818658351898,False,0.19537727079949746,,,False,ok,
2025-01-01T00:04:39,sensor_0,Normal,HIGH,ensemble_rf,0.022971652448177338,0.15237818658351898,False,0.2391885533690297,,,False,ok,
2025-01-01T00:04:42,sensor_0,Normal,HIGH,ensemble_rf,0.023381780833005905,0.15237818658351898,False,0.21830679732197653,,,False,ok,
2025-01-01T00:04:45,sensor_0,Normal,HIGH,ensemble_rf,0.022246964275836945,0.15237818658351898,False,0.22237973450608312,,,False,ok,
2025-01-01T00:04:48,sensor_0,Normal,HIGH,ensemble_rf,0.025783002376556396,0.15237818658351898,False,0.23916984741673208,,,False,ok,
2025-01-01T00:04:51,sensor_0,Normal,HIGH,ensemble_rf,0.026647379621863365,0.15237818658351898,False,0.25475168225144096,,,False,ok,
2025-01-01T00:04:54,sensor_0,Normal,HIGH,ensemble_rf,0.03132185339927673,0.15237818658351898,False,0.2420522243294816,,,False,ok,
2025-01-01T00:04:57,sensor_0,Normal,HIGH,ensemble_rf,0.02290756069123745,0.15237818658351898,False,0.3362875812590616,,,False,ok,
2025-01-01T00:05:00,sensor_0,Normal,HIGH,ensemble_rf,0.02326679602265358,0.15237818658351898,False,0.33688095964500425,,,False,ok,
2025-01-01T00:05:03,sensor_0,Normal,HIGH,ensemble_rf,0.020736150443553925,0.15237818658351898,False,0.306813161804743,,,False,ok,
2025-01-01T00:05:06,sensor_0,Normal,HIGH,ensemble_rf,0.020725857466459274,0.15237818658351898,False,0.25812488172269776,,,False,ok,
2025-01-01T00:05:09,sensor_0,Normal,HIGH,ensemble_rf,0.022674424573779106,0.15237818658351898,False,0.30161534217913405,,,False,ok,
2025-01-01T00:05:12,sensor_0,Normal,HIGH,ensemble_rf,0.02346058003604412,0.15237818658351898,False,0.28657187922805744,,,False,ok,
2025-01-01T00:05:15,sensor_0,Normal,HIGH,ensemble_rf,0.023779798299074173,0.15237818658351898,False,0.32031286995533154,,,False,ok,
2025-01-01T00:05:18,sensor_0,Normal,HIGH,ensemble_rf,0.024467622861266136,0.15237818658351898,False,0.26881218159083137,,,False,ok,
2025-01-01T00:05:21,sensor_0,Normal,HIGH,ensemble_rf,0.027697864919900894,0.15237818658351898,False,0.27159768926806416,,,False,ok,
2025-01-01T00:05:24,sensor_0,Normal,HIGH,ensemble_rf,0.027104759588837624,0.15237818658351898,False,0.2809308068019508,,,False,ok,
2025-01-01T00:05:27,sensor_0,Normal,HIGH,ensemble_rf,0.026301328092813492,0.15237818658351898,False,0.2585127339631684,,,False,ok,
2025-01-01T00:05:30,sensor_0,Normal,HIGH,ensemble_rf,0.027780262753367424,0.15237818658351898,False,0.2789377815599156,,,False,ok,
2025-01-01T00:05:33,sensor_0,Normal,HIGH,ensemble_rf,0.025840701535344124,0.15237818658351898,False,0.29927497078991644,,,False,ok,
2025-01-01T00:05:36,sensor_0,Normal,HIGH,ensemble_rf,0.02758321911096573,0.15237818658351898,False,0.2504795992636807,,,False,ok,
2025-01-01T00:05:39,sensor_0,Normal,HIGH,ensemble_rf,0.030073530972003937,0.15237818658351898,False,0.27326823479227313,,,False,ok,
2025-01-01T00:05:42,sensor_0,Normal,HIGH,ensemble_rf,0.03047027252614498,0.15237818658351898,False,0.2496113161838566,,,False,ok,
2025-01-01T00:05:45,sensor_0,Normal,HIGH,ensemble_rf,0.030009297654032707,0.15237818658351898,False,0.21417189580979876,,,False,ok,
2025-01-01T00:05:48,sensor_0,Normal,HIGH,ensemble_rf,0.030038416385650635,0.15237818658351898,False,0.24065826618463798,,,False,ok,
2025-01-01T00:05:51,sensor_0,Normal,HIGH,ensemble_rf,0.03328515589237213,0.15237818658351898,False,0.2090926296812754,,,False,ok,
2025-01-01T00:05:54,sensor_0,Normal,HIGH,ensemble_rf,0.03480680286884308,0.15237818658351898,False,0.20630680712209795,,,False,ok,
2025-01-01T00:05:57,sensor_0,Normal,HIGH,ensemble_rf,0.03553526848554611,0.15237818658351898,False,0.1969052721610164,,,False,ok,
2025-01-01T00:06:00,sensor_0,Normal,HIGH,ensemble_rf,0.03628171235322952,0.15237818658351898,False,0.1959150959061266,,,False,ok,
2025-01-01T00:06:03,sensor_0,Normal,HIGH,ensemble_rf,0.03491189703345299,0.15237818658351898,False,0.2247060137284284,,,False,ok,
2025-01-01T00:06:06,sensor_0,Normal,HIGH,ensemble_rf,0.03857880085706711,0.15237818658351898,False,0.19390734540526847,,,False,ok,
2025-01-01T00:06:09,sensor_0,Normal,HIGH,ensemble_rf,0.03815921023488045,0.15237818658351898,False,0.21876704044849504,,,False,ok,
2025-01-01T00:06:12,sensor_0,Normal,HIGH,ensemble_rf,0.03774416819214821,0.15237818658351898,False,0.23084642938211378,,,False,ok,
2025-01-01T00:06:15,sensor_0,Normal,HIGH,ensemble_rf,0.03910756856203079,0.15237818658351898,False,0.24412299125052955,,,False,ok,
2025-01-01T00:06:18,sensor_0,Normal,HIGH,ensemble_rf,0.038202427327632904,0.15237818658351898,False,0.3214222335945475,,,False,ok,
2025-01-01T00:06:21,sensor_0,Normal,HIGH,ensemble_rf,0.04018764942884445,0.15237818658351898,False,0.29899851025720864,,,False,ok,
2025-01-01T00:06:24,sensor_0,Normal,HIGH,ensemble_rf,0.039190758019685745,0.15237818658351898,False,0.32632331002171255,,,False,ok,
2025-01-01T00:06:27,sensor_0,Normal,HIGH,ensemble_rf,0.03671300783753395,0.15237818658351898,False,0.3093251014473816,,,False,ok,
2025-01-01T00:06:30,sensor_0,Normal,HIGH,ensemble_rf,0.03831721097230911,0.15237818658351898,False,0.36214312429762807,,,False,ok,
2025-01-01T00:06:33,sensor_0,Normal,HIGH,ensemble_rf,0.04009218513965607,0.15237818658351898,False,0.36544668416752846,,,False,ok,
2025-01-01T00:06:36,sensor_0,Normal,HIGH,ensemble_rf,0.040561873465776443,0.15237818658351898,False,0.35656412800359466,,,False,ok,
2025-01-01T00:06:39,sensor_0,Normal,HIGH,ensemble_rf,0.036362066864967346,0.15237818658351898,False,0.30105384860579765,,,False,ok,
2025-01-01T00:06:42,sensor_0,Normal,HIGH,ensemble_rf,0.03484482318162918,0.15237818658351898,False,0.27489835340710406,,,False,ok,
2025-01-01T00:06:45,sensor_0,Normal,HIGH,ensemble_rf,0.03246253728866577,0.15237818658351898,False,0.3081333673069244,,,False,ok,
2025-01-01T00:06:48,sensor_0,Normal,HIGH,ensemble_rf,0.03747033327817917,0.15237818658351898,False,0.34875791029619235,,,False,ok,
2025-01-01T00:06:51,sensor_0,Normal,HIGH,ensemble_rf,0.03991537541151047,0.15237818658351898,False,0.30923420186219114,,,False,ok,
2025-01-01T00:06:54,sensor_0,Normal,HIGH,ensemble_rf,0.031553514301776886,0.15237818658351898,False,0.3127395603372124,,,False,ok,
2025-01-01T00:06:57,sensor_0,Normal,HIGH,ensemble_rf,0.033548954874277115,0.15237818658351898,False,0.3007161821475822,,,False,ok,
2025-01-01T00:07:00,sensor_0,Normal,HIGH,ensemble_rf,0.03466421738266945,0.15237818658351898,False,0.3374459268013812,,,False,ok,
2025-01-01T00:07:03,sensor_0,Normal,HIGH,ensemble_rf,0.03857209533452988,0.15237818658351898,False,0.3072789608995159,,,False,ok,
2025-01-01T00:07:06,sensor_0,Normal,HIGH,ensemble_rf,0.03449827432632446,0.15237818658351898,False,0.2978742624742675,,,False,ok,
2025-01-01T00:07:09,sensor_0,Normal,HIGH,ensemble_rf,0.03471456840634346,0.15237818658351898,False,0.36111064293440187,,,False,ok,
2025-01-01T00:07:12,sensor_0,Normal,HIGH,ensemble_rf,0.032534293830394745,0.15237818658351898,False,0.36092494249756985,,,False,ok,
2025-01-01T00:07:15,sensor_0,Normal,HIGH,ensemble_rf,0.03071584179997444,0.15237818658351898,False,0.3733982836725385,,,False,ok,
2025-01-01T00:07:18,sensor_0,Normal,HIGH,ensemble_rf,0.03146796673536301,0.15237818658351898,False,0.35872232087430417,,,False,ok,
2025-01-01T00:07:21,sensor_0,Normal,HIGH,ensemble_rf,0.030083686113357544,0.15237818658351898,False,0.34739542820711494,,,False,ok,
2025-01-01T00:07:24,sensor_0,Normal,HIGH,ensemble_rf,0.029127931222319603,0.15237818658351898,False,0.3496957544567836,,,False,ok,
2025-01-01T00:07:27,sensor_0,Normal,HIGH,ensemble_rf,0.02910017967224121,0.15237818658351898,False,0.37138437098837085,,,False,ok,
2025-01-01T00:07:30,sensor_0,Normal,HIGH,ensemble_rf,0.030127104371786118,0.15237818658351898,False,0.3159797131656562,,,False,ok,
2025-01-01T00:07:33,sensor_0,Normal,HIGH,ensemble_rf,0.03404945880174637,0.15237818658351898,False,0.2832742874430574,,,False,ok,
2025-01-01T00:07:36,sensor_0,Normal,HIGH,ensemble_rf,0.028145378455519676,0.15237818658351898,False,0.2833980866822143,,,False,ok,
2025-01-01T00:07:39,sensor_0,Normal,HIGH,ensemble_rf,0.027375390753149986,0.15237818658351898,False,0.2906231052727061,,,False,ok,
2025-01-01T00:07:42,sensor_0,Normal,HIGH,ensemble_rf,0.032387860119342804,0.15237818658351898,False,0.30968105549255914,,,False,ok,
2025-01-01T00:07:45,sensor_0,Normal,HIGH,ensemble_rf,0.035762887448072433,0.15237818658351898,False,0.3214117721948167,,,False,ok,
2025-01-01T00:07:48,sensor_0,Normal,HIGH,ensemble_rf,0.028957601636648178,0.15237818658351898,False,0.30181195935564825,,,False,ok,
2025-01-01T00:07:51,sensor_0,Normal,HIGH,ensemble_rf,0.02578279934823513,0.15237818658351898,False,0.3456403953884406,,,False,ok,
2025-01-01T00:07:54,sensor_0,Normal,HIGH,ensemble_rf,0.02558119408786297,0.15237818658351898,False,0.33202525837621527,,,False,ok,
2025-01-01T00:07:57,sensor_0,Normal,HIGH,ensemble_rf,0.02838592603802681,0.15237818658351898,False,0.2809568129019394,,,False,ok,
2025-01-01T00:08:00,sensor_0,Normal,HIGH,ensemble_rf,0.0277315191924572,0.15237818658351898,False,0.26504952281124056,,,False,ok,
2025-01-01T00:08:03,sensor_0,Normal,HIGH,ensemble_rf,0.028055066242814064,0.15237818658351898,False,0.2538293826149559,,,False,ok,
2025-01-01T00:08:06,sensor_0,Normal,HIGH,ensemble_rf,0.028725795447826385,0.15237818658351898,False,0.255624095035518,,,False,ok,
2025-01-01T00:08:09,sensor_0,Normal,HIGH,ensemble_rf,0.02941424399614334,0.15237818658351898,False,0.24404152561864498,,,False,ok,
2025-01-01T00:08:12,sensor_0,Normal,HIGH,ensemble_rf,0.032884709537029266,0.15237818658351898,False,0.23398397688554357,,,False,ok,
2025-01-01T00:08:15,sensor_0,Normal,HIGH,ensemble_rf,0.03593772277235985,0.15237818658351898,False,0.22918784565032257,,,False,ok,
2025-01-01T00:08:18,sensor_0,Normal,HIGH,ensemble_rf,0.029171545058488846,0.15237818658351898,False,0.2136457396534276,,,False,ok,
2025-01-01T00:08:21,sensor_0,Normal,HIGH,ensemble_rf,0.030932219699025154,0.15237818658351898,False,0.22595500098192017,,,False,ok,
2025-01-01T00:08:24,sensor_0,Normal,HIGH,ensemble_rf,0.0338950976729393,0.15237818658351898,False,0.23917291155044043,,,False,ok,
2025-01-01T00:08:27,sensor_0,Normal,HIGH,ensemble_rf,0.035619571805000305,0.15237818658351898,False,0.2376438888835883,,,False,ok,
2025-01-01T00:08:30,sensor_0,Normal,HIGH,ensemble_rf,0.03008647821843624,0.15237818658351898,False,0.22335651645492563,,,False,ok,
2025-01-01T00:08:33,sensor_0,Normal,HIGH,ensemble_rf,0.028699267655611038,0.15237818658351898,False,0.23714862169626275,,,False,ok,
2025-01-01T00:08:36,sensor_0,Normal,HIGH,ensemble_rf,0.02774948440492153,0.15237818658351898,False,0.24674617484899972,,,False,ok,
2025-01-01T00:08:39,sensor_0,Normal,HIGH,ensemble_rf,0.028137588873505592,0.15237818658351898,False,0.2683335293637982,,,False,ok,
2025-01-01T00:08:42,sensor_0,Normal,HIGH,ensemble_rf,0.028673332184553146,0.15237818658351898,False,0.2694244746626583,,,False,ok,
2025-01-01T00:08:45,sensor_0,Normal,HIGH,ensemble_rf,0.030329938977956772,0.15237818658351898,False,0.29719912780904456,,,False,ok,
2025-01-01T00:08:48,sensor_0,Normal,HIGH,ensemble_rf,0.033204346895217896,0.15237818658351898,False,0.26693807865666663,,,False,ok,
2025-01-01T00:08:51,sensor_0,Normal,HIGH,ensemble_rf,0.03296124190092087,0.15237818658351898,False,0.26151155647550955,,,False,ok,
2025-01-01T00:08:54,sensor_0,Normal,HIGH,ensemble_rf,0.029701966792345047,0.15237818658351898,False,0.2524510801929886,,,False,ok,
2025-01-01T00:08:57,sensor_0,Normal,HIGH,ensemble_rf,0.028642933815717697,0.15237818658351898,False,0.26648027019321363,,,False,ok,
2025-01-01T00:09:00,sensor_0,Normal,HIGH,ensemble_rf,0.030373603105545044,0.15237818658351898,False,0.3038239413178056,,,False,ok,
2025-01-01T00:09:03,sensor_0,Normal,HIGH,ensemble_rf,0.027211716398596764,0.15237818658351898,False,0.3607424812735187,,,False,ok,
2025-01-01T00:09:06,sensor_0,Normal,HIGH,ensemble_rf,0.028791360557079315,0.15237818658351898,False,0.34886821677963836,,,False,ok,
2025-01-01T00:09:09,sensor_0,Normal,HIGH,ensemble_rf,0.0281986091285944,0.15237818658351898,False,0.3126218667699512,,,False,ok,
2025-01-01T00:09:12,sensor_0,Normal,HIGH,ensemble_rf,0.02458134852349758,0.15237818658351898,False,0.3314140380190476,,,False,ok,
2025-01-01T00:09:15,sensor_0,Normal,HIGH,ensemble_rf,0.028692318126559258,0.15237818658351898,False,0.29119125902561416,,,False,ok,
2025-01-01T00:09:18,sensor_0,Normal,HIGH,ensemble_rf,0.02862069383263588,0.15237818658351898,False,0.2646853199941104,,,False,ok,
2025-01-01T00:09:21,sensor_0,Normal,HIGH,ensemble_rf,0.02983684092760086,0.15237818658351898,False,0.2656535316993706,,,False,ok,
2025-01-01T00:09:24,sensor_0,Normal,HIGH,ensemble_rf,0.031027669087052345,0.15237818658351898,False,0.2655852266379344,,,False,ok,
2025-01-01T00:09:27,sensor_0,Normal,HIGH,ensemble_rf,0.029590047895908356,0.15237818658351898,False,0.24889565012835674,,,False,ok,
2025-01-01T00:09:30,sensor_0,Normal,HIGH,ensemble_rf,0.028480904176831245,0.15237818658351898,False,0.27478401871345287,,,False,ok,
2025-01-01T00:09:33,sensor_0,Normal,HIGH,ensemble_rf,0.026073746383190155,0.15237818658351898,False,0.2511819913304795,,,False,ok,
2025-01-01T00:09:36,sensor_0,Normal,HIGH,ensemble_rf,0.024874787777662277,0.15237818658351898,False,0.19614211855102076,,,False,ok,
2025-01-01T00:09:39,sensor_0,Normal,HIGH,ensemble_rf,0.02860666997730732,0.15237818658351898,False,0.23093426181159493,,,False,ok,
2025-01-01T00:09:42,sensor_0,Normal,HIGH,ensemble_rf,0.03133977949619293,0.15237818658351898,False,0.22371091057584883,,,False,ok,
2025-01-01T00:09:45,sensor_0,Normal,HIGH,ensemble_rf,0.02738036774098873,0.15237818658351898,False,0.2309287146840064,,,False,ok,
2025-01-01T00:09:48,sensor_0,Normal,HIGH,ensemble_rf,0.030425528064370155,0.15237818658351898,False,0.2542546616426589,,,False,ok,
2025-01-01T00:09:51,sensor_0,Normal,HIGH,ensemble_rf,0.03137842193245888,0.15237818658351898,False,0.2896799471321948,,,False,ok,
2025-01-01T00:09:54,sensor_0,Normal,HIGH,ensemble_rf,0.028793590143322945,0.15237818658351898,False,0.2147442460280599,,,False,ok,
2025-01-01T00:09:57,sensor_0,Normal,HIGH,ensemble_rf,0.02870810590684414,0.15237818658351898,False,0.2058130480384479,,,False,ok,
2025-01-01T00:10:00,sensor_0,Drift Attack,HIGH,ensemble_rf,0.03540922701358795,0.15237818658351898,False,0.13826405461679836,,,False,ok,
2025-01-01T00:10:03,sensor_0,Drift Attack,HIGH,ensemble_rf,0.04029851406812668,0.15237818658351898,False,0.15469249695463572,,,False,ok,
2025-01-01T00:10:06,sensor_0,Drift Attack,HIGH,ensemble_rf,0.042264945805072784,0.15237818658351898,False,0.1479170012421453,,,False,ok,
2025-01-01T00:10:09,sensor_0,Drift Attack,HIGH,ensemble_rf,0.04594499245285988,0.15237818658351898,False,0.2382854466416575,,,False,ok,
2025-01-01T00:10:12,sensor_0,Drift Attack,HIGH,ensemble_rf,0.05121249705553055,0.15237818658351898,False,0.28986109103604146,,,False,ok,
2025-01-01T00:10:15,sensor_0,Drift Attack,HIGH,ensemble_rf,0.057118963450193405,0.15237818658351898,False,0.26105723625088384,,,False,ok,
2025-01-01T00:10:18,sensor_0,Drift Attack,HIGH,ensemble_rf,0.05478161573410034,0.15237818658351898,False,0.2757154774850456,,,False,ok,
2025-01-01T00:10:21,sensor_0,Drift Attack,HIGH,ensemble_rf,0.05636788159608841,0.15237818658351898,False,0.29916098301615146,,,False,ok,
2025-01-01T00:10:24,sensor_0,Drift Attack,HIGH,ensemble_rf,0.0636041983962059,0.15237818658351898,False,0.32697814792703855,,,False,ok,
2025-01-01T00:10:27,sensor_0,Drift Attack,HIGH,ensemble_rf,0.07097431272268295,0.15237818658351898,False,0.373223042162987,,,False,ok,
2025-01-01T00:10:30,sensor_0,Drift Attack,HIGH,ensemble_rf,0.07505592703819275,0.15237818658351898,False,0.40607239607932627,,,False,ok,
2025-01-01T00:10:33,sensor_0,Drift Attack,HIGH,ensemble_rf,0.07875370234251022,0.15237818658351898,False,0.38319555565861596,,,False,ok,
2025-01-01T00:10:36,sensor_0,Drift Attack,HIGH,ensemble_rf,0.08054543286561966,0.15237818658351898,False,0.4226542462914744,,,False,ok,
2025-01-01T00:10:39,sensor_0,Drift Attack,HIGH,ensemble_rf,0.085642009973526,0.15237818658351898,False,0.46110626633079893,,,False,ok,
2025-01-01T00:10:42,sensor_0,Drift Attack,HIGH,ensemble_rf,0.09211866557598114,0.15237818658351898,False,0.4302017765290736,,,False,ok,
2025-01-01T00:10:45,sensor_0,Drift Attack,HIGH,ensemble_rf,0.09323443472385406,0.15237818658351898,False,0.3995545333358906,,,False,ok,
2025-01-01T00:10:48,sensor_0,Drift Attack,HIGH,ensemble_rf,0.10248338431119919,0.15237818658351898,False,0.38784197055179614,,,False,ok,
2025-01-01T00:10:51,sensor_0,Drift Attack,HIGH,ensemble_rf,0.110421322286129,0.15237818658351898,False,0.4053068568805422,,,False,ok,
2025-01-01T00:10:54,sensor_0,Drift Attack,HIGH,ensemble_rf,0.1183810755610466,0.15237818658351898,False,0.3791280605578374,,,False,ok,
2025-01-01T00:10:57,sensor_0,Drift Attack,HIGH,ensemble_rf,0.12099730223417282,0.15237818658351898,False,0.3662443192924213,,,False,ok,
2025-01-01T00:11:00,sensor_0,Drift Attack,HIGH,ensemble_rf,0.12645506858825684,0.15237818658351898,False,0.36753133401379656,,,False,ok,
2025-01-01T00:11:03,sensor_0,Drift Attack,HIGH,ensemble_rf,0.13728031516075134,0.15237818658351898,False,0.3362386436466707,,,False,ok,
2025-01-01T00:11:06,sensor_0,Drift Attack,HIGH,ensemble_rf,0.14668437838554382,0.15237818658351898,False,0.3039563137837337,,,False,ok,
2025-01-01T00:11:09,sensor_0,Drift Attack,HIGH,rule_engine,0.14945732057094574,0.15237818658351898,False,0.3027310754695652,,,False,ok,
2025-01-01T00:11:12,sensor_0,Drift Attack,HIGH,rule_engine,0.15464027225971222,0.15237818658351898,False,0.3106020053310697,,,True,ok,
2025-01-01T00:11:15,sensor_0,Drift Attack,HIGH,rule_engine,0.1627180278301239,0.15237818658351898,False,0.3556734791995657,,,True,ok,
2025-01-01T00:11:18,sensor_0,Drift Attack,HIGH,rule_engine,0.1658117026090622,0.15237818658351898,False,0.3556599875022416,,,True,ok,
2025-01-01T00:11:21,sensor_0,Drift Attack,HIGH,rule_engine,0.16902953386306763,0.15237818658351898,False,0.37475226887601276,,,True,ok,
2025-01-01T00:11:24,sensor_0,Drift Attack,HIGH,rule_engine,0.1785193383693695,0.15237818658351898,False,0.35767860720994604,,,True,ok,
2025-01-01T00:11:27,sensor_0,Drift Attack,HIGH,rule_engine,0.18924900889396667,0.15237818658351898,False,0.37291822591464563,,,True,ok,
2025-01-01T00:11:30,sensor_0,Drift Attack,HIGH,rule_engine,0.1933213323354721,0.15237818658351898,False,0.36679266840274805,,,True,ok,
2025-01-01T00:11:33,sensor_0,Drift Attack,HIGH,rule_engine,0.19164586067199707,0.15237818658351898,False,0.3761859789047093,,,True,ok,
2025-01-01T00:11:36,sensor_0,Drift Attack,HIGH,rule_engine,0.20287516713142395,0.15237818658351898,False,0.3467505912179272,,,True,ok,
2025-01-01T00:11:39,sensor_0,Drift Attack,HIGH,rule_engine,0.2066221684217453,0.15237818658351898,False,0.3133548149865195,,,True,ok,
2025-01-01T00:11:42,sensor_0,Drift Attack,HIGH,rule_engine,0.2083948701620102,0.15237818658351898,False,0.32186546763746193,,,True,ok,
2025-01-01T00:11:45,sensor_0,Drift Attack,HIGH,rule_engine,0.205259308218956,0.15237818658351898,False,0.30402305523053386,,,True,ok,
2025-01-01T00:11:48,sensor_0,Drift Attack,HIGH,rule_engine,0.21792833507061005,0.15237818658351898,False,0.2964527621901652,,,True,ok,
2025-01-01T00:11:51,sensor_0,Drift Attack,HIGH,rule_engine,0.2315085530281067,0.15237818658351898,False,0.2967696285847366,,,True,ok,
2025-01-01T00:11:54,sensor_0,Drift Attack,HIGH,rule_engine,0.22839045524597168,0.15237818658351898,False,0.2842871972544742,,,True,ok,
2025-01-01T00:11:57,sensor_0,Drift Attack,HIGH,rule_engine,0.2243347316980362,0.15237818658351898,False,0.27308768649409026,,,True,ok,
2025-01-01T00:12:00,sensor_0,Drift Attack,HIGH,rule_engine,0.22283701598644257,0.15237818658351898,False,0.2531801824446637,,,True,ok,
2025-01-01T00:12:03,sensor_0,Drift Attack,HIGH,rule_engine,0.2286907583475113,0.15237818658351898,False,0.3237214171172501,,,True,ok,
2025-01-01T00:12:06,sensor_0,Drift Attack,HIGH,rule_engine,0.2333483099937439,0.15237818658351898,False,0.29845381964779444,,,True,ok,
2025-01-01T00:12:09,sensor_0,Drift Attack,HIGH,rule_engine,0.2339935302734375,0.15237818658351898,False,0.3152498404203961,,,True,ok,
2025-01-01T00:12:12,sensor_0,Drift Attack,HIGH,rule_engine,0.2435643970966339,0.15237818658351898,False,0.31973588415205034,,,True,ok,
2025-01-01T00:12:15,sensor_0,Drift Attack,HIGH,rule_engine,0.24779701232910156,0.15237818658351898,False,0.30822850027368515,,,True,ok,
2025-01-01T00:12:18,sensor_0,Drift Attack,HIGH,rule_engine,0.24287766218185425,0.15237818658351898,False,0.35554867120322065,,,True,ok,
2025-01-01T00:12:21,sensor_0,Drift Attack,HIGH,rule_engine,0.24667701125144958,0.15237818658351898,False,0.3000092962818584,,,True,ok,
2025-01-01T00:12:24,sensor_0,Drift Attack,HIGH,rule_engine,0.24147231876850128,0.15237818658351898,False,0.28259017247868873,,,True,ok,
2025-01-01T00:12:27,sensor_0,Drift Attack,HIGH,rule_engine,0.2380172312259674,0.15237818658351898,False,0.2942759533568965,,,True,ok,
2025-01-01T00:12:30,sensor_0,Drift Attack,HIGH,rule_engine,0.2401835024356842,0.15237818658351898,False,0.35001301044987543,,,True,ok,
2025-01-01T00:12:33,sensor_0,Drift Attack,HIGH,rule_engine,0.24267366528511047,0.15237818658351898,False,0.3861297177808185,,,True,ok,
2025-01-01T00:12:36,sensor_0,Drift Attack,HIGH,rule_engine,0.24720054864883423,0.15237818658351898,False,0.3182997073964359,,,True,ok,
2025-01-01T00:12:39,sensor_0,Drift Attack,HIGH,rule_engine,0.2458374947309494,0.15237818658351898,False,0.319277805799015,,,True,ok,
2025-01-01T00:12:42,sensor_0,Drift Attack,HIGH,rule_engine,0.24102239310741425,0.15237818658351898,False,0.3277940800415154,,,True,ok,
2025-01-01T00:12:45,sensor_0,Drift Attack,HIGH,rule_engine,0.2440555989742279,0.15237818658351898,False,0.38644230645836486,,,True,ok,
2025-01-01T00:12:48,sensor_0,Drift Attack,HIGH,rule_engine,0.24421773850917816,0.15237818658351898,False,0.3704165404245975,,,True,ok,
2025-01-01T00:12:51,sensor_0,Drift Attack,HIGH,rule_engine,0.24948154389858246,0.15237818658351898,False,0.38363237281134166,,,True,ok,
2025-01-01T00:12:54,sensor_0,Drift Attack,HIGH,rule_engine,0.24991010129451752,0.15237818658351898,False,0.3760910065747416,,,True,ok,
2025-01-01T00:12:57,sensor_0,Injection Attack,HIGH,rule_engine,0.24874886870384216,0.15237818658351898,False,0.21633789943944734,,,True,ok,
2025-01-01T00:13:00,sensor_0,Drift Attack,HIGH,rule_engine,0.2472480982542038,0.15237818658351898,False,0.21022413097146356,,,True,ok,
2025-01-01T00:13:03,sensor_0,Drift Attack,HIGH,rule_engine,0.24410364031791687,0.15237818658351898,False,0.22496619175506255,,,True,ok,
2025-01-01T00:13:06,sensor_0,Drift Attack,HIGH,rule_engine,0.23893104493618011,0.15237818658351898,False,0.21238320752050222,,,True,ok,
2025-01-01T00:13:09,sensor_0,Injection Attack,HIGH,rule_engine,0.23796986043453217,0.15237818658351898,False,0.25620156532840194,,,True,ok,
2025-01-01T00:13:12,sensor_0,Injection Attack,HIGH,rule_engine,0.24607567489147186,0.15237818658351898,False,0.2854952808009058,,,True,ok,
2025-01-01T00:13:15,sensor_0,Injection Attack,HIGH,rule_engine,0.24634477496147156,0.15237818658351898,False,0.3012515751700276,,,True,ok,
2025-01-01T00:13:18,sensor_0,Drift Attack,HIGH,rule_engine,0.2447671741247177,0.15237818658351898,False,0.28392058954993693,,,True,ok,
2025-01-01T00:13:21,sensor_0,Drift Attack,HIGH,rule_engine,0.24395433068275452,0.15237818658351898,False,0.2961508350699677,,,True,ok,
2025-01-01T00:13:24,sensor_0,Drift Attack,HIGH,rule_engine,0.24119673669338226,0.15237818658351898,False,0.2781072351591275,,,True,ok,
2025-01-01T00:13:27,sensor_0,Injection Attack,HIGH,rule_engine,0.24920038878917694,0.15237818658351898,False,0.2983462597309935,,,True,ok,
2025-01-01T00:13:30,sensor_0,Drift Attack,HIGH,rule_engine,0.2500479817390442,0.15237818658351898,False,0.2895686318135511,,,True,ok,
2025-01-01T00:13:33,sensor_0,Drift Attack,HIGH,rule_engine,0.2494920939207077,0.15237818658351898,False,0.2830939194180723,,,True,ok,
2025-01-01T00:13:36,sensor_0,Injection Attack,HIGH,rule_engine,0.2538425028324127,0.15237818658351898,False,0.31203308971901134,,,True,ok,
2025-01-01T00:13:39,sensor_0,Injection Attack,HIGH,rule_engine,0.24902132153511047,0.15237818658351898,False,0.3112165730819133,,,True,ok,
2025-01-01T00:13:42,sensor_0,Injection Attack,HIGH,rule_engine,0.241230770945549,0.15237818658351898,False,0.30877903726164246,,,True,ok,
2025-01-01T00:13:45,sensor_0,Injection Attack,HIGH,rule_engine,0.2474098950624466,0.15237818658351898,False,0.23257104817351507,,,True,ok,
2025-01-01T00:13:48,sensor_0,Injection Attack,HIGH,rule_engine,0.24866612255573273,0.15237818658351898,False,0.2367600665060678,,,True,ok,
2025-01-01T00:13:51,sensor_0,Injection Attack,HIGH,rule_engine,0.25024232268333435,0.15237818658351898,False,0.253326081209166,,,True,ok,
2025-01-01T00:13:54,sensor_0,Injection Attack,HIGH,rule_engine,0.24776320159435272,0.15237818658351898,False,0.24089944002118666,,,True,ok,
2025-01-01T00:13:57,sensor_0,Injection Attack,HIGH,rule_engine,0.25606152415275574,0.15237818658351898,False,0.244470902830761,,,True,ok,
2025-01-01T00:14:00,sensor_0,Injection Attack,HIGH,rule_engine,0.2564326822757721,0.15237818658351898,False,0.24549758603666705,,,True,ok,
2025-01-01T00:14:03,sensor_0,Injection Attack,HIGH,rule_engine,0.2565675675868988,0.15237818658351898,False,0.2705381770612518,,,True,ok,
2025-01-01T00:14:06,sensor_0,Injection Attack,HIGH,rule_engine,0.259628564119339,0.15237818658351898,False,0.261095483523677,,,True,ok,
2025-01-01T00:14:09,sensor_0,Injection Attack,HIGH,rule_engine,0.25859564542770386,0.15237818658351898,False,0.2665886671061227,,,True,ok,
2025-01-01T00:14:12,sensor_0,Injection Attack,HIGH,rule_engine,0.2539004981517792,0.15237818658351898,False,0.27908061842397985,,,True,ok,
2025-01-01T00:14:15,sensor_0,Injection Attack,HIGH,rule_engine,0.25817781686782837,0.15237818658351898,False,0.30153476724300704,,,True,ok,
2025-01-01T00:14:18,sensor_0,Injection Attack,HIGH,rule_engine,0.26681533455848694,0.15237818658351898,False,0.3189691999905635,,,True,ok,
2025-01-01T00:14:21,sensor_0,Injection Attack,HIGH,rule_engine,0.2657760679721832,0.15237818658351898,False,0.29118219092937286,,,True,ok,
2025-01-01T00:14:24,sensor_0,Injection Attack,HIGH,rule_engine,0.26014524698257446,0.15237818658351898,False,0.3110231696212814,,,True,ok,
2025-01-01T00:14:27,sensor_0,Injection Attack,HIGH,rule_engine,0.257891982793808,0.15237818658351898,False,0.31877107961717427,,,True,ok,
2025-01-01T00:14:30,sensor_0,Injection Attack,HIGH,rule_engine,0.26011499762535095,0.15237818658351898,False,0.28246838788085166,,,True,ok,
2025-01-01T00:14:33,sensor_0,Injection Attack,HIGH,rule_engine,0.2659141719341278,0.15237818658351898,False,0.36685835991106036,,,True,ok,
2025-01-01T00:14:36,sensor_0,Injection Attack,HIGH,rule_engine,0.2633902132511139,0.15237818658351898,False,0.3740281492560702,,,True,ok,
2025-01-01T00:14:39,sensor_0,Injection Attack,HIGH,rule_engine,0.27130982279777527,0.15237818658351898,False,0.29710653538121173,,,True,ok,
2025-01-01T00:14:42,sensor_0,Injection Attack,HIGH,rule_engine,0.2698904573917389,0.15237818658351898,False,0.3013576701339408,,,True,ok,
2025-01-01T00:14:45,sensor_0,Injection Attack,HIGH,rule_engine,0.2655791640281677,0.15237818658351898,False,0.3708536774697182,,,True,ok,
2025-01-01T00:14:48,sensor_0,Injection Attack,HIGH,rule_engine,0.2721079885959625,0.15237818658351898,False,0.37046267208048816,,,True,ok,
2025-01-01T00:14:51,sensor_0,Injection Attack,HIGH,rule_engine,0.2722814381122589,0.15237818658351898,False,0.37063713634134043,,,True,ok,
2025-01-01T00:14:54,sensor_0,Injection Attack,HIGH,rule_engine,0.2725142538547516,0.15237818658351898,False,0.3697549466223487,,,True,ok,
2025-01-01T00:14:57,sensor_0,Injection Attack,HIGH,rule_engine,0.27276721596717834,0.15237818658351898,False,0.3658674516590936,,,True,ok,
2025-01-01T00:15:00,sensor_0,Noise Attack,HIGH,rule_engine,0.2677658498287201,0.15237818658351898,False,0.24442159550026893,,,True,ok,
2025-01-01T00:15:03,sensor_0,Noise Attack,HIGH,rule_engine,0.261478066444397,0.15237818658351898,False,0.31894236184751695,,,True,ok,
2025-01-01T00:15:06,sensor_0,Noise Attack,HIGH,rule_engine,0.2516056001186371,0.15237818658351898,False,0.25079108041625225,,,True,ok,
2025-01-01T00:15:09,sensor_0,Noise Attack,HIGH,rule_engine,0.2482791393995285,0.15237818658351898,False,0.2679426530368176,,,True,ok,
2025-01-01T00:15:12,sensor_0,Noise Attack,HIGH,rule_engine,0.2532035708427429,0.15237818658351898,False,0.19012382551171456,,,True,ok,
2025-01-01T00:15:15,sensor_0,Noise Attack,HIGH,rule_engine,0.24770337343215942,0.15237818658351898,False,0.14711604522662294,,,True,ok,
2025-01-01T00:15:18,sensor_0,Noise Attack,HIGH,rule_engine,0.24178250133991241,0.15237818658351898,False,0.2050987459826532,,,True,ok,
2025-01-01T00:15:21,sensor_0,Injection Attack,HIGH,rule_engine,0.23584821820259094,0.15237818658351898,False,0.1513008828469109,,,True,ok,
2025-01-01T00:15:24,sensor_0,Injection Attack,HIGH,rule_engine,0.23401504755020142,0.15237818658351898,False,0.2133373887249089,,,True,ok,
2025-01-01T00:15:27,sensor_0,Injection Attack,HIGH,rule_engine,0.22659876942634583,0.15237818658351898,False,0.16077267071618395,,,True,ok,
2025-01-01T00:15:30,sensor_0,Injection Attack,HIGH,rule_engine,0.22067108750343323,0.15237818658351898,False,0.17631038548725014,,,True,ok,
2025-01-01T00:15:33,sensor_0,Injection Attack,HIGH,rule_engine,0.21644307672977448,0.15237818658351898,False,0.173315761513124,,,True,ok,
2025-01-01T00:15:36,sensor_0,Injection Attack,HIGH,rule_engine,0.20954085886478424,0.15237818658351898,False,0.16825106074197832,,,True,ok,
2025-01-01T00:15:39,sensor_0,Injection Attack,HIGH,rule_engine,0.20609916746616364,0.15237818658351898,False,0.16866003577770178,,,True,ok,
2025-01-01T00:15:42,sensor_0,Injection Attack,HIGH,rule_engine,0.20193473994731903,0.15237818658351898,False,0.19475225260842927,,,True,ok,
2025-01-01T00:15:45,sensor_0,Injection Attack,HIGH,rule_engine,0.19613106548786163,0.15237818658351898,False,0.24289904215708516,,,True,ok,
2025-01-01T00:15:48,sensor_0,Injection Attack,HIGH,rule_engine,0.19210858643054962,0.15237818658351898,False,0.23779263697715244,,,True,ok,
2025-01-01T00:15:51,sensor_0,Injection Attack,HIGH,rule_engine,0.1900382936000824,0.15237818658351898,False,0.17361245472285763,,,True,ok,
2025-01-01T00:15:54,sensor_0,Injection Attack,HIGH,rule_engine,0.18485818803310394,0.15237818658351898,False,0.177567820927112,,,True,ok,
2025-01-01T00:15:57,sensor_0,Injection Attack,HIGH,rule_engine,0.18490050733089447,0.15237818658351898,False,0.2053561389230553,,,True,ok,
2025-01-01T00:16:00,sensor_0,Injection Attack,HIGH,rule_engine,0.18073828518390656,0.15237818658351898,False,0.17024923158767952,,,True,ok,
2025-01-01T00:16:03,sensor_0,Injection Attack,HIGH,rule_engine,0.1767701655626297,0.15237818658351898,False,0.18163541959330334,,,True,ok,
2025-01-01T00:16:06,sensor_0,Injection Attack,HIGH,rule_engine,0.17455749213695526,0.15237818658351898,False,0.335634952000809,,,True,ok,
2025-01-01T00:16:09,sensor_0,Injection Attack,HIGH,rule_engine,0.16928067803382874,0.15237818658351898,False,0.32408519670548336,,,True,ok,
2025-01-01T00:16:12,sensor_0,Injection Attack,HIGH,rule_engine,0.16455021500587463,0.15237818658351898,False,0.29385288036890217,,,True,ok,
2025-01-01T00:16:15,sensor_0,Injection Attack,HIGH,rule_engine,0.15681110322475433,0.15237818658351898,False,0.3183646060647052,,,True,ok,
2025-01-01T00:16:18,sensor_0,Injection Attack,HIGH,rule_engine,0.1564670354127884,0.15237818658351898,False,0.3148299376494701,,,True,ok,
2025-01-01T00:16:21,sensor_0,Injection Attack,HIGH,rule_engine,0.15375667810440063,0.15237818658351898,False,0.3238844532662354,,,True,ok,
2025-01-01T00:16:24,sensor_0,Injection Attack,HIGH,rule_engine,0.14684560894966125,0.15237818658351898,False,0.30334029822007436,,,False,ok,
2025-01-01T00:16:27,sensor_0,Replay Attack,HIGH,ensemble_rf,0.12852172553539276,0.15237818658351898,False,0.32326054660698395,,,False,ok,
2025-01-01T00:16:30,sensor_0,Replay Attack,HIGH,ensemble_rf,0.13092032074928284,0.15237818658351898,False,0.3259709310903496,,,False,ok,
2025-01-01T00:16:33,sensor_0,Injection Attack,HIGH,rule_engine,0.14078384637832642,0.15237818658351898,False,0.32250602633882264,,,False,ok,
2025-01-01T00:16:36,sensor_0,Injection Attack,HIGH,rule_engine,0.1467709094285965,0.15237818658351898,False,0.3013818170453708,,,False,ok,
2025-01-01T00:16:39,sensor_0,Injection Attack,HIGH,rule_engine,0.15105780959129333,0.15237818658351898,False,0.35676248453741183,,,False,ok,
2025-01-01T00:16:42,sensor_0,Injection Attack,HIGH,rule_engine,0.1514546126127243,0.15237818658351898,False,0.3519430717093836,,,False,ok,
2025-01-01T00:16:45,sensor_0,Injection Attack,HIGH,rule_engine,0.15474197268486023,0.15237818658351898,False,0.3439749652606427,,,True,ok,
2025-01-01T00:16:48,sensor_0,Injection Attack,HIGH,rule_engine,0.16080977022647858,0.15237818658351898,False,0.29786236637443186,,,True,ok,
2025-01-01T00:16:51,sensor_0,Injection Attack,HIGH,rule_engine,0.17034050822257996,0.15237818658351898,False,0.3022252499078343,,,True,ok,
2025-01-01T00:16:54,sensor_0,Injection Attack,HIGH,rule_engine,0.17056842148303986,0.15237818658351898,False,0.3184980848869462,,,True,ok,
2025-01-01T00:16:57,sensor_0,Injection Attack,HIGH,rule_engine,0.17530511319637299,0.15237818658351898,False,0.30997475864550383,,,True,ok,
2025-01-01T00:17:00,sensor_0,Injection Attack,HIGH,rule_engine,0.18624980747699738,0.15237818658351898,False,0.3547877419378058,,,True,ok,
2025-01-01T00:17:03,sensor_0,Injection Attack,HIGH,rule_engine,0.1912185400724411,0.15237818658351898,False,0.35091050899695136,,,True,ok,
2025-01-01T00:17:06,sensor_0,Injection Attack,HIGH,rule_engine,0.19640587270259857,0.15237818658351898,False,0.36293634320782886,,,True,ok,
2025-01-01T00:17:09,sensor_0,Injection Attack,HIGH,rule_engine,0.1998661905527115,0.15237818658351898,False,0.36254686530349045,,,True,ok,
2025-01-01T00:17:12,sensor_0,Injection Attack,HIGH,rule_engine,0.2005200833082199,0.15237818658351898,False,0.36423998933313845,,,True,ok,
2025-01-01T00:17:15,sensor_0,Injection Attack,HIGH,rule_engine,0.20931784808635712,0.15237818658351898,False,0.320647540237433,,,True,ok,
2025-01-01T00:17:18,sensor_0,Injection Attack,HIGH,rule_engine,0.21178603172302246,0.15237818658351898,False,0.2894892378944032,,,True,ok,
2025-01-01T00:17:21,sensor_0,Injection Attack,HIGH,rule_engine,0.21665094792842865,0.15237818658351898,False,0.2531013055240539,,,True,ok,
2025-01-01T00:17:24,sensor_0,Injection Attack,HIGH,rule_engine,0.2219363898038864,0.15237818658351898,False,0.25334240280069603,,,True,ok,
2025-01-01T00:17:27,sensor_0,Injection Attack,HIGH,rule_engine,0.22671528160572052,0.15237818658351898,False,0.24800973159695217,,,True,ok,
2025-01-01T00:17:30,sensor_0,Injection Attack,HIGH,rule_engine,0.2277909368276596,0.15237818658351898,False,0.2485749427062866,,,True,ok,
2025-01-01T00:17:33,sensor_0,Injection Attack,HIGH,rule_engine,0.22723253071308136,0.15237818658351898,False,0.23140047514713571,,,True,ok,
2025-01-01T00:17:36,sensor_0,Injection Attack,HIGH,rule_engine,0.2182943969964981,0.15237818658351898,False,0.22407902341235664,,,True,ok,
2025-01-01T00:17:39,sensor_0,Injection Attack,HIGH,rule_engine,0.21663150191307068,0.15237818658351898,False,0.20970799365582196,,,True,ok,
2025-01-01T00:17:42,sensor_0,Injection Attack,HIGH,rule_engine,0.22117239236831665,0.15237818658351898,False,0.24250774307353423,,,True,ok,
2025-01-01T00:17:45,sensor_0,Injection Attack,HIGH,rule_engine,0.2237379103899002,0.15237818658351898,False,0.21658427905119818,,,True,ok,
2025-01-01T00:17:48,sensor_0,Injection Attack,HIGH,rule_engine,0.21587425470352173,0.15237818658351898,False,0.22371984495431582,,,True,ok,
2025-01-01T00:17:51,sensor_0,Injection Attack,HIGH,rule_engine,0.20642565190792084,0.15237818658351898,False,0.13943287308484978,,,True,ok,
2025-01-01T00:17:54,sensor_0,Injection Attack,HIGH,rule_engine,0.2069506198167801,0.15237818658351898,False,0.1818128210586751,,,True,ok,
2025-01-01T00:17:57,sensor_0,Injection Attack,HIGH,rule_engine,0.20993539690971375,0.15237818658351898,False,0.13937012508060123,,,True,ok,
2025-01-01T00:18:00,sensor_0,Injection Attack,HIGH,rule_engine,0.21824245154857635,0.15237818658351898,False,0.1643185000341271,,,True,ok,
2025-01-01T00:18:03,sensor_0,Injection Attack,HIGH,rule_engine,0.21528874337673187,0.15237818658351898,False,0.16153921562329468,,,True,ok,
2025-01-01T00:18:06,sensor_0,Injection Attack,HIGH,rule_engine,0.2123415321111679,0.15237818658351898,False,0.255032398013237,,,True,ok,
2025-01-01T00:18:09,sensor_0,Injection Attack,HIGH,rule_engine,0.20670165121555328,0.15237818658351898,False,0.17193124838641835,,,True,ok,
2025-01-01T00:18:12,sensor_0,Injection Attack,HIGH,rule_engine,0.20285256206989288,0.15237818658351898,False,0.15272776755667655,,,True,ok,
2025-01-01T00:18:15,sensor_0,Injection Attack,HIGH,rule_engine,0.19520854949951172,0.15237818658351898,False,0.13880823274875057,,,True,ok,
2025-01-01T00:18:18,sensor_0,Injection Attack,HIGH,rule_engine,0.18821443617343903,0.15237818658351898,False,0.13740550121154885,,,True,ok,
2025-01-01T00:18:21,sensor_0,Injection Attack,HIGH,rule_engine,0.18229131400585175,0.15237818658351898,False,0.14888328225365122,,,True,ok,
2025-01-01T00:18:24,sensor_0,Injection Attack,HIGH,rule_engine,0.17312364280223846,0.15237818658351898,False,0.17440235949810845,,,True,ok,
2025-01-01T00:18:27,sensor_0,Injection Attack,HIGH,rule_engine,0.16989387571811676,0.15237818658351898,False,0.15345668160810433,,,True,ok,
2025-01-01T00:18:30,sensor_0,Injection Attack,HIGH,rule_engine,0.16121159493923187,0.15237818658351898,False,0.16196629473798918,,,True,ok,
2025-01-01T00:18:33,sensor_0,Injection Attack,HIGH,rule_engine,0.15711604058742523,0.15237818658351898,False,0.1427111444793931,,,True,ok,
2025-01-01T00:18:36,sensor_0,Injection Attack,HIGH,rule_engine,0.15306918323040009,0.15237818658351898,False,0.18170403849382202,,,True,ok,
2025-01-01T00:18:39,sensor_0,Injection Attack,HIGH,rule_engine,0.14517904818058014,0.15237818658351898,False,0.2035940984601148,,,False,ok,
2025-01-01T00:18:42,sensor_0,Injection Attack,HIGH,rule_engine,0.14154300093650818,0.15237818658351898,False,0.18134139404760144,,,False,ok,
2025-01-01T00:18:45,sensor_0,Injection Attack,HIGH,rule_engine,0.13822636008262634,0.15237818658351898,False,0.18796969371911498,,,False,ok,
2025-01-01T00:18:48,sensor_0,Injection Attack,HIGH,rule_engine,0.1354849934577942,0.15237818658351898,False,0.2050436115407741,,,False,ok,
2025-01-01T00:18:51,sensor_0,Injection Attack,HIGH,rule_engine,0.13048943877220154,0.15237818658351898,False,0.2445726634305826,,,False,ok,
2025-01-01T00:18:54,sensor_0,Injection Attack,HIGH,rule_engine,0.12719354033470154,0.15237818658351898,False,0.2159963704394166,,,False,ok,
2025-01-01T00:18:57,sensor_0,Replay Attack,HIGH,ensemble_rf,0.1144871860742569,0.15237818658351898,False,0.26320778447684967,,,False,ok,
2025-01-01T00:19:00,sensor_0,Replay Attack,HIGH,ensemble_rf,0.11389851570129395,0.15237818658351898,False,0.28174212154362976,,,False,ok,
2025-01-01T00:19:03,sensor_0,Normal,MEDIUM,ensemble_rf,0.11313990503549576,0.15237818658351898,False,0.2926646552079557,,,False,ok,
2025-01-01T00:19:06,sensor_0,Normal,HIGH,ensemble_rf,0.10349152982234955,0.15237818658351898,False,0.3154052730441296,,,False,ok,
2025-01-01T00:19:09,sensor_0,Normal,HIGH,ensemble_rf,0.11297041922807693,0.15237818658351898,False,0.33647060885802044,,,False,ok,
2025-01-01T00:19:12,sensor_0,Normal,HIGH,ensemble_rf,0.10700257867574692,0.15237818658351898,False,0.3034218725761692,,,False,ok,
2025-01-01T00:19:15,sensor_0,Normal,HIGH,ensemble_rf,0.10483670234680176,0.15237818658351898,False,0.30579549752988483,,,False,ok,
2025-01-01T00:19:18,sensor_0,Normal,HIGH,ensemble_rf,0.10606976598501205,0.15237818658351898,False,0.271551843096594,,,False,ok,
2025-01-01T00:19:21,sensor_0,Normal,HIGH,ensemble_rf,0.10943548381328583,0.15237818658351898,False,0.2765450374469075,,,False,ok,
2025-01-01T00:19:24,sensor_0,Normal,HIGH,ensemble_rf,0.1023474931716919,0.15237818658351898,False,0.27761901907343056,,,False,ok,
2025-01-01T00:19:27,sensor_0,Normal,HIGH,ensemble_rf,0.10484909266233444,0.15237818658351898,False,0.2644539853584318,,,False,ok,
2025-01-01T00:19:30,sensor_0,Normal,HIGH,ensemble_rf,0.10153193026781082,0.15237818658351898,False,0.27228976206628125,,,False,ok,
2025-01-01T00:19:33,sensor_0,Normal,HIGH,ensemble_rf,0.09187158942222595,0.15237818658351898,False,0.2564933568835082,,,False,ok,
2025-01-01T00:19:36,sensor_0,Normal,HIGH,ensemble_rf,0.08468671888113022,0.15237818658351898,False,0.28636064033621744,,,False,ok,
2025-01-01T00:19:39,sensor_0,Normal,HIGH,ensemble_rf,0.08661980926990509,0.15237818658351898,False,0.3112007399699137,,,False,ok,
2025-01-01T00:19:42,sensor_0,Normal,HIGH,ensemble_rf,0.0769161507487297,0.15237818658351898,False,0.36046707999560246,,,False,ok,
2025-01-01T00:19:45,sensor_0,Normal,HIGH,ensemble_rf,0.07580124586820602,0.15237818658351898,False,0.3377688603429608,,,False,ok,
2025-01-01T00:19:48,sensor_0,Normal,HIGH,ensemble_rf,0.07346522063016891,0.15237818658351898,False,0.3171504984784012,,,False,ok,
2025-01-01T00:19:51,sensor_0,Normal,HIGH,ensemble_rf,0.07347699254751205,0.15237818658351898,False,0.37956004783935066,,,False,ok,
2025-01-01T00:19:54,sensor_0,Normal,HIGH,ensemble_rf,0.07440359145402908,0.15237818658351898,False,0.37488229895062575,,,False,ok,
2025-01-01T00:19:57,sensor_0,Normal,HIGH,ensemble_rf,0.06768355518579483,0.15237818658351898,False,0.2904210615193564,,,False,ok,
2025-01-01T00:20:00,sensor_0,Normal,HIGH,ensemble_rf,0.07019759714603424,0.15237818658351898,False,0.29502023897799295,,,False,ok,
2025-01-01T00:20:03,sensor_0,Normal,HIGH,ensemble_rf,0.05913643538951874,0.15237818658351898,False,0.24974333952496064,,,False,ok,
2025-01-01T00:20:06,sensor_0,Normal,HIGH,ensemble_rf,0.058502450585365295,0.15237818658351898,False,0.2624714117377981,,,False,ok,
2025-01-01T00:20:09,sensor_0,Normal,HIGH,ensemble_rf,0.06366541236639023,0.15237818658351898,False,0.26290217011164047,,,False,ok,
2025-01-01T00:20:12,sensor_0,Normal,HIGH,ensemble_rf,0.059366822242736816,0.15237818658351898,False,0.226845864990862,,,False,ok,
2025-01-01T00:20:15,sensor_0,Normal,HIGH,ensemble_rf,0.053307827562093735,0.15237818658351898,False,0.20675901107327896,,,False,ok,
2025-01-01T00:20:18,sensor_0,Normal,HIGH,ensemble_rf,0.0463862344622612,0.15237818658351898,False,0.25860650510089755,,,False,ok,
2025-01-01T00:20:21,sensor_0,Normal,HIGH,ensemble_rf,0.04991867020726204,0.15237818658351898,False,0.22737101584415645,,,False,ok,
2025-01-01T00:20:24,sensor_0,Normal,HIGH,ensemble_rf,0.036680351942777634,0.15237818658351898,False,0.2637026332943495,,,False,ok,
2025-01-01T00:20:27,sensor_0,Normal,HIGH,ensemble_rf,0.03260886296629906,0.15237818658351898,False,0.21481727631415082,,,False,ok,
2025-01-01T00:20:30,sensor_0,Normal,HIGH,ensemble_rf,0.03164679929614067,0.15237818658351898,False,0.2774222387593045,,,False,ok,
2025-01-01T00:20:33,sensor_0,Normal,HIGH,ensemble_rf,0.03380448371171951,0.15237818658351898,False,0.2702418371083982,,,False,ok,
2025-01-01T00:20:36,sensor_0,Normal,HIGH,ensemble_rf,0.0393856018781662,0.15237818658351898,False,0.29209913936874715,,,False,ok,
2025-01-01T00:20:39,sensor_0,Normal,HIGH,ensemble_rf,0.02833726443350315,0.15237818658351898,False,0.22921875900037667,,,False,ok,
2025-01-01T00:20:42,sensor_0,Normal,HIGH,ensemble_rf,0.02661334164440632,0.15237818658351898,False,0.259529963322202,,,False,ok,
2025-01-01T00:20:45,sensor_0,Normal,HIGH,ensemble_rf,0.027729805558919907,0.15237818658351898,False,0.2595135557644128,,,False,ok,
2025-01-01T00:20:48,sensor_0,Normal,HIGH,ensemble_rf,0.026169560849666595,0.15237818658351898,False,0.29961633496570106,,,False,ok,
2025-01-01T00:20:51,sensor_0,Normal,HIGH,ensemble_rf,0.027242077514529228,0.15237818658351898,False,0.27503729464878773,,,False,ok,
2025-01-01T00:20:54,sensor_0,Normal,HIGH,ensemble_rf,0.02590600773692131,0.15237818658351898,False,0.3296562578352798,,,False,ok,
2025-01-01T00:20:57,sensor_0,Normal,HIGH,ensemble_rf,0.027618976309895515,0.15237818658351898,False,0.34858003438498764,,,False,ok,
2025-01-01T00:21:00,sensor_0,Normal,HIGH,ensemble_rf,0.02871094085276127,0.15237818658351898,False,0.34307731792006196,,,False,ok,
2025-01-01T00:21:03,sensor_0,Normal,HIGH,ensemble_rf,0.026706282049417496,0.15237818658351898,False,0.32293126173127884,,,False,ok,
2025-01-01T00:21:06,sensor_0,Normal,HIGH,ensemble_rf,0.027703842148184776,0.15237818658351898,False,0.31031501625927754,,,False,ok,
2025-01-01T00:21:09,sensor_0,Normal,HIGH,ensemble_rf,0.02861279807984829,0.15237818658351898,False,0.28266697618991243,,,False,ok,
2025-01-01T00:21:12,sensor_0,Normal,HIGH,ensemble_rf,0.030672818422317505,0.15237818658351898,False,0.25156958499613846,,,False,ok,
2025-01-01T00:21:15,sensor_0,Normal,HIGH,ensemble_rf,0.036759473383426666,0.15237818658351898,False,0.2846883968038306,,,False,ok,
2025-01-01T00:21:18,sensor_0,Normal,HIGH,ensemble_rf,0.03858419507741928,0.15237818658351898,False,0.360687865392469,,,False,ok,
2025-01-01T00:21:21,sensor_0,Normal,HIGH,ensemble_rf,0.03480713814496994,0.15237818658351898,False,0.3436047945221345,,,False,ok,
2025-01-01T00:21:24,sensor_0,Normal,HIGH,ensemble_rf,0.03918854147195816,0.15237818658351898,False,0.3289073679858927,,,False,ok,
2025-01-01T00:21:27,sensor_0,Normal,HIGH,ensemble_rf,0.038387153297662735,0.15237818658351898,False,0.33041517203700316,,,False,ok,
2025-01-01T00:21:30,sensor_0,Normal,HIGH,ensemble_rf,0.03670634329319,0.15237818658351898,False,0.3051111548038616,,,False,ok,
2025-01-01T00:21:33,sensor_0,Normal,HIGH,ensemble_rf,0.03724249452352524,0.15237818658351898,False,0.30563432089532216,,,False,ok,
2025-01-01T00:21:36,sensor_0,Normal,HIGH,ensemble_rf,0.036525558680295944,0.15237818658351898,False,0.31105528892015755,,,False,ok,
2025-01-01T00:21:39,sensor_0,Normal,HIGH,ensemble_rf,0.036940012127161026,0.15237818658351898,False,0.3025205347873293,,,False,ok,
2025-01-01T00:21:42,sensor_0,Normal,HIGH,ensemble_rf,0.037324029952287674,0.15237818658351898,False,0.2855284808614399,,,False,ok,
2025-01-01T00:21:45,sensor_0,Normal,HIGH,ensemble_rf,0.03521393984556198,0.15237818658351898,False,0.2712393096940553,,,False,ok,
2025-01-01T00:21:48,sensor_0,Normal,HIGH,ensemble_rf,0.03554524853825569,0.15237818658351898,False,0.26109438390333134,,,False,ok,
2025-01-01T00:21:51,sensor_0,Normal,HIGH,ensemble_rf,0.0391683354973793,0.15237818658351898,False,0.27632636152674245,,,False,ok,
2025-01-01T00:21:54,sensor_0,Normal,HIGH,ensemble_rf,0.03863099589943886,0.15237818658351898,False,0.32499943632564465,,,False,ok,
2025-01-01T00:21:57,sensor_0,Normal,HIGH,ensemble_rf,0.03822369873523712,0.15237818658351898,False,0.3050707788397006,,,False,ok,
2025-01-01T00:22:00,sensor_0,Normal,HIGH,ensemble_rf,0.037433769553899765,0.15237818658351898,False,0.3083445698819394,,,False,ok,
2025-01-01T00:22:03,sensor_0,Normal,HIGH,ensemble_rf,0.03849804028868675,0.15237818658351898,False,0.28796691223745563,,,False,ok,
2025-01-01T00:22:06,sensor_0,Normal,HIGH,ensemble_rf,0.038471002131700516,0.15237818658351898,False,0.32576498577656077,,,False,ok,
2025-01-01T00:22:09,sensor_0,Normal,HIGH,ensemble_rf,0.03791020065546036,0.15237818658351898,False,0.3467587656300329,,,False,ok,
2025-01-01T00:22:12,sensor_0,Normal,HIGH,ensemble_rf,0.03800274804234505,0.15237818658351898,False,0.34834052237378293,,,False,ok,
2025-01-01T00:22:15,sensor_0,Normal,HIGH,ensemble_rf,0.03768491372466087,0.15237818658351898,False,0.3217203967238667,,,False,ok,
2025-01-01T00:22:18,sensor_0,Normal,HIGH,ensemble_rf,0.036356113851070404,0.15237818658351898,False,0.34325709317405595,,,False,ok,
2025-01-01T00:22:21,sensor_0,Normal,HIGH,ensemble_rf,0.03923475369811058,0.15237818658351898,False,0.2887375557347677,,,False,ok,
2025-01-01T00:22:24,sensor_0,Normal,HIGH,ensemble_rf,0.043063778430223465,0.15237818658351898,False,0.2805290804110113,,,False,ok,
2025-01-01T00:22:27,sensor_0,Normal,HIGH,ensemble_rf,0.03774607554078102,0.15237818658351898,False,0.2585376743990122,,,False,ok,
2025-01-01T00:22:30,sensor_0,Normal,HIGH,ensemble_rf,0.03629592806100845,0.15237818658351898,False,0.26547027392111994,,,False,ok,
2025-01-01T00:22:33,sensor_0,Normal,HIGH,ensemble_rf,0.03611098602414131,0.15237818658351898,False,0.2625783323019054,,,False,ok,
2025-01-01T00:22:36,sensor_0,Normal,HIGH,ensemble_rf,0.039564356207847595,0.15237818658351898,False,0.24245152410554716,,,False,ok,
2025-01-01T00:22:39,sensor_0,Normal,HIGH,ensemble_rf,0.030392201617360115,0.15237818658351898,False,0.3494095590227853,,,False,ok,
2025-01-01T00:22:42,sensor_0,Normal,HIGH,ensemble_rf,0.030214212834835052,0.15237818658351898,False,0.2591429024194665,,,False,ok,
2025-01-01T00:22:45,sensor_0,Normal,HIGH,ensemble_rf,0.028890857473015785,0.15237818658351898,False,0.27889240842692126,,,False,ok,
2025-01-01T00:22:48,sensor_0,Normal,HIGH,ensemble_rf,0.031122896820306778,0.15237818658351898,False,0.2987483617858147,,,False,ok,
2025-01-01T00:22:51,sensor_0,Normal,HIGH,ensemble_rf,0.032588694244623184,0.15237818658351898,False,0.30235688703946556,,,False,ok,
2025-01-01T00:22:54,sensor_0,Normal,HIGH,ensemble_rf,0.02574545331299305,0.15237818658351898,False,0.2727313397391886,,,False,ok,
2025-01-01T00:22:57,sensor_0,Normal,HIGH,ensemble_rf,0.023252086713910103,0.15237818658351898,False,0.2655754735596594,,,False,ok,
2025-01-01T00:23:00,sensor_0,Normal,HIGH,ensemble_rf,0.024560315534472466,0.15237818658351898,False,0.2957659599374858,,,False,ok,
2025-01-01T00:23:03,sensor_0,Normal,HIGH,ensemble_rf,0.026142513379454613,0.15237818658351898,False,0.29120998755761773,,,False,ok,
2025-01-01T00:23:06,sensor_0,Normal,HIGH,ensemble_rf,0.023097192868590355,0.15237818658351898,False,0.26165736859001604,,,False,ok,
2025-01-01T00:23:09,sensor_0,Normal,HIGH,ensemble_rf,0.023665081709623337,0.15237818658351898,False,0.25132609078044826,,,False,ok,
2025-01-01T00:23:12,sensor_0,Normal,HIGH,ensemble_rf,0.022593511268496513,0.15237818658351898,False,0.26065137151394124,,,False,ok,
2025-01-01T00:23:15,sensor_0,Normal,HIGH,ensemble_rf,0.025170287117362022,0.15237818658351898,False,0.21327978935701977,,,False,ok,
2025-01-01T00:23:18,sensor_0,Normal,HIGH,ensemble_rf,0.022861646488308907,0.15237818658351898,False,0.20656323430431917,,,False,ok,
2025-01-01T00:23:21,sensor_0,Normal,HIGH,ensemble_rf,0.027607660740613937,0.15237818658351898,False,0.23285857091317474,,,False,ok,
2025-01-01T00:23:24,sensor_0,Normal,HIGH,ensemble_rf,0.02628532238304615,0.15237818658351898,False,0.22012933914464697,,,False,ok,
2025-01-01T00:23:27,sensor_0,Normal,HIGH,ensemble_rf,0.02153933234512806,0.15237818658351898,False,0.23688804120885948,,,False,ok,
2025-01-01T00:23:30,sensor_0,Normal,HIGH,ensemble_rf,0.02500935271382332,0.15237818658351898,False,0.24238869565608814,,,False,ok,
2025-01-01T00:23:33,sensor_0,Normal,HIGH,ensemble_rf,0.024555005133152008,0.15237818658351898,False,0.2060695330454652,,,False,ok,
2025-01-01T00:23:36,sensor_0,Normal,HIGH,ensemble_rf,0.026014823466539383,0.15237818658351898,False,0.29932857284833203,,,False,ok,
2025-01-01T00:23:39,sensor_0,Normal,HIGH,ensemble_rf,0.025158386677503586,0.15237818658351898,False,0.3159518298265227,,,False,ok,
2025-01-01T00:23:42,sensor_0,Normal,HIGH,ensemble_rf,0.024921657517552376,0.15237818658351898,False,0.34433776890035955,,,False,ok,
2025-01-01T00:23:45,sensor_0,Normal,HIGH,ensemble_rf,0.025454368442296982,0.15237818658351898,False,0.3627813006382982,,,False,ok,
2025-01-01T00:23:48,sensor_0,Normal,HIGH,ensemble_rf,0.027692344039678574,0.15237818658351898,False,0.3320154800908458,,,False,ok,
2025-01-01T00:23:51,sensor_0,Normal,HIGH,ensemble_rf,0.028431953862309456,0.15237818658351898,False,0.32249564791974394,,,False,ok,
2025-01-01T00:23:54,sensor_0,Normal,HIGH,ensemble_rf,0.02683950401842594,0.15237818658351898,False,0.30663101272438464,,,False,ok,
2025-01-01T00:23:57,sensor_0,Normal,HIGH,ensemble_rf,0.028762226924300194,0.15237818658351898,False,0.3233339289559452,,,False,ok,
2025-01-01T00:24:00,sensor_0,Normal,HIGH,ensemble_rf,0.02908112294971943,0.15237818658351898,False,0.3248884783802346,,,False,ok,
2025-01-01T00:24:03,sensor_0,Normal,HIGH,ensemble_rf,0.02911752462387085,0.15237818658351898,False,0.31543842186786,,,False,ok,
2025-01-01T00:24:06,sensor_0,Normal,HIGH,ensemble_rf,0.032989539206027985,0.15237818658351898,False,0.30746436514253545,,,False,ok,
2025-01-01T00:24:09,sensor_0,Normal,HIGH,ensemble_rf,0.03252628073096275,0.15237818658351898,False,0.25044931218501626,,,False,ok,
2025-01-01T00:24:12,sensor_0,Normal,HIGH,ensemble_rf,0.027272844687104225,0.15237818658351898,False,0.3114522932892608,,,False,ok,
2025-01-01T00:24:15,sensor_0,Normal,HIGH,ensemble_rf,0.028172574937343597,0.15237818658351898,False,0.2905433057774814,,,False,ok,
2025-01-01T00:24:18,sensor_0,Normal,HIGH,ensemble_rf,0.027669165283441544,0.15237818658351898,False,0.26375669960808457,,,False,ok,
2025-01-01T00:24:21,sensor_0,Normal,HIGH,ensemble_rf,0.0291653573513031,0.15237818658351898,False,0.31122706924440574,,,False,ok,
2025-01-01T00:24:24,sensor_0,Normal,HIGH,ensemble_rf,0.03178024664521217,0.15237818658351898,False,0.3300907636722542,,,False,ok,
2025-01-01T00:24:27,sensor_0,Normal,HIGH,ensemble_rf,0.03177517652511597,0.15237818658351898,False,0.3413537972671524,,,False,ok,
2025-01-01T00:24:30,sensor_0,Normal,HIGH,ensemble_rf,0.033377669751644135,0.15237818658351898,False,0.33604178316771044,,,False,ok,
2025-01-01T00:24:33,sensor_0,Normal,HIGH,ensemble_rf,0.03557930514216423,0.15237818658351898,False,0.33107104889646516,,,False,ok,
2025-01-01T00:24:36,sensor_0,Normal,HIGH,ensemble_rf,0.03519469499588013,0.15237818658351898,False,0.3739440637985919,,,False,ok,
2025-01-01T00:24:39,sensor_0,Normal,HIGH,ensemble_rf,0.036762580275535583,0.15237818658351898,False,0.3643366543163118,,,False,ok,
2025-01-01T00:24:42,sensor_0,Normal,HIGH,ensemble_rf,0.03722713142633438,0.15237818658351898,False,0.4262011353396407,,,False,ok,
2025-01-01T00:24:45,sensor_0,Normal,HIGH,ensemble_rf,0.03742102533578873,0.15237818658351898,False,0.43820070411530293,,,False,ok,
2025-01-01T00:24:48,sensor_0,Normal,HIGH,ensemble_rf,0.03920517489314079,0.15237818658351898,False,0.43279694125012824,,,False,ok,
2025-01-01T00:24:51,sensor_0,Normal,HIGH,ensemble_rf,0.044556133449077606,0.15237818658351898,False,0.3827001807087749,,,False,ok,
2025-01-01T00:24:54,sensor_0,Normal,HIGH,ensemble_rf,0.039904553443193436,0.15237818658351898,False,0.36413947816586256,,,False,ok,
2025-01-01T00:24:57,sensor_0,Normal,HIGH,ensemble_rf,0.04323918744921684,0.15237818658351898,False,0.3626794377706641,,,False,ok,
2025-01-01T00:25:00,sensor_0,Normal,HIGH,ensemble_rf,0.04403727129101753,0.15237818658351898,False,0.39359040936509027,,,False,ok,
2025-01-01T00:25:03,sensor_0,Normal,HIGH,ensemble_rf,0.044830143451690674,0.15237818658351898,False,0.36033894019054297,,,False,ok,
2025-01-01T00:25:06,sensor_0,Normal,HIGH,ensemble_rf,0.03898749500513077,0.15237818658351898,False,0.4110209349299306,,,False,ok,
2025-01-01T00:25:09,sensor_0,Normal,HIGH,ensemble_rf,0.04095451533794403,0.15237818658351898,False,0.36972069033766614,,,False,ok,
2025-01-01T00:25:12,sensor_0,Normal,HIGH,ensemble_rf,0.042986590415239334,0.15237818658351898,False,0.3347301528786373,,,False,ok,
2025-01-01T00:25:15,sensor_0,Normal,HIGH,ensemble_rf,0.0436779260635376,0.15237818658351898,False,0.32971402015721585,,,False,ok,
2025-01-01T00:25:18,sensor_0,Normal,HIGH,ensemble_rf,0.04510543867945671,0.15237818658351898,False,0.3178714369812847,,,False,ok,
2025-01-01T00:25:21,sensor_0,Normal,HIGH,ensemble_rf,0.04146141931414604,0.15237818658351898,False,0.3102466454708834,,,False,ok,
2025-01-01T00:25:24,sensor_0,Normal,HIGH,ensemble_rf,0.039886292070150375,0.15237818658351898,False,0.2879499224839278,,,False,ok,
2025-01-01T00:25:27,sensor_0,Normal,HIGH,ensemble_rf,0.040688514709472656,0.15237818658351898,False,0.3093881402051478,,,False,ok,
2025-01-01T00:25:30,sensor_0,Normal,HIGH,ensemble_rf,0.04204060137271881,0.15237818658351898,False,0.27832312278652066,,,False,ok,
2025-01-01T00:25:33,sensor_0,Normal,HIGH,ensemble_rf,0.04145248979330063,0.15237818658351898,False,0.3145935241352833,,,False,ok,
2025-01-01T00:25:36,sensor_0,Normal,HIGH,ensemble_rf,0.039835795760154724,0.15237818658351898,False,0.3156192424506192,,,False,ok,
2025-01-01T00:25:39,sensor_0,Normal,HIGH,ensemble_rf,0.03904234245419502,0.15237818658351898,False,0.3058709764507926,,,False,ok,
2025-01-01T00:25:42,sensor_0,Normal,HIGH,ensemble_rf,0.04152541980147362,0.15237818658351898,False,0.3501724303531812,,,False,ok,
2025-01-01T00:25:45,sensor_0,Normal,HIGH,ensemble_rf,0.04227994754910469,0.15237818658351898,False,0.3793125307030497,,,False,ok,
2025-01-01T00:25:48,sensor_0,Normal,HIGH,ensemble_rf,0.04840667545795441,0.15237818658351898,False,0.38854385053991275,,,False,ok,
2025-01-01T00:25:51,sensor_0,Normal,HIGH,ensemble_rf,0.04685389623045921,0.15237818658351898,False,0.309860569262955,,,False,ok,
2025-01-01T00:25:54,sensor_0,Normal,HIGH,ensemble_rf,0.043182071298360825,0.15237818658351898,False,0.27706039597379684,,,False,ok,
2025-01-01T00:25:57,sensor_0,Normal,HIGH,ensemble_rf,0.04017696529626846,0.15237818658351898,False,0.29676921724294986,,,False,ok,
2025-01-01T00:26:00,sensor_0,Normal,HIGH,ensemble_rf,0.0440288707613945,0.15237818658351898,False,0.25424608734860205,,,False,ok,
2025-01-01T00:26:03,sensor_0,Normal,HIGH,ensemble_rf,0.04471585899591446,0.15237818658351898,False,0.25269697993440493,,,False,ok,
2025-01-01T00:26:06,sensor_0,Normal,HIGH,ensemble_rf,0.04388218745589256,0.15237818658351898,False,0.24816406804688995,,,False,ok,
2025-01-01T00:26:09,sensor_0,Normal,HIGH,ensemble_rf,0.03975537791848183,0.15237818658351898,False,0.21809821859383413,,,False,ok,
2025-01-01T00:26:12,sensor_0,Normal,HIGH,ensemble_rf,0.042365092784166336,0.15237818658351898,False,0.2546675713096296,,,False,ok,
2025-01-01T00:26:15,sensor_0,Normal,HIGH,ensemble_rf,0.04291154444217682,0.15237818658351898,False,0.2225049602752666,,,False,ok,
2025-01-01T00:26:18,sensor_0,Normal,HIGH,ensemble_rf,0.04178309068083763,0.15237818658351898,False,0.23072002659970703,,,False,ok,
2025-01-01T00:26:21,sensor_0,Normal,HIGH,ensemble_rf,0.0358608141541481,0.15237818658351898,False,0.20827065617160068,,,False,ok,
2025-01-01T00:26:24,sensor_0,Normal,HIGH,ensemble_rf,0.03412504121661186,0.15237818658351898,False,0.21742473004940502,,,False,ok,
2025-01-01T00:26:27,sensor_0,Normal,HIGH,ensemble_rf,0.03503283113241196,0.15237818658351898,False,0.2267653854531867,,,False,ok,
2025-01-01T00:26:30,sensor_0,Normal,HIGH,ensemble_rf,0.033642709255218506,0.15237818658351898,False,0.1996464102570282,,,False,ok,
2025-01-01T00:26:33,sensor_0,Normal,HIGH,ensemble_rf,0.03739866986870766,0.15237818658351898,False,0.2520618363303706,,,False,ok,
2025-01-01T00:26:36,sensor_0,Normal,HIGH,ensemble_rf,0.033776283264160156,0.15237818658351898,False,0.26071039836368176,,,False,ok,
2025-01-01T00:26:39,sensor_0,Normal,HIGH,ensemble_rf,0.031156769022345543,0.15237818658351898,False,0.2270622980351835,,,False,ok,
2025-01-01T00:26:42,sensor_0,Normal,HIGH,ensemble_rf,0.03188718482851982,0.15237818658351898,False,0.25085637671018457,,,False,ok,
2025-01-01T00:26:45,sensor_0,Normal,HIGH,ensemble_rf,0.03324021399021149,0.15237818658351898,False,0.2536046326704059,,,False,ok,
2025-01-01T00:26:48,sensor_0,Normal,HIGH,ensemble_rf,0.03661922737956047,0.15237818658351898,False,0.24671039694814864,,,False,ok,
2025-01-01T00:26:51,sensor_0,Normal,HIGH,ensemble_rf,0.03594043105840683,0.15237818658351898,False,0.24373671376203307,,,False,ok,
2025-01-01T00:26:54,sensor_0,Normal,HIGH,ensemble_rf,0.033942051231861115,0.15237818658351898,False,0.2622005620224465,,,False,ok,
2025-01-01T00:26:57,sensor_0,Normal,HIGH,ensemble_rf,0.040726132690906525,0.15237818658351898,False,0.20842861818513603,,,False,ok,
2025-01-01T00:27:00,sensor_0,Normal,HIGH,ensemble_rf,0.0380948930978775,0.15237818658351898,False,0.21328386645488834,,,False,ok,
2025-01-01T00:27:03,sensor_0,Normal,HIGH,ensemble_rf,0.036010220646858215,0.15237818658351898,False,0.22387299075180098,,,False,ok,
2025-01-01T00:27:06,sensor_0,Normal,HIGH,ensemble_rf,0.037555720657110214,0.15237818658351898,False,0.20480372940196404,,,False,ok,
2025-01-01T00:27:09,sensor_0,Normal,HIGH,ensemble_rf,0.038559552282094955,0.15237818658351898,False,0.1973286969522679,,,False,ok,
2025-01-01T00:27:12,sensor_0,Normal,HIGH,ensemble_rf,0.04066606983542442,0.15237818658351898,False,0.20588225026300283,,,False,ok,
2025-01-01T00:27:15,sensor_0,Normal,HIGH,ensemble_rf,0.04145820066332817,0.15237818658351898,False,0.20542040114137705,,,False,ok,
2025-01-01T00:27:18,sensor_0,Normal,HIGH,ensemble_rf,0.03872162103652954,0.15237818658351898,False,0.2384835432196287,,,False,ok,
2025-01-01T00:27:21,sensor_0,Normal,HIGH,ensemble_rf,0.03896735608577728,0.15237818658351898,False,0.23499237291367625,,,False,ok,
2025-01-01T00:27:24,sensor_0,Normal,HIGH,ensemble_rf,0.03789835050702095,0.15237818658351898,False,0.24614555286768175,,,False,ok,
2025-01-01T00:27:27,sensor_0,Normal,HIGH,ensemble_rf,0.03746963292360306,0.15237818658351898,False,0.24288080359829356,,,False,ok,
2025-01-01T00:27:30,sensor_0,Normal,HIGH,ensemble_rf,0.035107824951410294,0.15237818658351898,False,0.22156071746422412,,,False,ok,
2025-01-01T00:27:33,sensor_0,Normal,HIGH,ensemble_rf,0.03692375496029854,0.15237818658351898,False,0.2331739542347516,,,False,ok,
2025-01-01T00:27:36,sensor_0,Normal,HIGH,ensemble_rf,0.041337668895721436,0.15237818658351898,False,0.2431891901314629,,,False,ok,
2025-01-01T00:27:39,sensor_0,Normal,HIGH,ensemble_rf,0.04161546751856804,0.15237818658351898,False,0.23055953791661876,,,False,ok,
2025-01-01T00:27:42,sensor_0,Normal,HIGH,ensemble_rf,0.03985004499554634,0.15237818658351898,False,0.2448478900627695,,,False,ok,
2025-01-01T00:27:45,sensor_0,Normal,HIGH,ensemble_rf,0.04020960256457329,0.15237818658351898,False,0.19876319899181846,,,False,ok,
2025-01-01T00:27:48,sensor_0,Normal,HIGH,ensemble_rf,0.041772887110710144,0.15237818658351898,False,0.19334954280772637,,,False,ok,
2025-01-01T00:27:51,sensor_0,Normal,HIGH,ensemble_rf,0.04109064117074013,0.15237818658351898,False,0.19793478343270582,,,False,ok,
2025-01-01T00:27:54,sensor_0,Normal,HIGH,ensemble_rf,0.04399867728352547,0.15237818658351898,False,0.21293086741397416,,,False,ok,
2025-01-01T00:27:57,sensor_0,Normal,HIGH,ensemble_rf,0.04283279553055763,0.15237818658351898,False,0.20790424105735766,,,False,ok,
2025-01-01T00:28:00,sensor_0,Normal,HIGH,ensemble_rf,0.04499252513051033,0.15237818658351898,False,0.2115888099149437,,,False,ok,
2025-01-01T00:28:03,sensor_0,Normal,HIGH,ensemble_rf,0.041745588183403015,0.15237818658351898,False,0.24544958970692157,,,False,ok,
2025-01-01T00:28:06,sensor_0,Normal,HIGH,ensemble_rf,0.04007070139050484,0.15237818658351898,False,0.2678673320104283,,,False,ok,
2025-01-01T00:28:09,sensor_0,Normal,HIGH,ensemble_rf,0.041972119361162186,0.15237818658351898,False,0.30666267557069393,,,False,ok,
2025-01-01T00:28:12,sensor_0,Normal,HIGH,ensemble_rf,0.039511118084192276,0.15237818658351898,False,0.2983631342720673,,,False,ok,
2025-01-01T00:28:15,sensor_0,Normal,HIGH,ensemble_rf,0.04424125701189041,0.15237818658351898,False,0.29671521594092226,,,False,ok,
2025-01-01T00:28:18,sensor_0,Normal,HIGH,ensemble_rf,0.04080507904291153,0.15237818658351898,False,0.2688624652053938,,,False,ok,
2025-01-01T00:28:21,sensor_0,Normal,HIGH,ensemble_rf,0.040643516927957535,0.15237818658351898,False,0.24502395145628394,,,False,ok,
2025-01-01T00:28:24,sensor_0,Normal,HIGH,ensemble_rf,0.04308316856622696,0.15237818658351898,False,0.2718723862723559,,,False,ok,
2025-01-01T00:28:27,sensor_0,Normal,HIGH,ensemble_rf,0.03705951198935509,0.15237818658351898,False,0.27642511265970976,,,False,ok,
2025-01-01T00:28:30,sensor_0,Normal,HIGH,ensemble_rf,0.04039817675948143,0.15237818658351898,False,0.25952632613098103,,,False,ok,
2025-01-01T00:28:33,sensor_0,Normal,HIGH,ensemble_rf,0.04116373136639595,0.15237818658351898,False,0.24983038596834742,,,False,ok,
2025-01-01T00:28:36,sensor_0,Normal,HIGH,ensemble_rf,0.03953216224908829,0.15237818658351898,False,0.2383430671349084,,,False,ok,
2025-01-01T00:28:39,sensor_0,Normal,HIGH,ensemble_rf,0.03507392480969429,0.15237818658351898,False,0.24504260547399484,,,False,ok,
2025-01-01T00:28:42,sensor_0,Normal,HIGH,ensemble_rf,0.03765004873275757,0.15237818658351898,False,0.2116072229428522,,,False,ok,
2025-01-01T00:28:45,sensor_0,Normal,HIGH,ensemble_rf,0.03335074707865715,0.15237818658351898,False,0.21619022254767592,,,False,ok,
2025-01-01T00:28:48,sensor_0,Normal,HIGH,ensemble_rf,0.031067566946148872,0.15237818658351898,False,0.2077199656934794,,,False,ok,
2025-01-01T00:28:51,sensor_0,Normal,HIGH,ensemble_rf,0.029246456921100616,0.15237818658351898,False,0.199461503125831,,,False,ok,
2025-01-01T00:28:54,sensor_0,Normal,HIGH,ensemble_rf,0.03098052181303501,0.15237818658351898,False,0.17960341300721866,,,False,ok,
2025-01-01T00:28:57,sensor_0,Normal,HIGH,ensemble_rf,0.03475688025355339,0.15237818658351898,False,0.23480498469434982,,,False,ok,
2025-01-01T00:29:00,sensor_0,Normal,HIGH,ensemble_rf,0.03818379342556,0.15237818658351898,False,0.22674915605654722,,,False,ok,
2025-01-01T00:29:03,sensor_0,Normal,HIGH,ensemble_rf,0.037095967680215836,0.15237818658351898,False,0.1879096824197036,,,False,ok,
2025-01-01T00:29:06,sensor_0,Normal,HIGH,ensemble_rf,0.031820498406887054,0.15237818658351898,False,0.1969561496935902,,,False,ok,
2025-01-01T00:29:09,sensor_0,Normal,HIGH,ensemble_rf,0.02940591424703598,0.15237818658351898,False,0.19571547742309714,,,False,ok,
2025-01-01T00:29:12,sensor_0,Normal,HIGH,ensemble_rf,0.02751648612320423,0.15237818658351898,False,0.18871701132631952,,,False,ok,
2025-01-01T00:29:15,sensor_0,Normal,HIGH,ensemble_rf,0.028721310198307037,0.15237818658351898,False,0.23685461131265081,,,False,ok,
2025-01-01T00:29:18,sensor_0,Normal,HIGH,ensemble_rf,0.0300728902220726,0.15237818658351898,False,0.2662442929434132,,,False,ok,
2025-01-01T00:29:21,sensor_0,Normal,HIGH,ensemble_rf,0.029389770701527596,0.15237818658351898,False,0.3014078163375173,,,False,ok,
2025-01-01T00:29:24,sensor_0,Normal,HIGH,ensemble_rf,0.031563859432935715,0.15237818658351898,False,0.2699051984719987,,,False,ok,
2025-01-01T00:29:27,sensor_0,Normal,HIGH,ensemble_rf,0.034356191754341125,0.15237818658351898,False,0.2845531057763266,,,False,ok,
2025-01-01T00:29:30,sensor_0,Normal,HIGH,ensemble_rf,0.03942568600177765,0.15237818658351898,False,0.26948176795880086,,,False,ok,
2025-01-01T00:29:33,sensor_0,Normal,HIGH,ensemble_rf,0.0365915410220623,0.15237818658351898,False,0.3262027785883041,,,False,ok,
2025-01-01T00:29:36,sensor_0,Normal,HIGH,ensemble_rf,0.036993786692619324,0.15237818658351898,False,0.3144726286955887,,,False,ok,
2025-01-01T00:29:39,sensor_0,Normal,HIGH,ensemble_rf,0.03366238996386528,0.15237818658351898,False,0.3063605183724958,,,False,ok,
2025-01-01T00:29:42,sensor_0,Normal,HIGH,ensemble_rf,0.03773291036486626,0.15237818658351898,False,0.27749453042558503,,,False,ok,
2025-01-01T00:29:45,sensor_0,Normal,HIGH,ensemble_rf,0.03544148430228233,0.15237818658351898,False,0.30190065162618396,,,False,ok,
2025-01-01T00:29:48,sensor_0,Normal,HIGH,ensemble_rf,0.03894614055752754,0.15237818658351898,False,0.31107050898772287,,,False,ok,
2025-01-01T00:29:51,sensor_0,Normal,HIGH,ensemble_rf,0.03534876927733421,0.15237818658351898,False,0.32417132590676734,,,False,ok,
2025-01-01T00:29:54,sensor_0,Normal,HIGH,ensemble_rf,0.03762451559305191,0.15237818658351898,False,0.27306799610371596,,,False,ok,
2025-01-01T00:29:57,sensor_0,Normal,HIGH,ensemble_rf,0.04029771313071251,0.15237818658351898,False,0.271006177524268,,,False,ok,
2025-01-01T00:30:00,sensor_0,Normal,HIGH,ensemble_rf,0.03909193351864815,0.15237818658351898,False,0.2788276084007886,,,False,ok,
2025-01-01T00:30:03,sensor_0,Normal,HIGH,ensemble_rf,0.03695450350642204,0.15237818658351898,False,0.2778124845651594,,,False,ok,
2025-01-01T00:30:06,sensor_0,Normal,HIGH,ensemble_rf,0.038530610501766205,0.15237818658351898,False,0.2690908864260632,,,False,ok,
2025-01-01T00:30:09,sensor_0,Normal,HIGH,ensemble_rf,0.03925779089331627,0.15237818658351898,False,0.21952173637630568,,,False,ok,
2025-01-01T00:30:12,sensor_0,Normal,HIGH,ensemble_rf,0.04222697392106056,0.15237818658351898,False,0.21731386366940197,,,False,ok,
2025-01-01T00:30:15,sensor_0,Normal,HIGH,ensemble_rf,0.04137081652879715,0.15237818658351898,False,0.22851392154066946,,,False,ok,
2025-01-01T00:30:18,sensor_0,Normal,HIGH,ensemble_rf,0.038812603801488876,0.15237818658351898,False,0.23215398337943455,,,False,ok,
2025-01-01T00:30:21,sensor_0,Normal,HIGH,ensemble_rf,0.0373726561665535,0.15237818658351898,False,0.2593518989058992,,,False,ok,
2025-01-01T00:30:24,sensor_0,Normal,HIGH,ensemble_rf,0.03716782107949257,0.15237818658351898,False,0.24549099841420977,,,False,ok,
2025-01-01T00:30:27,sensor_0,Normal,HIGH,ensemble_rf,0.03973348066210747,0.15237818658351898,False,0.28533056091930825,,,False,ok,
2025-01-01T00:30:30,sensor_0,Normal,HIGH,ensemble_rf,0.036079924553632736,0.15237818658351898,False,0.2347015102560073,,,False,ok,
2025-01-01T00:30:33,sensor_0,Normal,HIGH,ensemble_rf,0.03582959249615669,0.15237818658351898,False,0.18095435872554658,,,False,ok,
2025-01-01T00:30:36,sensor_0,Normal,HIGH,ensemble_rf,0.03572686389088631,0.15237818658351898,False,0.21093575359524028,,,False,ok,
2025-01-01T00:30:39,sensor_0,Normal,HIGH,ensemble_rf,0.037855979055166245,0.15237818658351898,False,0.20523297507849336,,,False,ok,
2025-01-01T00:30:42,sensor_0,Normal,HIGH,ensemble_rf,0.03552836552262306,0.15237818658351898,False,0.1912545780738192,,,False,ok,
2025-01-01T00:30:45,sensor_0,Normal,HIGH,ensemble_rf,0.03480486944317818,0.15237818658351898,False,0.2147990440943817,,,False,ok,
2025-01-01T00:30:48,sensor_0,Normal,HIGH,ensemble_rf,0.030964557081460953,0.15237818658351898,False,0.19428494060089363,,,False,ok,
2025-01-01T00:30:51,sensor_0,Normal,HIGH,ensemble_rf,0.03623994067311287,0.15237818658351898,False,0.18736057347186796,,,False,ok,
2025-01-01T00:30:54,sensor_0,Normal,HIGH,ensemble_rf,0.030686041340231895,0.15237818658351898,False,0.19126280276372679,,,False,ok,
2025-01-01T00:30:57,sensor_0,Normal,HIGH,ensemble_rf,0.032621175050735474,0.15237818658351898,False,0.2071948471105437,,,False,ok,
2025-01-01T00:31:00,sensor_0,Normal,HIGH,ensemble_rf,0.03173248842358589,0.15237818658351898,False,0.23103732943232774,,,False,ok,
2025-01-01T00:31:03,sensor_0,Normal,HIGH,ensemble_rf,0.027440311387181282,0.15237818658351898,False,0.2042332472870371,,,False,ok,
2025-01-01T00:31:06,sensor_0,Normal,HIGH,ensemble_rf,0.030005352571606636,0.15237818658351898,False,0.21805996515461162,,,False,ok,
2025-01-01T00:31:09,sensor_0,Normal,HIGH,ensemble_rf,0.028526190668344498,0.15237818658351898,False,0.21108483475303458,,,False,ok,
2025-01-01T00:31:12,sensor_0,Normal,HIGH,ensemble_rf,0.02566509135067463,0.15237818658351898,False,0.18779126703333285,,,False,ok,
2025-01-01T00:31:15,sensor_0,Normal,HIGH,ensemble_rf,0.030995570123195648,0.15237818658351898,False,0.1796101800700417,,,False,ok,
2025-01-01T00:31:18,sensor_0,Normal,HIGH,ensemble_rf,0.029428577050566673,0.15237818658351898,False,0.1498075454182554,,,False,ok,
2025-01-01T00:31:21,sensor_0,Normal,HIGH,ensemble_rf,0.029375119134783745,0.15237818658351898,False,0.17927326012336897,,,False,ok,
2025-01-01T00:31:24,sensor_0,Normal,HIGH,ensemble_rf,0.025263076648116112,0.15237818658351898,False,0.18476839478584386,,,False,ok,
2025-01-01T00:31:27,sensor_0,Normal,HIGH,ensemble_rf,0.026143718510866165,0.15237818658351898,False,0.2030549019307847,,,False,ok,
2025-01-01T00:31:30,sensor_0,Normal,HIGH,ensemble_rf,0.026013104245066643,0.15237818658351898,False,0.2538539550396559,,,False,ok,
2025-01-01T00:31:33,sensor_0,Normal,HIGH,ensemble_rf,0.02830452285706997,0.15237818658351898,False,0.2623549577878084,,,False,ok,
2025-01-01T00:31:36,sensor_0,Normal,HIGH,ensemble_rf,0.027160849422216415,0.15237818658351898,False,0.25562574686612116,,,False,ok,
2025-01-01T00:31:39,sensor_0,Normal,HIGH,ensemble_rf,0.02389303781092167,0.15237818658351898,False,0.24994372991893332,,,False,ok,
2025-01-01T00:31:42,sensor_0,Normal,HIGH,ensemble_rf,0.023507483303546906,0.15237818658351898,False,0.2817373496333769,,,False,ok,
2025-01-01T00:31:45,sensor_0,Normal,HIGH,ensemble_rf,0.022317757830023766,0.15237818658351898,False,0.28742902814110105,,,False,ok,
2025-01-01T00:31:48,sensor_0,Normal,HIGH,ensemble_rf,0.02387428842484951,0.15237818658351898,False,0.2833012916897243,,,False,ok,
2025-01-01T00:31:51,sensor_0,Normal,HIGH,ensemble_rf,0.0240340456366539,0.15237818658351898,False,0.29859880464597655,,,False,ok,
2025-01-01T00:31:54,sensor_0,Normal,HIGH,ensemble_rf,0.023195119574666023,0.15237818658351898,False,0.3267981890904129,,,False,ok,
2025-01-01T00:31:57,sensor_0,Normal,HIGH,ensemble_rf,0.025486251339316368,0.15237818658351898,False,0.32992678125216846,,,False,ok,
2025-01-01T00:32:00,sensor_0,Normal,HIGH,ensemble_rf,0.023582836613059044,0.15237818658351898,False,0.2794767717407026,,,False,ok,
2025-01-01T00:32:03,sensor_0,Normal,HIGH,ensemble_rf,0.026083016768097878,0.15237818658351898,False,0.2686725861784512,,,False,ok,
2025-01-01T00:32:06,sensor_0,Normal,HIGH,ensemble_rf,0.024479186162352562,0.15237818658351898,False,0.29960455785291706,,,False,ok,
2025-01-01T00:32:09,sensor_0,Normal,HIGH,ensemble_rf,0.025160180404782295,0.15237818658351898,False,0.2998944460083356,,,False,ok,
2025-01-01T00:32:12,sensor_0,Normal,HIGH,ensemble_rf,0.023087425157427788,0.15237818658351898,False,0.25904744635838645,,,False,ok,
2025-01-01T00:32:15,sensor_0,Normal,HIGH,ensemble_rf,0.022177303209900856,0.15237818658351898,False,0.23303491552936573,,,False,ok,
2025-01-01T00:32:18,sensor_0,Normal,HIGH,ensemble_rf,0.026449032127857208,0.15237818658351898,False,0.2281585891491583,,,False,ok,
2025-01-01T00:32:21,sensor_0,Normal,HIGH,ensemble_rf,0.028393780812621117,0.15237818658351898,False,0.2292906452202051,,,False,ok,
2025-01-01T00:32:24,sensor_0,Normal,HIGH,ensemble_rf,0.03039443865418434,0.15237818658351898,False,0.28920568258713336,,,False,ok,
2025-01-01T00:32:27,sensor_0,Normal,HIGH,ensemble_rf,0.026472097262740135,0.15237818658351898,False,0.3210949243990758,,,False,ok,
2025-01-01T00:32:30,sensor_0,Normal,HIGH,ensemble_rf,0.02285493165254593,0.15237818658351898,False,0.3492083363628412,,,False,ok,
2025-01-01T00:32:33,sensor_0,Normal,HIGH,ensemble_rf,0.02197597362101078,0.15237818658351898,False,0.33915504749532566,,,False,ok,
2025-01-01T00:32:36,sensor_0,Normal,HIGH,ensemble_rf,0.02213617041707039,0.15237818658351898,False,0.31311967874233715,,,False,ok,
2025-01-01T00:32:39,sensor_0,Normal,HIGH,ensemble_rf,0.02321067824959755,0.15237818658351898,False,0.3049986231179248,,,False,ok,
2025-01-01T00:32:42,sensor_0,Normal,HIGH,ensemble_rf,0.026841429993510246,0.15237818658351898,False,0.2853220384241366,,,False,ok,
2025-01-01T00:32:45,sensor_0,Normal,HIGH,ensemble_rf,0.024084795266389847,0.15237818658351898,False,0.2863983721658929,,,False,ok,
2025-01-01T00:32:48,sensor_0,Normal,HIGH,ensemble_rf,0.02602449245750904,0.15237818658351898,False,0.3156114922741294,,,False,ok,
2025-01-01T00:32:51,sensor_0,Normal,HIGH,ensemble_rf,0.023815559223294258,0.15237818658351898,False,0.3312596332452291,,,False,ok,
2025-01-01T00:32:54,sensor_0,Normal,HIGH,ensemble_rf,0.023570280522108078,0.15237818658351898,False,0.31831394977458904,,,False,ok,
2025-01-01T00:32:57,sensor_0,Normal,HIGH,ensemble_rf,0.026241360232234,0.15237818658351898,False,0.32560924913923117,,,False,ok,
2025-01-01T00:33:00,sensor_0,Normal,HIGH,ensemble_rf,0.02726527862250805,0.15237818658351898,False,0.33010383894863876,,,False,ok,
2025-01-01T00:33:03,sensor_0,Normal,HIGH,ensemble_rf,0.025128664448857307,0.15237818658351898,False,0.2989294741794097,,,False,ok,
2025-01-01T00:33:06,sensor_0,Normal,HIGH,ensemble_rf,0.025955360382795334,0.15237818658351898,False,0.2719187050296053,,,False,ok,
2025-01-01T00:33:09,sensor_0,Normal,HIGH,ensemble_rf,0.02648237906396389,0.15237818658351898,False,0.2768046249517396,,,False,ok,
2025-01-01T00:33:12,sensor_0,Normal,HIGH,ensemble_rf,0.027931759133934975,0.15237818658351898,False,0.2592715631055643,,,False,ok,
2025-01-01T00:33:15,sensor_0,Normal,HIGH,ensemble_rf,0.031580183655023575,0.15237818658351898,False,0.29835370731952404,,,False,ok,
2025-01-01T00:33:18,sensor_0,Normal,HIGH,ensemble_rf,0.033139802515506744,0.15237818658351898,False,0.31137998942876105,,,False,ok,
2025-01-01T00:01:28,sensor_1,Normal,HIGH,ensemble_rf,0.029018906876444817,0.15237818658351898,False,0.24373995037566934,,,False,ok,
2025-01-01T00:01:31,sensor_1,Normal,HIGH,ensemble_rf,0.028741782531142235,0.15237818658351898,False,0.311117673447894,,,False,ok,
2025-01-01T00:01:34,sensor_1,Normal,HIGH,ensemble_rf,0.030638588592410088,0.15237818658351898,False,0.29174011279588963,,,False,ok,
2025-01-01T00:01:37,sensor_1,Normal,HIGH,ensemble_rf,0.027373798191547394,0.15237818658351898,False,0.2823799578140145,,,False,ok,
2025-01-01T00:01:40,sensor_1,Normal,HIGH,ensemble_rf,0.026759065687656403,0.15237818658351898,False,0.2723997440533875,,,False,ok,
2025-01-01T00:01:43,sensor_1,Normal,HIGH,ensemble_rf,0.025541435927152634,0.15237818658351898,False,0.26475521016560266,,,False,ok,
2025-01-01T00:01:46,sensor_1,Normal,HIGH,ensemble_rf,0.02407500147819519,0.15237818658351898,False,0.2652777376402846,,,False,ok,
2025-01-01T00:01:49,sensor_1,Normal,HIGH,ensemble_rf,0.02507651038467884,0.15237818658351898,False,0.2505283837188168,,,False,ok,
2025-01-01T00:01:52,sensor_1,Normal,HIGH,ensemble_rf,0.023733271285891533,0.15237818658351898,False,0.2365092802983997,,,False,ok,
2025-01-01T00:01:55,sensor_1,Normal,HIGH,ensemble_rf,0.024758988991379738,0.15237818658351898,False,0.20531229342375998,,,False,ok,
2025-01-01T00:01:58,sensor_1,Normal,HIGH,ensemble_rf,0.02504211850464344,0.15237818658351898,False,0.22056463994149486,,,False,ok,
2025-01-01T00:02:01,sensor_1,Normal,HIGH,ensemble_rf,0.02361125312745571,0.15237818658351898,False,0.2118269230223208,,,False,ok,
2025-01-01T00:02:04,sensor_1,Normal,HIGH,ensemble_rf,0.024018356576561928,0.15237818658351898,False,0.2641700148783821,,,False,ok,
2025-01-01T00:02:07,sensor_1,Normal,HIGH,ensemble_rf,0.02572220005095005,0.15237818658351898,False,0.24891542424153196,,,False,ok,
2025-01-01T00:02:10,sensor_1,Normal,HIGH,ensemble_rf,0.025177262723445892,0.15237818658351898,False,0.3388299029687467,,,False,ok,
2025-01-01T00:02:13,sensor_1,Normal,HIGH,ensemble_rf,0.0261068157851696,0.15237818658351898,False,0.3430609418412568,,,False,ok,
2025-01-01T00:02:16,sensor_1,Normal,HIGH,ensemble_rf,0.025837242603302002,0.15237818658351898,False,0.3554058357464973,,,False,ok,
2025-01-01T00:02:19,sensor_1,Normal,HIGH,ensemble_rf,0.026442792266607285,0.15237818658351898,False,0.3636137946073087,,,False,ok,
2025-01-01T00:02:22,sensor_1,Normal,HIGH,ensemble_rf,0.02595473639667034,0.15237818658351898,False,0.33654651167278765,,,False,ok,
2025-01-01T00:02:25,sensor_1,Normal,HIGH,ensemble_rf,0.027063675224781036,0.15237818658351898,False,0.33865433992731225,,,False,ok,
2025-01-01T00:02:28,sensor_1,Normal,HIGH,ensemble_rf,0.025146275758743286,0.15237818658351898,False,0.32913038681194523,,,False,ok,
2025-01-01T00:02:31,sensor_1,Normal,HIGH,ensemble_rf,0.025662172585725784,0.15237818658351898,False,0.3507494815339016,,,False,ok,
2025-01-01T00:02:34,sensor_1,Normal,HIGH,ensemble_rf,0.02539357915520668,0.15237818658351898,False,0.333293984354435,,,False,ok,
2025-01-01T00:02:37,sensor_1,Normal,HIGH,ensemble_rf,0.021473411470651627,0.15237818658351898,False,0.38224123294022644,,,False,ok,
2025-01-01T00:02:40,sensor_1,Normal,HIGH,ensemble_rf,0.021755943074822426,0.15237818658351898,False,0.37482796925289175,,,False,ok,
2025-01-01T00:02:43,sensor_1,Normal,HIGH,ensemble_rf,0.021664028987288475,0.15237818658351898,False,0.3942277025217641,,,False,ok,
2025-01-01T00:02:46,sensor_1,Normal,HIGH,ensemble_rf,0.022773750126361847,0.15237818658351898,False,0.4015787241044328,,,False,ok,
2025-01-01T00:02:49,sensor_1,Normal,HIGH,ensemble_rf,0.0202026404440403,0.15237818658351898,False,0.3997686731823519,,,False,ok,
2025-01-01T00:02:52,sensor_1,Normal,HIGH,ensemble_rf,0.02209293097257614,0.15237818658351898,False,0.3514880545235869,,,False,ok,
2025-01-01T00:02:55,sensor_1,Normal,HIGH,ensemble_rf,0.018962323665618896,0.15237818658351898,False,0.35391316021876096,,,False,ok,
2025-01-01T00:02:58,sensor_1,Normal,HIGH,ensemble_rf,0.01713799312710762,0.15237818658351898,False,0.36242856659478484,,,False,ok,
2025-01-01T00:03:01,sensor_1,Normal,HIGH,ensemble_rf,0.018481377512216568,0.15237818658351898,False,0.3600997722097671,,,False,ok,
2025-01-01T00:03:04,sensor_1,Normal,HIGH,ensemble_rf,0.02106914483010769,0.15237818658351898,False,0.38591065590335843,,,False,ok,
2025-01-01T00:03:07,sensor_1,Normal,HIGH,ensemble_rf,0.022338544949889183,0.15237818658351898,False,0.3897403908747889,,,False,ok,
2025-01-01T00:03:10,sensor_1,Normal,HIGH,ensemble_rf,0.02384856343269348,0.15237818658351898,False,0.35859194336360545,,,False,ok,
2025-01-01T00:03:13,sensor_1,Normal,HIGH,ensemble_rf,0.02381506934762001,0.15237818658351898,False,0.3400001460859061,,,False,ok,
2025-01-01T00:03:16,sensor_1,Normal,HIGH,ensemble_rf,0.02449941262602806,0.15237818658351898,False,0.3412748013520148,,,False,ok,
2025-01-01T00:03:19,sensor_1,Normal,HIGH,ensemble_rf,0.0228261835873127,0.15237818658351898,False,0.3357737134046307,,,False,ok,
2025-01-01T00:03:22,sensor_1,Normal,HIGH,ensemble_rf,0.021967777982354164,0.15237818658351898,False,0.3471994861700052,,,False,ok,
2025-01-01T00:03:25,sensor_1,Normal,HIGH,ensemble_rf,0.024218907579779625,0.15237818658351898,False,0.24629631291454288,,,False,ok,
2025-01-01T00:03:28,sensor_1,Normal,HIGH,ensemble_rf,0.024861324578523636,0.15237818658351898,False,0.2414552567592526,,,False,ok,
2025-01-01T00:03:31,sensor_1,Normal,HIGH,ensemble_rf,0.020603355020284653,0.15237818658351898,False,0.26967387668578063,,,False,ok,
2025-01-01T00:03:34,sensor_1,Normal,HIGH,ensemble_rf,0.020730160176753998,0.15237818658351898,False,0.26537740196511034,,,False,ok,
2025-01-01T00:03:37,sensor_1,Normal,HIGH,ensemble_rf,0.022301053628325462,0.15237818658351898,False,0.2664812288140242,,,False,ok,
2025-01-01T00:03:40,sensor_1,Normal,HIGH,ensemble_rf,0.021098284050822258,0.15237818658351898,False,0.31606143535276676,,,False,ok,
2025-01-01T00:03:43,sensor_1,Normal,HIGH,ensemble_rf,0.019878419116139412,0.15237818658351898,False,0.36470444203610924,,,False,ok,
2025-01-01T00:03:46,sensor_1,Normal,HIGH,ensemble_rf,0.021733760833740234,0.15237818658351898,False,0.32528947841901307,,,False,ok,
2025-01-01T00:03:49,sensor_1,Normal,HIGH,ensemble_rf,0.01700562797486782,0.15237818658351898,False,0.22921518793712584,,,False,ok,
2025-01-01T00:03:52,sensor_1,Normal,HIGH,ensemble_rf,0.021002909168601036,0.15237818658351898,False,0.21858552356400077,,,False,ok,
2025-01-01T00:03:55,sensor_1,Normal,HIGH,ensemble_rf,0.02078774757683277,0.15237818658351898,False,0.25159699454744633,,,False,ok,
2025-01-01T00:03:58,sensor_1,Normal,HIGH,ensemble_rf,0.021705567836761475,0.15237818658351898,False,0.2443838023972783,,,False,ok,
2025-01-01T00:04:01,sensor_1,Normal,HIGH,ensemble_rf,0.023919742554426193,0.15237818658351898,False,0.2816515288764513,,,False,ok,
2025-01-01T00:04:04,sensor_1,Normal,HIGH,ensemble_rf,0.0235885102301836,0.15237818658351898,False,0.2960002417189485,,,False,ok,
2025-01-01T00:04:07,sensor_1,Normal,HIGH,ensemble_rf,0.02591603808104992,0.15237818658351898,False,0.27570921176709584,,,False,ok,
2025-01-01T00:04:10,sensor_1,Normal,HIGH,ensemble_rf,0.023781660944223404,0.15237818658351898,False,0.26093663780223214,,,False,ok,
2025-01-01T00:04:13,sensor_1,Normal,HIGH,ensemble_rf,0.02444968931376934,0.15237818658351898,False,0.23696715832663526,,,False,ok,
2025-01-01T00:04:16,sensor_1,Normal,HIGH,ensemble_rf,0.024258678779006004,0.15237818658351898,False,0.2526314663945375,,,False,ok,
2025-01-01T00:04:19,sensor_1,Normal,HIGH,ensemble_rf,0.027449076995253563,0.15237818658351898,False,0.23460954700101705,,,False,ok,
2025-01-01T00:04:22,sensor_1,Normal,HIGH,ensemble_rf,0.026418177410960197,0.15237818658351898,False,0.2977091815648148,,,False,ok,
2025-01-01T00:04:25,sensor_1,Normal,HIGH,ensemble_rf,0.027087094262242317,0.15237818658351898,False,0.25898060482395846,,,False,ok,
2025-01-01T00:04:28,sensor_1,Normal,HIGH,ensemble_rf,0.027332384139299393,0.15237818658351898,False,0.2536442068129643,,,False,ok,
2025-01-01T00:04:31,sensor_1,Normal,HIGH,ensemble_rf,0.029204130172729492,0.15237818658351898,False,0.2512724534230482,,,False,ok,
2025-01-01T00:04:34,sensor_1,Normal,HIGH,ensemble_rf,0.024443458765745163,0.15237818658351898,False,0.23873350792124204,,,False,ok,
2025-01-01T00:04:37,sensor_1,Normal,HIGH,ensemble_rf,0.027956167235970497,0.15237818658351898,False,0.1812042206072175,,,False,ok,
2025-01-01T00:04:40,sensor_1,Normal,HIGH,ensemble_rf,0.02803903818130493,0.15237818658351898,False,0.21266746900149094,,,False,ok,
2025-01-01T00:04:43,sensor_1,Normal,HIGH,ensemble_rf,0.02668645791709423,0.15237818658351898,False,0.2308386823379341,,,False,ok,
2025-01-01T00:04:46,sensor_1,Normal,HIGH,ensemble_rf,0.027007274329662323,0.15237818658351898,False,0.21370159943597328,,,False,ok,
2025-01-01T00:04:49,sensor_1,Normal,HIGH,ensemble_rf,0.02727801911532879,0.15237818658351898,False,0.20211449114130217,,,False,ok,
2025-01-01T00:04:52,sensor_1,Normal,HIGH,ensemble_rf,0.02857818640768528,0.15237818658351898,False,0.19169019779787103,,,False,ok,
2025-01-01T00:04:55,sensor_1,Normal,HIGH,ensemble_rf,0.02675255946815014,0.15237818658351898,False,0.17349775928092806,,,False,ok,
2025-01-01T00:04:58,sensor_1,Normal,HIGH,ensemble_rf,0.02730501815676689,0.15237818658351898,False,0.21150574094812716,,,False,ok,
2025-01-01T00:05:01,sensor_1,Normal,HIGH,ensemble_rf,0.030264053493738174,0.15237818658351898,False,0.2195435705837363,,,False,ok,
2025-01-01T00:05:04,sensor_1,Normal,HIGH,ensemble_rf,0.030526524409651756,0.15237818658351898,False,0.23854225978622068,,,False,ok,
2025-01-01T00:05:07,sensor_1,Normal,HIGH,ensemble_rf,0.030378242954611778,0.15237818658351898,False,0.20647755167943344,,,False,ok,
2025-01-01T00:05:10,sensor_1,Normal,HIGH,ensemble_rf,0.029757944867014885,0.15237818658351898,False,0.20226597716333417,,,False,ok,
2025-01-01T00:05:13,sensor_1,Normal,HIGH,ensemble_rf,0.028367100283503532,0.15237818658351898,False,0.2586302304887111,,,False,ok,
2025-01-01T00:05:16,sensor_1,Normal,HIGH,ensemble_rf,0.029793858528137207,0.15237818658351898,False,0.2809914035275926,,,False,ok,
2025-01-01T00:05:19,sensor_1,Normal,HIGH,ensemble_rf,0.028335411101579666,0.15237818658351898,False,0.28098043651829396,,,False,ok,
2025-01-01T00:05:22,sensor_1,Normal,HIGH,ensemble_rf,0.029765071347355843,0.15237818658351898,False,0.21341092252247099,,,False,ok,
2025-01-01T00:05:25,sensor_1,Normal,HIGH,ensemble_rf,0.027738412842154503,0.15237818658351898,False,0.21315419209444894,,,False,ok,
2025-01-01T00:05:28,sensor_1,Normal,HIGH,ensemble_rf,0.031181126832962036,0.15237818658351898,False,0.2781560956057485,,,False,ok,
2025-01-01T00:05:31,sensor_1,Normal,HIGH,ensemble_rf,0.03465751186013222,0.15237818658351898,False,0.29657562592832726,,,False,ok,
2025-01-01T00:05:34,sensor_1,Normal,HIGH,ensemble_rf,0.035384926944971085,0.15237818658351898,False,0.3334423261059549,,,False,ok,
2025-01-01T00:05:37,sensor_1,Normal,HIGH,ensemble_rf,0.03107846900820732,0.15237818658351898,False,0.40006047085550733,,,False,ok,
2025-01-01T00:05:40,sensor_1,Normal,HIGH,ensemble_rf,0.031229861080646515,0.15237818658351898,False,0.3801677193533595,,,False,ok,
2025-01-01T00:05:43,sensor_1,Normal,HIGH,ensemble_rf,0.032492268830537796,0.15237818658351898,False,0.3729028860360278,,,False,ok,
2025-01-01T00:05:46,sensor_1,Normal,HIGH,ensemble_rf,0.02969180978834629,0.15237818658351898,False,0.31533136472522016,,,False,ok,
2025-01-01T00:05:49,sensor_1,Normal,HIGH,ensemble_rf,0.03091946803033352,0.15237818658351898,False,0.26483680516280783,,,False,ok,
2025-01-01T00:05:52,sensor_1,Normal,HIGH,ensemble_rf,0.029285462573170662,0.15237818658351898,False,0.2546504990348311,,,False,ok,
2025-01-01T00:05:55,sensor_1,Normal,HIGH,ensemble_rf,0.0313764251768589,0.15237818658351898,False,0.26177847688829853,,,False,ok,
2025-01-01T00:05:58,sensor_1,Normal,HIGH,ensemble_rf,0.030714478343725204,0.15237818658351898,False,0.2430091573193737,,,False,ok,
2025-01-01T00:06:01,sensor_1,Normal,HIGH,ensemble_rf,0.03180142492055893,0.15237818658351898,False,0.24176401882282356,,,False,ok,
2025-01-01T00:06:04,sensor_1,Normal,HIGH,ensemble_rf,0.03283679112792015,0.15237818658351898,False,0.23726545129099144,,,False,ok,
2025-01-01T00:06:07,sensor_1,Normal,HIGH,ensemble_rf,0.02970573864877224,0.15237818658351898,False,0.2909262403331541,,,False,ok,
2025-01-01T00:06:10,sensor_1,Normal,HIGH,ensemble_rf,0.030139947310090065,0.15237818658351898,False,0.34561984517475136,,,False,ok,
2025-01-01T00:06:13,sensor_1,Normal,HIGH,ensemble_rf,0.0299442820250988,0.15237818658351898,False,0.34168289379459216,,,False,ok,
2025-01-01T00:06:16,sensor_1,Normal,HIGH,ensemble_rf,0.02992234006524086,0.15237818658351898,False,0.34445206684977187,,,False,ok,
2025-01-01T00:06:19,sensor_1,Normal,HIGH,ensemble_rf,0.02966306358575821,0.15237818658351898,False,0.3578115485928885,,,False,ok,
2025-01-01T00:06:22,sensor_1,Normal,HIGH,ensemble_rf,0.029620181769132614,0.15237818658351898,False,0.3648689372609901,,,False,ok,
2025-01-01T00:06:25,sensor_1,Normal,HIGH,ensemble_rf,0.03233505040407181,0.15237818658351898,False,0.34174736591658017,,,False,ok,
2025-01-01T00:06:28,sensor_1,Normal,HIGH,ensemble_rf,0.02957475557923317,0.15237818658351898,False,0.26437693749318897,,,False,ok,
2025-01-01T00:06:31,sensor_1,Normal,HIGH,ensemble_rf,0.03215683251619339,0.15237818658351898,False,0.20936825488895908,,,False,ok,
2025-01-01T00:06:34,sensor_1,Normal,HIGH,ensemble_rf,0.027281880378723145,0.15237818658351898,False,0.2599294393626845,,,False,ok,
2025-01-01T00:06:37,sensor_1,Normal,HIGH,ensemble_rf,0.026340531185269356,0.15237818658351898,False,0.25406785305535606,,,False,ok,
2025-01-01T00:06:40,sensor_1,Normal,HIGH,ensemble_rf,0.025809871032834053,0.15237818658351898,False,0.27482537089248293,,,False,ok,
2025-01-01T00:06:43,sensor_1,Normal,HIGH,ensemble_rf,0.0244430098682642,0.15237818658351898,False,0.25894071675845937,,,False,ok,
2025-01-01T00:06:46,sensor_1,Normal,HIGH,ensemble_rf,0.02570691704750061,0.15237818658351898,False,0.30843964980140404,,,False,ok,
2025-01-01T00:06:49,sensor_1,Normal,HIGH,ensemble_rf,0.029909830540418625,0.15237818658351898,False,0.3307297075609816,,,False,ok,
2025-01-01T00:06:52,sensor_1,Normal,HIGH,ensemble_rf,0.027212807908654213,0.15237818658351898,False,0.24872037956675103,,,False,ok,
2025-01-01T00:06:55,sensor_1,Normal,HIGH,ensemble_rf,0.02771248109638691,0.15237818658351898,False,0.22733297778917858,,,False,ok,
2025-01-01T00:06:58,sensor_1,Normal,HIGH,ensemble_rf,0.026004670187830925,0.15237818658351898,False,0.2385930527188845,,,False,ok,
2025-01-01T00:07:01,sensor_1,Normal,HIGH,ensemble_rf,0.02241446264088154,0.15237818658351898,False,0.2470429141824199,,,False,ok,
2025-01-01T00:07:04,sensor_1,Normal,HIGH,ensemble_rf,0.02380184642970562,0.15237818658351898,False,0.2767025724611965,,,False,ok,
2025-01-01T00:07:07,sensor_1,Normal,HIGH,ensemble_rf,0.02346428669989109,0.15237818658351898,False,0.2626150161573363,,,False,ok,
2025-01-01T00:07:10,sensor_1,Normal,HIGH,ensemble_rf,0.023244984447956085,0.15237818658351898,False,0.28682535967414197,,,False,ok,
2025-01-01T00:07:13,sensor_1,Normal,HIGH,ensemble_rf,0.025440091267228127,0.15237818658351898,False,0.25778817417017524,,,False,ok,
2025-01-01T00:07:16,sensor_1,Normal,HIGH,ensemble_rf,0.023434793576598167,0.15237818658351898,False,0.22793121802059751,,,False,ok,
2025-01-01T00:07:19,sensor_1,Normal,HIGH,ensemble_rf,0.02467545121908188,0.15237818658351898,False,0.2199652282379991,,,False,ok,
2025-01-01T00:07:22,sensor_1,Normal,HIGH,ensemble_rf,0.024790342897176743,0.15237818658351898,False,0.22884187734659903,,,False,ok,
2025-01-01T00:07:25,sensor_1,Normal,HIGH,ensemble_rf,0.023434696719050407,0.15237818658351898,False,0.22683466395296034,,,False,ok,
2025-01-01T00:07:28,sensor_1,Normal,HIGH,ensemble_rf,0.02292053773999214,0.15237818658351898,False,0.24015077582670985,,,False,ok,
2025-01-01T00:07:31,sensor_1,Normal,HIGH,ensemble_rf,0.025698117911815643,0.15237818658351898,False,0.2580612520248176,,,False,ok,
2025-01-01T00:07:34,sensor_1,Normal,HIGH,ensemble_rf,0.02093353681266308,0.15237818658351898,False,0.2399736775628746,,,False,ok,
2025-01-01T00:07:37,sensor_1,Normal,HIGH,ensemble_rf,0.021637873724102974,0.15237818658351898,False,0.2813357267829554,,,False,ok,
2025-01-01T00:07:40,sensor_1,Normal,HIGH,ensemble_rf,0.02143917605280876,0.15237818658351898,False,0.28516191538456415,,,False,ok,
2025-01-01T00:07:43,sensor_1,Normal,HIGH,ensemble_rf,0.023869991302490234,0.15237818658351898,False,0.25239806888208455,,,False,ok,
2025-01-01T00:07:46,sensor_1,Normal,HIGH,ensemble_rf,0.024820078164339066,0.15237818658351898,False,0.2515023194402533,,,False,ok,
2025-01-01T00:07:49,sensor_1,Normal,HIGH,ensemble_rf,0.025336535647511482,0.15237818658351898,False,0.31073666762698,,,False,ok,
2025-01-01T00:07:52,sensor_1,Normal,HIGH,ensemble_rf,0.023937348276376724,0.15237818658351898,False,0.30080927879078784,,,False,ok,
2025-01-01T00:07:55,sensor_1,Normal,HIGH,ensemble_rf,0.024852266535162926,0.15237818658351898,False,0.30243924332516153,,,False,ok,
2025-01-01T00:07:58,sensor_1,Normal,HIGH,ensemble_rf,0.022681355476379395,0.15237818658351898,False,0.30831089033770803,,,False,ok,
2025-01-01T00:08:01,sensor_1,Normal,HIGH,ensemble_rf,0.023054253309965134,0.15237818658351898,False,0.2822600043164704,,,False,ok,
2025-01-01T00:08:04,sensor_1,Normal,HIGH,ensemble_rf,0.024829793721437454,0.15237818658351898,False,0.23592826661936547,,,False,ok,
2025-01-01T00:08:07,sensor_1,Normal,HIGH,ensemble_rf,0.024324309080839157,0.15237818658351898,False,0.24879848593473,,,False,ok,
2025-01-01T00:08:10,sensor_1,Normal,HIGH,ensemble_rf,0.027373628690838814,0.15237818658351898,False,0.23803562543200785,,,False,ok,
2025-01-01T00:08:13,sensor_1,Normal,HIGH,ensemble_rf,0.0262724868953228,0.15237818658351898,False,0.26269298454531204,,,False,ok,
2025-01-01T00:08:16,sensor_1,Normal,HIGH,ensemble_rf,0.02544257417321205,0.15237818658351898,False,0.2758936852200277,,,False,ok,
2025-01-01T00:08:19,sensor_1,Normal,HIGH,ensemble_rf,0.022385811433196068,0.15237818658351898,False,0.2592636525888923,,,False,ok,
2025-01-01T00:08:22,sensor_1,Normal,HIGH,ensemble_rf,0.024370305240154266,0.15237818658351898,False,0.30809197046692594,,,False,ok,
2025-01-01T00:08:25,sensor_1,Normal,HIGH,ensemble_rf,0.02116718888282776,0.15237818658351898,False,0.3074226237718333,,,False,ok,
2025-01-01T00:08:28,sensor_1,Normal,HIGH,ensemble_rf,0.021814491599798203,0.15237818658351898,False,0.24357323154010557,,,False,ok,
2025-01-01T00:08:31,sensor_1,Normal,HIGH,ensemble_rf,0.023851845413446426,0.15237818658351898,False,0.27521233423469066,,,False,ok,
2025-01-01T00:08:34,sensor_1,Normal,HIGH,ensemble_rf,0.021913163363933563,0.15237818658351898,False,0.2564815472715857,,,False,ok,
2025-01-01T00:08:37,sensor_1,Normal,HIGH,ensemble_rf,0.02262895368039608,0.15237818658351898,False,0.25539618330301667,,,False,ok,
2025-01-01T00:08:40,sensor_1,Normal,HIGH,ensemble_rf,0.02126358263194561,0.15237818658351898,False,0.2332067637935443,,,False,ok,
2025-01-01T00:08:43,sensor_1,Normal,HIGH,ensemble_rf,0.0230033528059721,0.15237818658351898,False,0.22265331315506046,,,False,ok,
2025-01-01T00:08:46,sensor_1,Normal,HIGH,ensemble_rf,0.02406778186559677,0.15237818658351898,False,0.22531262418067363,,,False,ok,
2025-01-01T00:08:49,sensor_1,Normal,HIGH,ensemble_rf,0.02283543348312378,0.15237818658351898,False,0.24011899482312601,,,False,ok,
2025-01-01T00:08:52,sensor_1,Normal,HIGH,ensemble_rf,0.021662293002009392,0.15237818658351898,False,0.23257153616535808,,,False,ok,
2025-01-01T00:08:55,sensor_1,Normal,HIGH,ensemble_rf,0.024949081242084503,0.15237818658351898,False,0.23750194240951947,,,False,ok,
2025-01-01T00:08:58,sensor_1,Normal,HIGH,ensemble_rf,0.027317320927977562,0.15237818658351898,False,0.27152831393935883,,,False,ok,
2025-01-01T00:09:01,sensor_1,Normal,HIGH,ensemble_rf,0.024053053930401802,0.15237818658351898,False,0.2637523734969295,,,False,ok,
2025-01-01T00:09:04,sensor_1,Normal,HIGH,ensemble_rf,0.024505170062184334,0.15237818658351898,False,0.27420041782886706,,,False,ok,
2025-01-01T00:09:07,sensor_1,Normal,HIGH,ensemble_rf,0.02541055716574192,0.15237818658351898,False,0.2503238614817961,,,False,ok,
2025-01-01T00:09:10,sensor_1,Normal,HIGH,ensemble_rf,0.022848576307296753,0.15237818658351898,False,0.21467869457805278,,,False,ok,
2025-01-01T00:09:13,sensor_1,Normal,HIGH,ensemble_rf,0.023032834753394127,0.15237818658351898,False,0.24224479279890362,,,False,ok,
2025-01-01T00:09:16,sensor_1,Normal,HIGH,ensemble_rf,0.024691304191946983,0.15237818658351898,False,0.242505903493411,,,False,ok,
2025-01-01T00:09:19,sensor_1,Normal,HIGH,ensemble_rf,0.023281127214431763,0.15237818658351898,False,0.31317587626925975,,,False,ok,
2025-01-01T00:09:22,sensor_1,Normal,HIGH,ensemble_rf,0.024062760174274445,0.15237818658351898,False,0.31452525156433425,,,False,ok,
2025-01-01T00:09:25,sensor_1,Normal,HIGH,ensemble_rf,0.024607637897133827,0.15237818658351898,False,0.31089103324807704,,,False,ok,
2025-01-01T00:09:28,sensor_1,Normal,HIGH,ensemble_rf,0.02221037819981575,0.15237818658351898,False,0.31138762979032353,,,False,ok,
2025-01-01T00:09:31,sensor_1,Normal,HIGH,ensemble_rf,0.022041980177164078,0.15237818658351898,False,0.35694658089463,,,False,ok,
2025-01-01T00:09:34,sensor_1,Normal,HIGH,ensemble_rf,0.024950740858912468,0.15237818658351898,False,0.34423153139925433,,,False,ok,
2025-01-01T00:09:37,sensor_1,Normal,HIGH,ensemble_rf,0.030760793015360832,0.15237818658351898,False,0.3185846389475367,,,False,ok,
2025-01-01T00:09:40,sensor_1,Normal,HIGH,ensemble_rf,0.0272689126431942,0.15237818658351898,False,0.3133133040079898,,,False,ok,
2025-01-01T00:09:43,sensor_1,Normal,HIGH,ensemble_rf,0.027576016262173653,0.15237818658351898,False,0.2996685483480752,,,False,ok,
2025-01-01T00:09:46,sensor_1,Normal,HIGH,ensemble_rf,0.030092647299170494,0.15237818658351898,False,0.32022540188356846,,,False,ok,
2025-01-01T00:09:49,sensor_1,Normal,HIGH,ensemble_rf,0.03115984983742237,0.15237818658351898,False,0.29658372772066577,,,False,ok,
2025-01-01T00:09:52,sensor_1,Normal,HIGH,ensemble_rf,0.02906642109155655,0.15237818658351898,False,0.27185252997295606,,,False,ok,
2025-01-01T00:09:55,sensor_1,Normal,HIGH,ensemble_rf,0.03095245733857155,0.15237818658351898,False,0.29166265897821453,,,False,ok,
2025-01-01T00:09:58,sensor_1,Normal,HIGH,ensemble_rf,0.0283370204269886,0.15237818658351898,False,0.2753114592209705,,,False,ok,
2025-01-01T00:10:01,sensor_1,Normal,HIGH,ensemble_rf,0.030732955783605576,0.15237818658351898,False,0.319431197256492,,,False,ok,
2025-01-01T00:10:04,sensor_1,Normal,HIGH,ensemble_rf,0.031288281083106995,0.15237818658351898,False,0.29662327459816606,,,False,ok,
2025-01-01T00:10:07,sensor_1,Normal,HIGH,ensemble_rf,0.029513554647564888,0.15237818658351898,False,0.28415072118936474,,,False,ok,
2025-01-01T00:10:10,sensor_1,Normal,HIGH,ensemble_rf,0.02956434153020382,0.15237818658351898,False,0.26836199188111276,,,False,ok,
2025-01-01T00:10:13,sensor_1,Normal,HIGH,ensemble_rf,0.03103058412671089,0.15237818658351898,False,0.23612398341543697,,,False,ok,
2025-01-01T00:10:16,sensor_1,Normal,HIGH,ensemble_rf,0.030276363715529442,0.15237818658351898,False,0.22259118711266646,,,False,ok,
2025-01-01T00:10:19,sensor_1,Normal,HIGH,ensemble_rf,0.03158443421125412,0.15237818658351898,False,0.2209212002206351,,,False,ok,
2025-01-01T00:10:22,sensor_1,Normal,HIGH,ensemble_rf,0.02969316951930523,0.15237818658351898,False,0.22315134695519998,,,False,ok,
2025-01-01T00:10:25,sensor_1,Normal,HIGH,ensemble_rf,0.03190319985151291,0.15237818658351898,False,0.21379089248846614,,,False,ok,
2025-01-01T00:10:28,sensor_1,Normal,HIGH,ensemble_rf,0.029401157051324844,0.15237818658351898,False,0.27125816368977657,,,False,ok,
2025-01-01T00:10:31,sensor_1,Normal,HIGH,ensemble_rf,0.03074905462563038,0.15237818658351898,False,0.2845830191811587,,,False,ok,
2025-01-01T00:10:34,sensor_1,Normal,HIGH,ensemble_rf,0.02932102046906948,0.15237818658351898,False,0.2992490797965902,,,False,ok,
2025-01-01T00:10:37,sensor_1,Normal,HIGH,ensemble_rf,0.026821263134479523,0.15237818658351898,False,0.25195719873527106,,,False,ok,
2025-01-01T00:10:40,sensor_1,Normal,HIGH,ensemble_rf,0.029807832092046738,0.15237818658351898,False,0.2466721141063399,,,False,ok,
2025-01-01T00:10:43,sensor_1,Normal,HIGH,ensemble_rf,0.029394613578915596,0.15237818658351898,False,0.2280766331489728,,,False,ok,
2025-01-01T00:10:46,sensor_1,Normal,HIGH,ensemble_rf,0.02928062342107296,0.15237818658351898,False,0.24024147735771278,,,False,ok,
2025-01-01T00:10:49,sensor_1,Normal,HIGH,ensemble_rf,0.027580957859754562,0.15237818658351898,False,0.2783263874499345,,,False,ok,
2025-01-01T00:10:52,sensor_1,Normal,HIGH,ensemble_rf,0.027422720566391945,0.15237818658351898,False,0.2796757507604845,,,False,ok,
2025-01-01T00:10:55,sensor_1,Normal,HIGH,ensemble_rf,0.026814855635166168,0.15237818658351898,False,0.2677355170105397,,,False,ok,
2025-01-01T00:10:58,sensor_1,Normal,HIGH,ensemble_rf,0.028880717232823372,0.15237818658351898,False,0.26671759027973435,,,False,ok,
2025-01-01T00:11:01,sensor_1,Normal,HIGH,ensemble_rf,0.029913417994976044,0.15237818658351898,False,0.30664440240412033,,,False,ok,
2025-01-01T00:11:04,sensor_1,Normal,HIGH,ensemble_rf,0.025462960824370384,0.15237818658351898,False,0.2908424316514628,,,False,ok,
2025-01-01T00:11:07,sensor_1,Normal,HIGH,ensemble_rf,0.023540424183011055,0.15237818658351898,False,0.25197723530389604,,,False,ok,
2025-01-01T00:11:10,sensor_1,Normal,HIGH,ensemble_rf,0.024465177208185196,0.15237818658351898,False,0.2596235882195776,,,False,ok,
2025-01-01T00:11:13,sensor_1,Normal,HIGH,ensemble_rf,0.02253084070980549,0.15237818658351898,False,0.25451897403198104,,,False,ok,
2025-01-01T00:11:16,sensor_1,Normal,HIGH,ensemble_rf,0.023704728111624718,0.15237818658351898,False,0.2603969231093845,,,False,ok,
2025-01-01T00:11:19,sensor_1,Normal,HIGH,ensemble_rf,0.023050915449857712,0.15237818658351898,False,0.2793464113182814,,,False,ok,
2025-01-01T00:11:22,sensor_1,Normal,HIGH,ensemble_rf,0.024451041594147682,0.15237818658351898,False,0.2204047347624801,,,False,ok,
2025-01-01T00:11:25,sensor_1,Normal,HIGH,ensemble_rf,0.02514764480292797,0.15237818658351898,False,0.21955211128857605,,,False,ok,
2025-01-01T00:11:28,sensor_1,Normal,HIGH,ensemble_rf,0.02611440233886242,0.15237818658351898,False,0.27332180997043853,,,False,ok,
2025-01-01T00:11:31,sensor_1,Normal,HIGH,ensemble_rf,0.024663738906383514,0.15237818658351898,False,0.2718051568673031,,,False,ok,
2025-01-01T00:11:34,sensor_1,Normal,HIGH,ensemble_rf,0.022505169734358788,0.15237818658351898,False,0.2696453108734484,,,False,ok,
2025-01-01T00:11:37,sensor_1,Normal,HIGH,ensemble_rf,0.023974085226655006,0.15237818658351898,False,0.30695703260491114,,,False,ok,
2025-01-01T00:11:40,sensor_1,Normal,HIGH,ensemble_rf,0.027837879955768585,0.15237818658351898,False,0.26682808986607326,,,False,ok,
2025-01-01T00:11:43,sensor_1,Normal,HIGH,ensemble_rf,0.026568595319986343,0.15237818658351898,False,0.3016584031676742,,,False,ok,
2025-01-01T00:11:46,sensor_1,Normal,HIGH,ensemble_rf,0.023442022502422333,0.15237818658351898,False,0.2859140486525394,,,False,ok,
2025-01-01T00:11:49,sensor_1,Normal,HIGH,ensemble_rf,0.027754230424761772,0.15237818658351898,False,0.3073185455567209,,,False,ok,
2025-01-01T00:11:52,sensor_1,Normal,HIGH,ensemble_rf,0.028873784467577934,0.15237818658351898,False,0.3112722772982734,,,False,ok,
2025-01-01T00:11:55,sensor_1,Normal,HIGH,ensemble_rf,0.026620110496878624,0.15237818658351898,False,0.2867245998697434,,,False,ok,
2025-01-01T00:11:58,sensor_1,Normal,HIGH,ensemble_rf,0.027295799925923347,0.15237818658351898,False,0.30195336260269995,,,False,ok,
2025-01-01T00:12:01,sensor_1,Normal,HIGH,ensemble_rf,0.028376946225762367,0.15237818658351898,False,0.2612346716982352,,,False,ok,
2025-01-01T00:12:04,sensor_1,Normal,HIGH,ensemble_rf,0.027493109926581383,0.15237818658351898,False,0.22227124685387054,,,False,ok,
2025-01-01T00:12:07,sensor_1,Normal,HIGH,ensemble_rf,0.02659435011446476,0.15237818658351898,False,0.21554302764876063,,,False,ok,
2025-01-01T00:12:10,sensor_1,Normal,HIGH,ensemble_rf,0.027906222268939018,0.15237818658351898,False,0.23918507180627063,,,False,ok,
2025-01-01T00:12:13,sensor_1,Normal,HIGH,ensemble_rf,0.02778228372335434,0.15237818658351898,False,0.2399394060596612,,,False,ok,
2025-01-01T00:12:16,sensor_1,Normal,HIGH,ensemble_rf,0.028259027749300003,0.15237818658351898,False,0.27501699047402267,,,False,ok,
2025-01-01T00:12:19,sensor_1,Normal,HIGH,ensemble_rf,0.02825767919421196,0.15237818658351898,False,0.24676759555472497,,,False,ok,
2025-01-01T00:12:22,sensor_1,Normal,HIGH,ensemble_rf,0.028625862672924995,0.15237818658351898,False,0.25405768562422504,,,False,ok,
2025-01-01T00:12:25,sensor_1,Normal,HIGH,ensemble_rf,0.03118845261633396,0.15237818658351898,False,0.25827381047581816,,,False,ok,
2025-01-01T00:12:28,sensor_1,Normal,HIGH,ensemble_rf,0.030434584245085716,0.15237818658351898,False,0.27705642353762266,,,False,ok,
2025-01-01T00:12:31,sensor_1,Normal,HIGH,ensemble_rf,0.03094916231930256,0.15237818658351898,False,0.29324521847919405,,,False,ok,
2025-01-01T00:12:34,sensor_1,Normal,HIGH,ensemble_rf,0.03067568503320217,0.15237818658351898,False,0.2903778459596853,,,False,ok,
2025-01-01T00:12:37,sensor_1,Normal,HIGH,ensemble_rf,0.028853345662355423,0.15237818658351898,False,0.2791645067109413,,,False,ok,
2025-01-01T00:12:40,sensor_1,Normal,HIGH,ensemble_rf,0.02973824180662632,0.15237818658351898,False,0.2788975551259845,,,False,ok,
2025-01-01T00:12:43,sensor_1,Normal,HIGH,ensemble_rf,0.027122579514980316,0.15237818658351898,False,0.2821998408848419,,,False,ok,
2025-01-01T00:12:46,sensor_1,Normal,HIGH,ensemble_rf,0.03306780755519867,0.15237818658351898,False,0.32577107540870986,,,False,ok,
2025-01-01T00:12:49,sensor_1,Normal,HIGH,ensemble_rf,0.03260588273406029,0.15237818658351898,False,0.34399116745731423,,,False,ok,
2025-01-01T00:12:52,sensor_1,Normal,HIGH,ensemble_rf,0.031094858422875404,0.15237818658351898,False,0.3377347240588038,,,False,ok,
2025-01-01T00:12:55,sensor_1,Normal,HIGH,ensemble_rf,0.03289753943681717,0.15237818658351898,False,0.331394421531867,,,False,ok,
2025-01-01T00:12:58,sensor_1,Normal,HIGH,ensemble_rf,0.031899746507406235,0.15237818658351898,False,0.2930737348088813,,,False,ok,
2025-01-01T00:13:01,sensor_1,Normal,HIGH,ensemble_rf,0.03324601799249649,0.15237818658351898,False,0.27739581115660394,,,False,ok,
2025-01-01T00:13:04,sensor_1,Normal,HIGH,ensemble_rf,0.032462816685438156,0.15237818658351898,False,0.2740369153790343,,,False,ok,
2025-01-01T00:13:07,sensor_1,Normal,HIGH,ensemble_rf,0.032751619815826416,0.15237818658351898,False,0.2653709622571867,,,False,ok,
2025-01-01T00:13:10,sensor_1,Normal,HIGH,ensemble_rf,0.03381896764039993,0.15237818658351898,False,0.23293651841190866,,,False,ok,
2025-01-01T00:13:13,sensor_1,Normal,HIGH,ensemble_rf,0.031897272914648056,0.15237818658351898,False,0.24299600178221795,,,False,ok,
2025-01-01T00:13:16,sensor_1,Normal,HIGH,ensemble_rf,0.02710234932601452,0.15237818658351898,False,0.24036698759305453,,,False,ok,
2025-01-01T00:13:19,sensor_1,Normal,HIGH,ensemble_rf,0.02903958223760128,0.15237818658351898,False,0.23271033110622796,,,False,ok,
2025-01-01T00:13:22,sensor_1,Normal,HIGH,ensemble_rf,0.029677726328372955,0.15237818658351898,False,0.2310185046647587,,,False,ok,
2025-01-01T00:13:25,sensor_1,Normal,HIGH,ensemble_rf,0.02789994888007641,0.15237818658351898,False,0.2106401046094178,,,False,ok,
2025-01-01T00:13:28,sensor_1,Normal,HIGH,ensemble_rf,0.029310327023267746,0.15237818658351898,False,0.20250311187426906,,,False,ok,
2025-01-01T00:13:31,sensor_1,Normal,HIGH,ensemble_rf,0.026683825999498367,0.15237818658351898,False,0.19935065172221533,,,False,ok,
2025-01-01T00:13:34,sensor_1,Normal,HIGH,ensemble_rf,0.02561691403388977,0.15237818658351898,False,0.22497510998258624,,,False,ok,
2025-01-01T00:13:37,sensor_1,Normal,HIGH,ensemble_rf,0.028325475752353668,0.15237818658351898,False,0.2269102905646671,,,False,ok,
2025-01-01T00:13:40,sensor_1,Normal,HIGH,ensemble_rf,0.024744516238570213,0.15237818658351898,False,0.23216068574119267,,,False,ok,
2025-01-01T00:13:43,sensor_1,Normal,HIGH,ensemble_rf,0.023685015738010406,0.15237818658351898,False,0.2236089431502406,,,False,ok,
2025-01-01T00:13:46,sensor_1,Normal,HIGH,ensemble_rf,0.026503602042794228,0.15237818658351898,False,0.2211700485831899,,,False,ok,
2025-01-01T00:13:49,sensor_1,Normal,HIGH,ensemble_rf,0.027606505900621414,0.15237818658351898,False,0.21963076228499767,,,False,ok,
2025-01-01T00:13:52,sensor_1,Normal,HIGH,ensemble_rf,0.02712741307914257,0.15237818658351898,False,0.252883793416103,,,False,ok,
2025-01-01T00:13:55,sensor_1,Normal,HIGH,ensemble_rf,0.022281819954514503,0.15237818658351898,False,0.2906823662428748,,,False,ok,
2025-01-01T00:13:58,sensor_1,Normal,HIGH,ensemble_rf,0.02423940785229206,0.15237818658351898,False,0.23281253859068632,,,False,ok,
2025-01-01T00:14:01,sensor_1,Normal,HIGH,ensemble_rf,0.02298019267618656,0.15237818658351898,False,0.2313887025446063,,,False,ok,
2025-01-01T00:14:04,sensor_1,Normal,HIGH,ensemble_rf,0.027036460116505623,0.15237818658351898,False,0.15674341211738418,,,False,ok,
2025-01-01T00:14:07,sensor_1,Normal,HIGH,ensemble_rf,0.028028789907693863,0.15237818658351898,False,0.15146477337586958,,,False,ok,
2025-01-01T00:14:10,sensor_1,Normal,HIGH,ensemble_rf,0.023439684882760048,0.15237818658351898,False,0.1848507926087437,,,False,ok,
2025-01-01T00:14:13,sensor_1,Normal,HIGH,ensemble_rf,0.02298141084611416,0.15237818658351898,False,0.2081356379669539,,,False,ok,
2025-01-01T00:14:16,sensor_1,Normal,HIGH,ensemble_rf,0.021973637863993645,0.15237818658351898,False,0.20349667141214164,,,False,ok,
2025-01-01T00:14:19,sensor_1,Normal,HIGH,ensemble_rf,0.022904736921191216,0.15237818658351898,False,0.20230092609161923,,,False,ok,
2025-01-01T00:14:22,sensor_1,Normal,HIGH,ensemble_rf,0.02330014482140541,0.15237818658351898,False,0.19162265629492412,,,False,ok,
2025-01-01T00:14:25,sensor_1,Normal,HIGH,ensemble_rf,0.020832087844610214,0.15237818658351898,False,0.20042801464807924,,,False,ok,
2025-01-01T00:14:28,sensor_1,Normal,HIGH,ensemble_rf,0.017789963632822037,0.15237818658351898,False,0.35667734335689916,,,False,ok,
2025-01-01T00:14:31,sensor_1,Normal,HIGH,ensemble_rf,0.01930568739771843,0.15237818658351898,False,0.3343075934847924,,,False,ok,
2025-01-01T00:14:34,sensor_1,Normal,HIGH,ensemble_rf,0.02038496546447277,0.15237818658351898,False,0.33538129786790294,,,False,ok,
2025-01-01T00:14:37,sensor_1,Normal,HIGH,ensemble_rf,0.0204657930880785,0.15237818658351898,False,0.34352801362891544,,,False,ok,
2025-01-01T00:14:40,sensor_1,Normal,HIGH,ensemble_rf,0.023220457136631012,0.15237818658351898,False,0.349608911580811,,,False,ok,
2025-01-01T00:14:43,sensor_1,Normal,HIGH,ensemble_rf,0.021415848284959793,0.15237818658351898,False,0.31252896250229767,,,False,ok,
2025-01-01T00:14:46,sensor_1,Normal,HIGH,ensemble_rf,0.020384948700666428,0.15237818658351898,False,0.30485546534373065,,,False,ok,
2025-01-01T00:14:49,sensor_1,Normal,HIGH,ensemble_rf,0.02032240852713585,0.15237818658351898,False,0.2679865090095682,,,False,ok,
2025-01-01T00:14:52,sensor_1,Normal,HIGH,ensemble_rf,0.0225948765873909,0.15237818658351898,False,0.30109620350924104,,,False,ok,
2025-01-01T00:14:55,sensor_1,Normal,HIGH,ensemble_rf,0.023660069331526756,0.15237818658351898,False,0.3053691013295906,,,False,ok,
2025-01-01T00:14:58,sensor_1,Normal,HIGH,ensemble_rf,0.024441421031951904,0.15237818658351898,False,0.3186363672347723,,,False,ok,
2025-01-01T00:15:01,sensor_1,Injection Attack,HIGH,rule_engine,0.03255759924650192,0.15237818658351898,False,0.34091013242929347,,,False,ok,
2025-01-01T00:15:04,sensor_1,Injection Attack,HIGH,rule_engine,0.041596923023462296,0.15237818658351898,False,0.195672877967907,,,False,ok,
2025-01-01T00:15:07,sensor_1,Injection Attack,HIGH,rule_engine,0.04536207392811775,0.15237818658351898,False,0.237285889537253,,,False,ok,
2025-01-01T00:15:10,sensor_1,Injection Attack,HIGH,rule_engine,0.052044209092855453,0.15237818658351898,False,0.22746368042534468,,,False,ok,
2025-01-01T00:15:13,sensor_1,Injection Attack,HIGH,rule_engine,0.05936287343502045,0.15237818658351898,False,0.23784706961708962,,,False,ok,
2025-01-01T00:15:16,sensor_1,Injection Attack,HIGH,rule_engine,0.06753584742546082,0.15237818658351898,False,0.21536482224818737,,,False,ok,
2025-01-01T00:15:19,sensor_1,Injection Attack,HIGH,rule_engine,0.07486619800329208,0.15237818658351898,False,0.1934862741123188,,,False,ok,
2025-01-01T00:15:22,sensor_1,Injection Attack,HIGH,rule_engine,0.0848398357629776,0.15237818658351898,False,0.22456798154180177,,,False,ok,
2025-01-01T00:15:25,sensor_1,Injection Attack,HIGH,rule_engine,0.08674594759941101,0.15237818658351898,False,0.224529794132632,,,False,ok,
2025-01-01T00:15:28,sensor_1,Injection Attack,HIGH,rule_engine,0.09511718153953552,0.15237818658351898,False,0.22993570309583647,,,False,ok,
2025-01-01T00:15:31,sensor_1,Injection Attack,HIGH,rule_engine,0.10424406081438065,0.15237818658351898,False,0.21909088265276522,,,False,ok,
2025-01-01T00:15:34,sensor_1,Injection Attack,HIGH,rule_engine,0.11064083874225616,0.15237818658351898,False,0.1569751108776796,,,False,ok,
2025-01-01T00:15:37,sensor_1,Injection Attack,HIGH,rule_engine,0.1208130493760109,0.15237818658351898,False,0.1457110963806614,,,False,ok,
2025-01-01T00:15:40,sensor_1,Injection Attack,HIGH,rule_engine,0.12015847116708755,0.15237818658351898,False,0.1403485780140198,,,False,ok,
2025-01-01T00:15:43,sensor_1,Injection Attack,HIGH,rule_engine,0.1289021372795105,0.15237818658351898,False,0.1817587962649435,,,False,ok,
2025-01-01T00:15:46,sensor_1,Injection Attack,HIGH,rule_engine,0.13510218262672424,0.15237818658351898,False,0.17651507532094157,,,False,ok,
2025-01-01T00:15:49,sensor_1,Noise Attack,HIGH,rule_engine,0.13757677376270294,0.15237818658351898,False,0.23314686444811328,,,False,ok,
2025-01-01T00:15:52,sensor_1,Noise Attack,HIGH,rule_engine,0.1453535407781601,0.15237818658351898,False,0.20586805528875582,,,False,ok,
2025-01-01T00:15:55,sensor_1,Noise Attack,HIGH,rule_engine,0.153842955827713,0.15237818658351898,False,0.2435345948953032,,,True,ok,
2025-01-01T00:15:58,sensor_1,Noise Attack,HIGH,rule_engine,0.15827256441116333,0.15237818658351898,False,0.24451177003199562,,,True,ok,
2025-01-01T00:16:01,sensor_1,Noise Attack,HIGH,rule_engine,0.16451357305049896,0.15237818658351898,False,0.2541131697096348,,,True,ok,
2025-01-01T00:16:04,sensor_1,Noise Attack,HIGH,rule_engine,0.17309755086898804,0.15237818658351898,False,0.232253608824541,,,True,ok,
2025-01-01T00:16:07,sensor_1,Noise Attack,HIGH,rule_engine,0.1813041716814041,0.15237818658351898,False,0.2281186319244502,,,True,ok,
2025-01-01T00:16:10,sensor_1,Noise Attack,HIGH,rule_engine,0.18391799926757812,0.15237818658351898,False,0.22960365353283738,,,True,ok,
2025-01-01T00:16:13,sensor_1,Noise Attack,HIGH,rule_engine,0.19210335612297058,0.15237818658351898,False,0.20027051129971643,,,True,ok,
2025-01-01T00:16:16,sensor_1,Noise Attack,HIGH,rule_engine,0.19838164746761322,0.15237818658351898,False,0.1973745343437246,,,True,ok,
2025-01-01T00:16:19,sensor_1,Noise Attack,HIGH,rule_engine,0.2030133157968521,0.15237818658351898,False,0.19689767926135546,,,True,ok,
2025-01-01T00:16:22,sensor_1,Noise Attack,HIGH,rule_engine,0.20538568496704102,0.15237818658351898,False,0.20180894198117208,,,True,ok,
2025-01-01T00:16:25,sensor_1,Noise Attack,HIGH,rule_engine,0.21274572610855103,0.15237818658351898,False,0.24058132482069408,,,True,ok,
2025-01-01T00:16:28,sensor_1,Injection Attack,HIGH,rule_engine,0.2267792969942093,0.15237818658351898,False,0.2491258654147524,,,True,ok,
2025-01-01T00:16:31,sensor_1,Injection Attack,HIGH,rule_engine,0.22102655470371246,0.15237818658351898,False,0.21778392709063943,,,True,ok,
2025-01-01T00:16:34,sensor_1,Injection Attack,HIGH,rule_engine,0.22350123524665833,0.15237818658351898,False,0.22263556733014297,,,True,ok,
2025-01-01T00:16:37,sensor_1,Injection Attack,HIGH,rule_engine,0.22408105432987213,0.15237818658351898,False,0.22860304498864337,,,True,ok,
2025-01-01T00:16:40,sensor_1,Injection Attack,HIGH,rule_engine,0.22381208837032318,0.15237818658351898,False,0.20025455456624836,,,True,ok,
2025-01-01T00:16:43,sensor_1,Injection Attack,HIGH,rule_engine,0.22488321363925934,0.15237818658351898,False,0.20366351756651957,,,True,ok,
2025-01-01T00:16:46,sensor_1,Injection Attack,HIGH,rule_engine,0.22905860841274261,0.15237818658351898,False,0.23273598500287754,,,True,ok,
2025-01-01T00:16:49,sensor_1,Injection Attack,HIGH,rule_engine,0.22017960250377655,0.15237818658351898,False,0.2300247120586279,,,True,ok,
2025-01-01T00:16:52,sensor_1,Injection Attack,HIGH,rule_engine,0.2231072336435318,0.15237818658351898,False,0.24629287409295142,,,True,ok,
2025-01-01T00:16:55,sensor_1,Injection Attack,HIGH,rule_engine,0.2215164303779602,0.15237818658351898,False,0.23801709786777525,,,True,ok,
2025-01-01T00:16:58,sensor_1,Injection Attack,HIGH,rule_engine,0.22026054561138153,0.15237818658351898,False,0.23305829871138242,,,True,ok,
2025-01-01T00:17:01,sensor_1,Injection Attack,HIGH,rule_engine,0.21363374590873718,0.15237818658351898,False,0.2555045085962008,,,True,ok,
2025-01-01T00:17:04,sensor_1,Injection Attack,HIGH,rule_engine,0.21206381916999817,0.15237818658351898,False,0.2364348866015743,,,True,ok,
2025-01-01T00:17:07,sensor_1,Injection Attack,HIGH,rule_engine,0.20065633952617645,0.15237818658351898,False,0.23211936357981722,,,True,ok,
2025-01-01T00:17:10,sensor_1,Injection Attack,HIGH,rule_engine,0.2018163949251175,0.15237818658351898,False,0.1975206733643199,,,True,ok,
2025-01-01T00:17:13,sensor_1,Injection Attack,HIGH,rule_engine,0.1880948692560196,0.15237818658351898,False,0.1787002182472159,,,True,ok,
2025-01-01T00:17:16,sensor_1,Injection Attack,HIGH,rule_engine,0.18374964594841003,0.15237818658351898,False,0.21589809901206655,,,True,ok,
2025-01-01T00:17:19,sensor_1,Injection Attack,HIGH,rule_engine,0.18199624121189117,0.15237818658351898,False,0.18330909994335223,,,True,ok,
2025-01-01T00:17:22,sensor_1,Noise Attack,HIGH,rule_engine,0.168536975979805,0.15237818658351898,False,0.19904536098987663,,,True,ok,
2025-01-01T00:17:25,sensor_1,Injection Attack,HIGH,rule_engine,0.1648874282836914,0.15237818658351898,False,0.232179654581578,,,True,ok,
2025-01-01T00:17:28,sensor_1,Injection Attack,HIGH,rule_engine,0.16144560277462006,0.15237818658351898,False,0.22765616088818827,,,True,ok,
2025-01-01T00:17:31,sensor_1,Injection Attack,HIGH,rule_engine,0.15418726205825806,0.15237818658351898,False,0.24980038997947762,,,True,ok,
2025-01-01T00:17:34,sensor_1,Injection Attack,HIGH,rule_engine,0.1511496752500534,0.15237818658351898,False,0.271534325770272,,,False,ok,
2025-01-01T00:17:37,sensor_1,Injection Attack,HIGH,rule_engine,0.14076261222362518,0.15237818658351898,False,0.2615014429195271,,,False,ok,
2025-01-01T00:17:40,sensor_1,Injection Attack,HIGH,rule_engine,0.13863444328308105,0.15237818658351898,False,0.23564738226986368,,,False,ok,
2025-01-01T00:17:43,sensor_1,Injection Attack,HIGH,rule_engine,0.12467698752880096,0.15237818658351898,False,0.24506219357215522,,,False,ok,
2025-01-01T00:17:46,sensor_1,Injection Attack,HIGH,rule_engine,0.11956071108579636,0.15237818658351898,False,0.20940549812635828,,,False,ok,
2025-01-01T00:17:49,sensor_1,Injection Attack,HIGH,rule_engine,0.1140732392668724,0.15237818658351898,False,0.1720969875616638,,,False,ok,
2025-01-01T00:17:52,sensor_1,Injection Attack,HIGH,rule_engine,0.10845181345939636,0.15237818658351898,False,0.21411621558134683,,,False,ok,
2025-01-01T00:17:55,sensor_1,Injection Attack,HIGH,rule_engine,0.10071083903312683,0.15237818658351898,False,0.25295808159702654,,,False,ok,
2025-01-01T00:17:58,sensor_1,Injection Attack,HIGH,rule_engine,0.09337863326072693,0.15237818658351898,False,0.22980974544970595,,,False,ok,
2025-01-01T00:18:01,sensor_1,Injection Attack,HIGH,rule_engine,0.08716108649969101,0.15237818658351898,False,0.22695463339544567,,,False,ok,
2025-01-01T00:18:04,sensor_1,Injection Attack,HIGH,rule_engine,0.08551567047834396,0.15237818658351898,False,0.247901644240383,,,False,ok,
2025-01-01T00:18:07,sensor_1,Injection Attack,HIGH,rule_engine,0.0713062733411789,0.15237818658351898,False,0.20611106687271016,,,False,ok,
2025-01-01T00:18:10,sensor_1,Injection Attack,HIGH,rule_engine,0.06488216668367386,0.15237818658351898,False,0.2013405791271578,,,False,ok,
2025-01-01T00:18:13,sensor_1,Injection Attack,HIGH,rule_engine,0.06019113212823868,0.15237818658351898,False,0.2562951625633704,,,False,ok,
2025-01-01T00:18:16,sensor_1,Injection Attack,HIGH,rule_engine,0.055584561079740524,0.15237818658351898,False,0.26297915524078247,,,False,ok,
2025-01-01T00:18:19,sensor_1,Injection Attack,HIGH,rule_engine,0.0511339046061039,0.15237818658351898,False,0.21662435934904153,,,False,ok,
2025-01-01T00:18:22,sensor_1,Injection Attack,HIGH,rule_engine,0.04959391430020332,0.15237818658351898,False,0.24525332823734808,,,False,ok,
2025-01-01T00:18:25,sensor_1,Injection Attack,HIGH,rule_engine,0.03614742308855057,0.15237818658351898,False,0.20719107491653047,,,False,ok,
2025-01-01T00:18:28,sensor_1,Normal,HIGH,ensemble_rf,0.026753513142466545,0.15237818658351898,False,0.22413850410401437,,,False,ok,
2025-01-01T00:18:31,sensor_1,Normal,HIGH,ensemble_rf,0.027518654242157936,0.15237818658351898,False,0.2592585208056049,,,False,ok,
2025-01-01T00:18:34,sensor_1,Normal,HIGH,ensemble_rf,0.02950579859316349,0.15237818658351898,False,0.2522385803080341,,,False,ok,
2025-01-01T00:18:37,sensor_1,Normal,HIGH,ensemble_rf,0.025725210085511208,0.15237818658351898,False,0.25689413419377854,,,False,ok,
2025-01-01T00:18:40,sensor_1,Normal,HIGH,ensemble_rf,0.026606542989611626,0.15237818658351898,False,0.21522495755361196,,,False,ok,
2025-01-01T00:18:43,sensor_1,Normal,HIGH,ensemble_rf,0.026834554970264435,0.15237818658351898,False,0.20387782027574808,,,False,ok,
2025-01-01T00:18:46,sensor_1,Normal,HIGH,ensemble_rf,0.029638173058629036,0.15237818658351898,False,0.19286987701699848,,,False,ok,
2025-01-01T00:18:49,sensor_1,Normal,HIGH,ensemble_rf,0.031007910147309303,0.15237818658351898,False,0.20932333071358328,,,False,ok,
2025-01-01T00:18:52,sensor_1,Normal,HIGH,ensemble_rf,0.03049091249704361,0.15237818658351898,False,0.22300709993267184,,,False,ok,
2025-01-01T00:18:55,sensor_1,Normal,HIGH,ensemble_rf,0.030087267979979515,0.15237818658351898,False,0.24788252379472459,,,False,ok,
2025-01-01T00:18:58,sensor_1,Normal,HIGH,ensemble_rf,0.030324924737215042,0.15237818658351898,False,0.2510722562092171,,,False,ok,
2025-01-01T00:19:01,sensor_1,Normal,HIGH,ensemble_rf,0.032306309789419174,0.15237818658351898,False,0.24949392945623186,,,False,ok,
2025-01-01T00:19:04,sensor_1,Normal,HIGH,ensemble_rf,0.03534131497144699,0.15237818658351898,False,0.24273091226176582,,,False,ok,
2025-01-01T00:19:07,sensor_1,Normal,HIGH,ensemble_rf,0.029992174357175827,0.15237818658351898,False,0.3240026936796531,,,False,ok,
2025-01-01T00:19:10,sensor_1,Normal,HIGH,ensemble_rf,0.029830319806933403,0.15237818658351898,False,0.31702046373307824,,,False,ok,
2025-01-01T00:19:13,sensor_1,Normal,HIGH,ensemble_rf,0.02641536109149456,0.15237818658351898,False,0.31244319391745273,,,False,ok,
2025-01-01T00:19:16,sensor_1,Normal,HIGH,ensemble_rf,0.02866353839635849,0.15237818658351898,False,0.34904244980779414,,,False,ok,
2025-01-01T00:19:19,sensor_1,Normal,HIGH,ensemble_rf,0.027977533638477325,0.15237818658351898,False,0.2515902037405419,,,False,ok,
2025-01-01T00:19:22,sensor_1,Normal,HIGH,ensemble_rf,0.026108836755156517,0.15237818658351898,False,0.2314898843203521,,,False,ok,
2025-01-01T00:19:25,sensor_1,Normal,HIGH,ensemble_rf,0.02802225761115551,0.15237818658351898,False,0.2463378032862661,,,False,ok,
2025-01-01T00:19:28,sensor_1,Normal,HIGH,ensemble_rf,0.026853881776332855,0.15237818658351898,False,0.20987975356972946,,,False,ok,
2025-01-01T00:19:31,sensor_1,Normal,HIGH,ensemble_rf,0.027149368077516556,0.15237818658351898,False,0.20291870046289953,,,False,ok,
2025-01-01T00:19:34,sensor_1,Normal,HIGH,ensemble_rf,0.024373650550842285,0.15237818658351898,False,0.22220432586931496,,,False,ok,
2025-01-01T00:19:37,sensor_1,Normal,HIGH,ensemble_rf,0.02483806200325489,0.15237818658351898,False,0.2279049502704292,,,False,ok,
2025-01-01T00:19:40,sensor_1,Normal,HIGH,ensemble_rf,0.028318295255303383,0.15237818658351898,False,0.21239883913872004,,,False,ok,
2025-01-01T00:19:43,sensor_1,Normal,HIGH,ensemble_rf,0.024162758141756058,0.15237818658351898,False,0.2649995745859097,,,False,ok,
2025-01-01T00:19:46,sensor_1,Normal,HIGH,ensemble_rf,0.023455237969756126,0.15237818658351898,False,0.26635811517877245,,,False,ok,
2025-01-01T00:19:49,sensor_1,Normal,HIGH,ensemble_rf,0.022808576002717018,0.15237818658351898,False,0.30172008898776476,,,False,ok,
2025-01-01T00:19:52,sensor_1,Normal,HIGH,ensemble_rf,0.025041155517101288,0.15237818658351898,False,0.29803920356922503,,,False,ok,
2025-01-01T00:19:55,sensor_1,Normal,HIGH,ensemble_rf,0.027145953848958015,0.15237818658351898,False,0.2978195102553304,,,False,ok,
2025-01-01T00:19:58,sensor_1,Normal,HIGH,ensemble_rf,0.025220023468136787,0.15237818658351898,False,0.2797035933523334,,,False,ok,
2025-01-01T00:20:01,sensor_1,Normal,HIGH,ensemble_rf,0.02446691133081913,0.15237818658351898,False,0.2170315691273428,,,False,ok,
2025-01-01T00:20:04,sensor_1,Normal,HIGH,ensemble_rf,0.024610785767436028,0.15237818658351898,False,0.2650731862621268,,,False,ok,
2025-01-01T00:20:07,sensor_1,Normal,HIGH,ensemble_rf,0.022401457652449608,0.15237818658351898,False,0.22330207338681576,,,False,ok,
2025-01-01T00:20:10,sensor_1,Normal,HIGH,ensemble_rf,0.02067689038813114,0.15237818658351898,False,0.19248675304012508,,,False,ok,
2025-01-01T00:20:13,sensor_1,Normal,HIGH,ensemble_rf,0.01858069933950901,0.15237818658351898,False,0.1818392334805468,,,False,ok,
2025-01-01T00:20:16,sensor_1,Normal,HIGH,ensemble_rf,0.020328743383288383,0.15237818658351898,False,0.19169106170708292,,,False,ok,
2025-01-01T00:20:19,sensor_1,Normal,HIGH,ensemble_rf,0.018480384722352028,0.15237818658351898,False,0.21246428723576943,,,False,ok,
2025-01-01T00:20:22,sensor_1,Normal,HIGH,ensemble_rf,0.019444240257143974,0.15237818658351898,False,0.22811901034952425,,,False,ok,
2025-01-01T00:20:25,sensor_1,Normal,HIGH,ensemble_rf,0.019943738356232643,0.15237818658351898,False,0.17843972521316223,,,False,ok,
2025-01-01T00:20:28,sensor_1,Normal,HIGH,ensemble_rf,0.019139748066663742,0.15237818658351898,False,0.17185078075140178,,,False,ok,
2025-01-01T00:20:31,sensor_1,Normal,HIGH,ensemble_rf,0.017525531351566315,0.15237818658351898,False,0.19376673583035148,,,False,ok,
2025-01-01T00:20:34,sensor_1,Normal,HIGH,ensemble_rf,0.018364790827035904,0.15237818658351898,False,0.1595655378466031,,,False,ok,
2025-01-01T00:20:37,sensor_1,Normal,HIGH,ensemble_rf,0.018985042348504066,0.15237818658351898,False,0.20166421211069127,,,False,ok,
2025-01-01T00:20:40,sensor_1,Normal,HIGH,ensemble_rf,0.018727021291851997,0.15237818658351898,False,0.1902859383008801,,,False,ok,
2025-01-01T00:20:43,sensor_1,Normal,HIGH,ensemble_rf,0.01770811900496483,0.15237818658351898,False,0.18008377302373954,,,False,ok,
2025-01-01T00:20:46,sensor_1,Normal,HIGH,ensemble_rf,0.018705425783991814,0.15237818658351898,False,0.16685379881654794,,,False,ok,
2025-01-01T00:20:49,sensor_1,Normal,HIGH,ensemble_rf,0.01910756342113018,0.15237818658351898,False,0.2098690928694355,,,False,ok,
2025-01-01T00:20:52,sensor_1,Normal,HIGH,ensemble_rf,0.020111845806241035,0.15237818658351898,False,0.21292448377070483,,,False,ok,
2025-01-01T00:20:55,sensor_1,Normal,HIGH,ensemble_rf,0.02205376699566841,0.15237818658351898,False,0.22303174876742685,,,False,ok,
2025-01-01T00:20:58,sensor_1,Normal,HIGH,ensemble_rf,0.022820303216576576,0.15237818658351898,False,0.19269129948039798,,,False,ok,
2025-01-01T00:21:01,sensor_1,Normal,HIGH,ensemble_rf,0.02532847970724106,0.15237818658351898,False,0.21111802306733926,,,False,ok,
2025-01-01T00:21:04,sensor_1,Normal,HIGH,ensemble_rf,0.021219410002231598,0.15237818658351898,False,0.22023321151661915,,,False,ok,
2025-01-01T00:21:07,sensor_1,Normal,HIGH,ensemble_rf,0.02158806286752224,0.15237818658351898,False,0.1965210031238594,,,False,ok,
2025-01-01T00:21:10,sensor_1,Normal,HIGH,ensemble_rf,0.023997636511921883,0.15237818658351898,False,0.18340346450656128,,,False,ok,
2025-01-01T00:21:13,sensor_1,Normal,HIGH,ensemble_rf,0.024389944970607758,0.15237818658351898,False,0.22624312942403002,,,False,ok,
2025-01-01T00:21:16,sensor_1,Normal,HIGH,ensemble_rf,0.023546189069747925,0.15237818658351898,False,0.23562580112203388,,,False,ok,
2025-01-01T00:21:19,sensor_1,Normal,HIGH,ensemble_rf,0.021184870973229408,0.15237818658351898,False,0.21576472880984413,,,False,ok,
2025-01-01T00:21:22,sensor_1,Normal,HIGH,ensemble_rf,0.020292766392230988,0.15237818658351898,False,0.2276577829054915,,,False,ok,
2025-01-01T00:21:25,sensor_1,Normal,HIGH,ensemble_rf,0.020919786766171455,0.15237818658351898,False,0.2505465994527069,,,False,ok,
2025-01-01T00:21:28,sensor_1,Normal,HIGH,ensemble_rf,0.02236965112388134,0.15237818658351898,False,0.2452636102014457,,,False,ok,
2025-01-01T00:21:31,sensor_1,Normal,HIGH,ensemble_rf,0.023995060473680496,0.15237818658351898,False,0.2530632041639391,,,False,ok,
2025-01-01T00:21:34,sensor_1,Normal,HIGH,ensemble_rf,0.026856940239667892,0.15237818658351898,False,0.3199062026487743,,,False,ok,
2025-01-01T00:21:37,sensor_1,Normal,HIGH,ensemble_rf,0.027091436088085175,0.15237818658351898,False,0.2921721506794011,,,False,ok,
2025-01-01T00:21:40,sensor_1,Normal,HIGH,ensemble_rf,0.028295673429965973,0.15237818658351898,False,0.30873394761106776,,,False,ok,
2025-01-01T00:21:43,sensor_1,Normal,HIGH,ensemble_rf,0.02689412236213684,0.15237818658351898,False,0.3097076742756755,,,False,ok,
2025-01-01T00:21:46,sensor_1,Normal,HIGH,ensemble_rf,0.0269123874604702,0.15237818658351898,False,0.27482377229153726,,,False,ok,
2025-01-01T00:21:49,sensor_1,Normal,HIGH,ensemble_rf,0.025603296235203743,0.15237818658351898,False,0.2812018499319149,,,False,ok,
2025-01-01T00:21:52,sensor_1,Normal,HIGH,ensemble_rf,0.025492876768112183,0.15237818658351898,False,0.29229095439281577,,,False,ok,
2025-01-01T00:21:55,sensor_1,Normal,HIGH,ensemble_rf,0.025728000327944756,0.15237818658351898,False,0.3338162692331079,,,False,ok,
2025-01-01T00:21:58,sensor_1,Normal,HIGH,ensemble_rf,0.027024203911423683,0.15237818658351898,False,0.3278676839522786,,,False,ok,
2025-01-01T00:22:01,sensor_1,Normal,HIGH,ensemble_rf,0.02747582644224167,0.15237818658351898,False,0.33832391220482577,,,False,ok,
2025-01-01T00:22:04,sensor_1,Normal,HIGH,ensemble_rf,0.027444304898381233,0.15237818658351898,False,0.3473737493665199,,,False,ok,
2025-01-01T00:22:07,sensor_1,Normal,HIGH,ensemble_rf,0.026938293129205704,0.15237818658351898,False,0.3614421224988051,,,False,ok,
2025-01-01T00:22:10,sensor_1,Normal,HIGH,ensemble_rf,0.02878814935684204,0.15237818658351898,False,0.35341719220722123,,,False,ok,
2025-01-01T00:22:13,sensor_1,Normal,HIGH,ensemble_rf,0.028433222323656082,0.15237818658351898,False,0.36720586597344085,,,False,ok,
2025-01-01T00:22:16,sensor_1,Normal,HIGH,ensemble_rf,0.025666357949376106,0.15237818658351898,False,0.36393365377105147,,,False,ok,
2025-01-01T00:22:19,sensor_1,Normal,HIGH,ensemble_rf,0.02674558013677597,0.15237818658351898,False,0.37750100739302006,,,False,ok,
2025-01-01T00:22:22,sensor_1,Normal,HIGH,ensemble_rf,0.02533244527876377,0.15237818658351898,False,0.36688073387976705,,,False,ok,
2025-01-01T00:22:25,sensor_1,Normal,HIGH,ensemble_rf,0.026467913761734962,0.15237818658351898,False,0.34185694275924733,,,False,ok,
2025-01-01T00:22:28,sensor_1,Normal,HIGH,ensemble_rf,0.02937239035964012,0.15237818658351898,False,0.286858006511159,,,False,ok,
2025-01-01T00:22:31,sensor_1,Normal,HIGH,ensemble_rf,0.025244848802685738,0.15237818658351898,False,0.280378970620469,,,False,ok,
2025-01-01T00:22:34,sensor_1,Normal,HIGH,ensemble_rf,0.02534228190779686,0.15237818658351898,False,0.3005098495803324,,,False,ok,
2025-01-01T00:22:37,sensor_1,Normal,HIGH,ensemble_rf,0.02612699195742607,0.15237818658351898,False,0.31481346599108273,,,False,ok,
2025-01-01T00:22:40,sensor_1,Normal,HIGH,ensemble_rf,0.030072664842009544,0.15237818658351898,False,0.3172376452514173,,,False,ok,
2025-01-01T00:22:43,sensor_1,Normal,HIGH,ensemble_rf,0.02733791247010231,0.15237818658351898,False,0.302858563478306,,,False,ok,
2025-01-01T00:22:46,sensor_1,Normal,HIGH,ensemble_rf,0.025569122284650803,0.15237818658351898,False,0.2788080250884943,,,False,ok,
2025-01-01T00:22:49,sensor_1,Normal,HIGH,ensemble_rf,0.029842058196663857,0.15237818658351898,False,0.35923797110849015,,,False,ok,
2025-01-01T00:22:52,sensor_1,Normal,HIGH,ensemble_rf,0.03439773991703987,0.15237818658351898,False,0.2994607015783449,,,False,ok,
2025-01-01T00:22:55,sensor_1,Normal,HIGH,ensemble_rf,0.03201685845851898,0.15237818658351898,False,0.29365556529835624,,,False,ok,
2025-01-01T00:22:58,sensor_1,Normal,HIGH,ensemble_rf,0.03014316037297249,0.15237818658351898,False,0.30261916811665557,,,False,ok,
2025-01-01T00:23:01,sensor_1,Normal,HIGH,ensemble_rf,0.029981469735503197,0.15237818658351898,False,0.29618849055096697,,,False,ok,
2025-01-01T00:23:04,sensor_1,Normal,HIGH,ensemble_rf,0.02616334892809391,0.15237818658351898,False,0.28922173606150037,,,False,ok,
2025-01-01T00:23:07,sensor_1,Normal,HIGH,ensemble_rf,0.023893509060144424,0.15237818658351898,False,0.271257227919961,,,False,ok,
2025-01-01T00:23:10,sensor_1,Normal,HIGH,ensemble_rf,0.02515411749482155,0.15237818658351898,False,0.26766752048382075,,,False,ok,
2025-01-01T00:23:13,sensor_1,Normal,HIGH,ensemble_rf,0.027309121564030647,0.15237818658351898,False,0.25334111222421996,,,False,ok,
2025-01-01T00:23:16,sensor_1,Normal,HIGH,ensemble_rf,0.025521205738186836,0.15237818658351898,False,0.24445523607831962,,,False,ok,
2025-01-01T00:23:19,sensor_1,Normal,HIGH,ensemble_rf,0.027600416913628578,0.15237818658351898,False,0.29567232607332666,,,False,ok,
2025-01-01T00:23:22,sensor_1,Normal,HIGH,ensemble_rf,0.02778180129826069,0.15237818658351898,False,0.302574761005401,,,False,ok,
2025-01-01T00:23:25,sensor_1,Normal,HIGH,ensemble_rf,0.025698130950331688,0.15237818658351898,False,0.29310754206828776,,,False,ok,
2025-01-01T00:23:28,sensor_1,Normal,HIGH,ensemble_rf,0.027867794036865234,0.15237818658351898,False,0.31724087458381695,,,False,ok,
2025-01-01T00:23:31,sensor_1,Normal,HIGH,ensemble_rf,0.026590019464492798,0.15237818658351898,False,0.3377613871366927,,,False,ok,
2025-01-01T00:23:34,sensor_1,Normal,HIGH,ensemble_rf,0.024380426853895187,0.15237818658351898,False,0.3436468759079691,,,False,ok,
2025-01-01T00:23:37,sensor_1,Normal,HIGH,ensemble_rf,0.026064127683639526,0.15237818658351898,False,0.3602373621359995,,,False,ok,
2025-01-01T00:23:40,sensor_1,Normal,HIGH,ensemble_rf,0.02562316320836544,0.15237818658351898,False,0.2988526789352606,,,False,ok,
2025-01-01T00:23:43,sensor_1,Normal,HIGH,ensemble_rf,0.026312965899705887,0.15237818658351898,False,0.29360470685242734,,,False,ok,
2025-01-01T00:23:46,sensor_1,Normal,HIGH,ensemble_rf,0.02670459821820259,0.15237818658351898,False,0.2851940123051875,,,False,ok,
2025-01-01T00:23:49,sensor_1,Normal,HIGH,ensemble_rf,0.02473200485110283,0.15237818658351898,False,0.30820046399297973,,,False,ok,
2025-01-01T00:23:52,sensor_1,Normal,HIGH,ensemble_rf,0.026710141450166702,0.15237818658351898,False,0.2843994622379053,,,False,ok,
2025-01-01T00:23:55,sensor_1,Normal,HIGH,ensemble_rf,0.029101520776748657,0.15237818658351898,False,0.28099463607281616,,,False,ok,
2025-01-01T00:23:58,sensor_1,Normal,HIGH,ensemble_rf,0.024710364639759064,0.15237818658351898,False,0.3407950638098511,,,False,ok,
2025-01-01T00:24:01,sensor_1,Normal,HIGH,ensemble_rf,0.022748801857233047,0.15237818658351898,False,0.33752382944068676,,,False,ok,
2025-01-01T00:24:04,sensor_1,Normal,HIGH,ensemble_rf,0.029372455552220345,0.15237818658351898,False,0.2589910592776423,,,False,ok,
2025-01-01T00:24:07,sensor_1,Normal,HIGH,ensemble_rf,0.02807285450398922,0.15237818658351898,False,0.231991866732856,,,False,ok,
2025-01-01T00:24:10,sensor_1,Normal,HIGH,ensemble_rf,0.026624402031302452,0.15237818658351898,False,0.24440988288966836,,,False,ok,
2025-01-01T00:24:13,sensor_1,Normal,HIGH,ensemble_rf,0.028358597308397293,0.15237818658351898,False,0.2610353603118095,,,False,ok,
2025-01-01T00:24:16,sensor_1,Normal,HIGH,ensemble_rf,0.023231208324432373,0.15237818658351898,False,0.23878071213401755,,,False,ok,
2025-01-01T00:24:19,sensor_1,Normal,HIGH,ensemble_rf,0.025602955371141434,0.15237818658351898,False,0.19602952941255722,,,False,ok,
2025-01-01T00:24:22,sensor_1,Normal,HIGH,ensemble_rf,0.021001189947128296,0.15237818658351898,False,0.2686505554009237,,,False,ok,
2025-01-01T00:24:25,sensor_1,Normal,HIGH,ensemble_rf,0.021990062668919563,0.15237818658351898,False,0.2742239419918838,,,False,ok,
2025-01-01T00:24:28,sensor_1,Normal,HIGH,ensemble_rf,0.020368821918964386,0.15237818658351898,False,0.2749167922624905,,,False,ok,
2025-01-01T00:24:31,sensor_1,Normal,HIGH,ensemble_rf,0.021527431905269623,0.15237818658351898,False,0.3148651381785159,,,False,ok,
2025-01-01T00:24:34,sensor_1,Normal,HIGH,ensemble_rf,0.023764828220009804,0.15237818658351898,False,0.28644314742837657,,,False,ok,
2025-01-01T00:24:37,sensor_1,Normal,HIGH,ensemble_rf,0.02167048677802086,0.15237818658351898,False,0.28131444454918597,,,False,ok,
2025-01-01T00:24:40,sensor_1,Normal,HIGH,ensemble_rf,0.021338284015655518,0.15237818658351898,False,0.27188218507839973,,,False,ok,
2025-01-01T00:24:43,sensor_1,Normal,HIGH,ensemble_rf,0.023670772090554237,0.15237818658351898,False,0.23014746940417852,,,False,ok,
2025-01-01T00:24:46,sensor_1,Normal,HIGH,ensemble_rf,0.022402852773666382,0.15237818658351898,False,0.2209818149988393,,,False,ok,
2025-01-01T00:24:49,sensor_1,Normal,HIGH,ensemble_rf,0.024231545627117157,0.15237818658351898,False,0.217100045884808,,,False,ok,
2025-01-01T00:24:52,sensor_1,Normal,HIGH,ensemble_rf,0.02591889351606369,0.15237818658351898,False,0.19012540563050598,,,False,ok,
2025-01-01T00:24:55,sensor_1,Normal,HIGH,ensemble_rf,0.02511049062013626,0.15237818658351898,False,0.17093506140964412,,,False,ok,
2025-01-01T00:24:58,sensor_1,Normal,HIGH,ensemble_rf,0.027267564088106155,0.15237818658351898,False,0.1568359204098353,,,False,ok,
2025-01-01T00:25:01,sensor_1,Injection Attack,HIGH,rule_engine,0.03473646566271782,0.15237818658351898,False,0.18206336600060596,,,False,ok,
2025-01-01T00:25:04,sensor_1,Injection Attack,HIGH,rule_engine,0.037956882268190384,0.15237818658351898,False,0.21297017130179038,,,False,ok,
2025-01-01T00:25:07,sensor_1,Injection Attack,HIGH,rule_engine,0.04554497078061104,0.15237818658351898,False,0.2776588971087205,,,False,ok,
2025-01-01T00:25:10,sensor_1,Injection Attack,HIGH,rule_engine,0.05303625017404556,0.15237818658351898,False,0.3160730814293957,,,False,ok,
2025-01-01T00:25:13,sensor_1,Injection Attack,HIGH,rule_engine,0.061914701014757156,0.15237818658351898,False,0.2557587595206799,,,False,ok,
2025-01-01T00:25:16,sensor_1,Injection Attack,HIGH,rule_engine,0.06434858590364456,0.15237818658351898,False,0.25712704520772217,,,False,ok,
2025-01-01T00:25:19,sensor_1,Injection Attack,HIGH,rule_engine,0.07070933282375336,0.15237818658351898,False,0.2620367855997687,,,False,ok,
2025-01-01T00:25:22,sensor_1,Injection Attack,HIGH,rule_engine,0.0764288678765297,0.15237818658351898,False,0.238180012535588,,,False,ok,
2025-01-01T00:25:25,sensor_1,Injection Attack,HIGH,rule_engine,0.0841154158115387,0.15237818658351898,False,0.23673463179915474,,,False,ok,
2025-01-01T00:25:28,sensor_1,Injection Attack,HIGH,rule_engine,0.09259244054555893,0.15237818658351898,False,0.24152804198999425,,,False,ok,
2025-01-01T00:25:31,sensor_1,Injection Attack,HIGH,rule_engine,0.10234908759593964,0.15237818658351898,False,0.2584893238718557,,,False,ok,
2025-01-01T00:25:34,sensor_1,Injection Attack,HIGH,rule_engine,0.09360397607088089,0.15237818658351898,False,0.318582698676458,,,False,ok,
2025-01-01T00:25:37,sensor_1,Injection Attack,HIGH,rule_engine,0.1002250537276268,0.15237818658351898,False,0.3376342015430362,,,False,ok,
2025-01-01T00:25:40,sensor_1,Noise Attack,HIGH,rule_engine,0.10805258899927139,0.15237818658351898,False,0.3296756647180468,,,False,ok,
2025-01-01T00:25:43,sensor_1,Noise Attack,HIGH,rule_engine,0.11795613914728165,0.15237818658351898,False,0.3179070286932978,,,False,ok,
2025-01-01T00:25:46,sensor_1,Noise Attack,HIGH,rule_engine,0.12518630921840668,0.15237818658351898,False,0.3147727967963117,,,False,ok,
2025-01-01T00:25:49,sensor_1,Noise Attack,HIGH,rule_engine,0.13454820215702057,0.15237818658351898,False,0.27450428782213665,,,False,ok,
2025-01-01T00:25:52,sensor_1,Noise Attack,HIGH,rule_engine,0.1419496387243271,0.15237818658351898,False,0.2510667756402636,,,False,ok,
2025-01-01T00:25:55,sensor_1,Noise Attack,HIGH,rule_engine,0.14886201918125153,0.15237818658351898,False,0.25316604279262234,,,False,ok,
2025-01-01T00:25:58,sensor_1,Noise Attack,HIGH,rule_engine,0.15437988936901093,0.15237818658351898,False,0.25529101432035617,,,True,ok,
2025-01-01T00:26:01,sensor_1,Noise Attack,HIGH,rule_engine,0.16151827573776245,0.15237818658351898,False,0.27018287785149825,,,True,ok,
2025-01-01T00:26:04,sensor_1,Noise Attack,HIGH,rule_engine,0.16781994700431824,0.15237818658351898,False,0.252502692165574,,,True,ok,
2025-01-01T00:26:07,sensor_1,Noise Attack,HIGH,rule_engine,0.17507921159267426,0.15237818658351898,False,0.26156442747269726,,,True,ok,
2025-01-01T00:26:10,sensor_1,Noise Attack,HIGH,rule_engine,0.17919717729091644,0.15237818658351898,False,0.30428083772114756,,,True,ok,
2025-01-01T00:26:13,sensor_1,Noise Attack,HIGH,rule_engine,0.1841541975736618,0.15237818658351898,False,0.3271987911741722,,,True,ok,
2025-01-01T00:26:16,sensor_1,Noise Attack,HIGH,rule_engine,0.18832416832447052,0.15237818658351898,False,0.3039089210366852,,,True,ok,
2025-01-01T00:26:19,sensor_1,Noise Attack,HIGH,rule_engine,0.19500787556171417,0.15237818658351898,False,0.25722269351356564,,,True,ok,
2025-01-01T00:26:22,sensor_1,Noise Attack,HIGH,rule_engine,0.19792097806930542,0.15237818658351898,False,0.24772186224370382,,,True,ok,
2025-01-01T00:26:25,sensor_1,Noise Attack,HIGH,rule_engine,0.20720192790031433,0.15237818658351898,False,0.25252369737936176,,,True,ok,
2025-01-01T00:26:28,sensor_1,Noise Attack,HIGH,rule_engine,0.21975651383399963,0.15237818658351898,False,0.27636791153634366,,,True,ok,
2025-01-01T00:26:31,sensor_1,Noise Attack,HIGH,rule_engine,0.20821644365787506,0.15237818658351898,False,0.2612176837780063,,,True,ok,
2025-01-01T00:26:34,sensor_1,Noise Attack,HIGH,rule_engine,0.22316138446331024,0.15237818658351898,False,0.2670058967192621,,,True,ok,
2025-01-01T00:26:37,sensor_1,Noise Attack,HIGH,rule_engine,0.21915943920612335,0.15237818658351898,False,0.238958381448417,,,True,ok,
2025-01-01T00:26:40,sensor_1,Noise Attack,HIGH,rule_engine,0.21951931715011597,0.15237818658351898,False,0.23316305902785966,,,True,ok,
2025-01-01T00:26:43,sensor_1,Noise Attack,HIGH,rule_engine,0.2213565856218338,0.15237818658351898,False,0.2141794899839257,,,True,ok,
2025-01-01T00:26:46,sensor_1,Noise Attack,HIGH,rule_engine,0.22688192129135132,0.15237818658351898,False,0.22329799881878726,,,True,ok,
2025-01-01T00:26:49,sensor_1,Noise Attack,HIGH,rule_engine,0.21774981915950775,0.15237818658351898,False,0.17453859428654017,,,True,ok,
2025-01-01T00:26:52,sensor_1,Noise Attack,HIGH,rule_engine,0.21539120376110077,0.15237818658351898,False,0.22198167273376634,,,True,ok,
2025-01-01T00:26:55,sensor_1,Noise Attack,HIGH,rule_engine,0.21579168736934662,0.15237818658351898,False,0.21510949230845536,,,True,ok,
2025-01-01T00:26:58,sensor_1,Noise Attack,HIGH,rule_engine,0.21488936245441437,0.15237818658351898,False,0.23015541151639407,,,True,ok,
2025-01-01T00:27:01,sensor_1,Noise Attack,HIGH,rule_engine,0.21982261538505554,0.15237818658351898,False,0.2517926083903648,,,True,ok,
2025-01-01T00:27:04,sensor_1,Noise Attack,HIGH,rule_engine,0.22345934808254242,0.15237818658351898,False,0.22732392940335713,,,True,ok,
2025-01-01T00:27:07,sensor_1,Noise Attack,HIGH,rule_engine,0.21847480535507202,0.15237818658351898,False,0.20993462825702638,,,True,ok,
2025-01-01T00:27:10,sensor_1,Noise Attack,HIGH,rule_engine,0.2249194085597992,0.15237818658351898,False,0.22852674082978094,,,True,ok,
2025-01-01T00:27:13,sensor_1,Noise Attack,HIGH,rule_engine,0.22955051064491272,0.15237818658351898,False,0.2547278897503691,,,True,ok,
2025-01-01T00:27:16,sensor_1,Noise Attack,HIGH,rule_engine,0.21915295720100403,0.15237818658351898,False,0.2231795936094334,,,True,ok,
2025-01-01T00:27:19,sensor_1,Noise Attack,HIGH,rule_engine,0.21106870472431183,0.15237818658351898,False,0.206970710929985,,,True,ok,
2025-01-01T00:27:22,sensor_1,Noise Attack,HIGH,rule_engine,0.21104010939598083,0.15237818658351898,False,0.20710044918938378,,,True,ok,
2025-01-01T00:27:25,sensor_1,Noise Attack,HIGH,rule_engine,0.20418433845043182,0.15237818658351898,False,0.16718440776635518,,,True,ok,
2025-01-01T00:27:28,sensor_1,Noise Attack,HIGH,rule_engine,0.20314529538154602,0.15237818658351898,False,0.1741223319879949,,,True,ok,
2025-01-01T00:27:31,sensor_1,Noise Attack,HIGH,rule_engine,0.21330536901950836,0.15237818658351898,False,0.21312700606328866,,,True,ok,
2025-01-01T00:27:34,sensor_1,Noise Attack,HIGH,rule_engine,0.21106383204460144,0.15237818658351898,False,0.16722768947190683,,,True,ok,
2025-01-01T00:27:37,sensor_1,Noise Attack,HIGH,rule_engine,0.2026994824409485,0.15237818658351898,False,0.1938298569852834,,,True,ok,
2025-01-01T00:27:40,sensor_1,Noise Attack,HIGH,rule_engine,0.1980213075876236,0.15237818658351898,False,0.16904998236027277,,,True,ok,
2025-01-01T00:27:43,sensor_1,Noise Attack,HIGH,rule_engine,0.1984182894229889,0.15237818658351898,False,0.21320342696879407,,,True,ok,
2025-01-01T00:27:46,sensor_1,Noise Attack,HIGH,rule_engine,0.20511123538017273,0.15237818658351898,False,0.20087418056964107,,,True,ok,
2025-01-01T00:27:49,sensor_1,Noise Attack,HIGH,rule_engine,0.20634780824184418,0.15237818658351898,False,0.15892486362207497,,,True,ok,
2025-01-01T00:27:52,sensor_1,Noise Attack,HIGH,rule_engine,0.20499904453754425,0.15237818658351898,False,0.16983905916289357,,,True,ok,
2025-01-01T00:27:55,sensor_1,Noise Attack,HIGH,rule_engine,0.2127629816532135,0.15237818658351898,False,0.1336403674305538,,,True,ok,
2025-01-01T00:27:58,sensor_1,Noise Attack,HIGH,rule_engine,0.20003251731395721,0.15237818658351898,False,0.13684000432140894,,,True,ok,
2025-01-01T00:28:01,sensor_1,Noise Attack,HIGH,rule_engine,0.1999286264181137,0.15237818658351898,False,0.14919273312654188,,,True,ok,
2025-01-01T00:28:04,sensor_1,Noise Attack,HIGH,rule_engine,0.1995357722043991,0.15237818658351898,False,0.17864194094906127,,,True,ok,
2025-01-01T00:28:07,sensor_1,Noise Attack,HIGH,rule_engine,0.18502362072467804,0.15237818658351898,False,0.1765038135751427,,,True,ok,
2025-01-01T00:28:10,sensor_1,Noise Attack,HIGH,rule_engine,0.176006019115448,0.15237818658351898,False,0.2038773398999565,,,True,ok,
2025-01-01T00:28:13,sensor_1,Noise Attack,HIGH,rule_engine,0.16759368777275085,0.15237818658351898,False,0.1602688275128928,,,True,ok,
2025-01-01T00:28:16,sensor_1,Noise Attack,HIGH,rule_engine,0.16509868204593658,0.15237818658351898,False,0.21575452966007347,,,True,ok,
2025-01-01T00:28:19,sensor_1,Noise Attack,HIGH,rule_engine,0.15335425734519958,0.15237818658351898,False,0.22151977076076176,,,True,ok,
2025-01-01T00:28:22,sensor_1,Noise Attack,HIGH,rule_engine,0.15500576794147491,0.15237818658351898,False,0.25388940249928527,,,True,ok,
2025-01-01T00:28:25,sensor_1,Noise Attack,HIGH,rule_engine,0.16024868190288544,0.15237818658351898,False,0.210145165272202,,,True,ok,
2025-01-01T00:28:28,sensor_1,Noise Attack,HIGH,rule_engine,0.15172749757766724,0.15237818658351898,False,0.22055892104665642,,,False,ok,
2025-01-01T00:28:31,sensor_1,Noise Attack,HIGH,rule_engine,0.13836003839969635,0.15237818658351898,False,0.2055443498314535,,,False,ok,
2025-01-01T00:28:34,sensor_1,Noise Attack,HIGH,rule_engine,0.13077345490455627,0.15237818658351898,False,0.2349927582810552,,,False,ok,
2025-01-01T00:28:37,sensor_1,Noise Attack,HIGH,rule_engine,0.11705799400806427,0.15237818658351898,False,0.22814926272244865,,,False,ok,
2025-01-01T00:28:40,sensor_1,Noise Attack,HIGH,rule_engine,0.11556433141231537,0.15237818658351898,False,0.23320750140852597,,,False,ok,
2025-01-01T00:28:43,sensor_1,Noise Attack,HIGH,rule_engine,0.10444994270801544,0.15237818658351898,False,0.21857519056427607,,,False,ok,
2025-01-01T00:28:46,sensor_1,Noise Attack,HIGH,rule_engine,0.10755080729722977,0.15237818658351898,False,0.23724444910975703,,,False,ok,
2025-01-01T00:28:49,sensor_1,Noise Attack,HIGH,rule_engine,0.11102689057588577,0.15237818658351898,False,0.2400560930352027,,,False,ok,
2025-01-01T00:28:52,sensor_1,Injection Attack,HIGH,rule_engine,0.09637021273374557,0.15237818658351898,False,0.2602086050681216,,,False,ok,
2025-01-01T00:28:55,sensor_1,Injection Attack,HIGH,rule_engine,0.08762001246213913,0.15237818658351898,False,0.22357078231042132,,,False,ok,
2025-01-01T00:28:58,sensor_1,Injection Attack,HIGH,rule_engine,0.09002450108528137,0.15237818658351898,False,0.2657928164853641,,,False,ok,
2025-01-01T00:29:01,sensor_1,Injection Attack,HIGH,rule_engine,0.08534605801105499,0.15237818658351898,False,0.27245310311828097,,,False,ok,
2025-01-01T00:29:04,sensor_1,Injection Attack,HIGH,rule_engine,0.08033430576324463,0.15237818658351898,False,0.2480923816109206,,,False,ok,
2025-01-01T00:29:07,sensor_1,Injection Attack,HIGH,rule_engine,0.08452907204627991,0.15237818658351898,False,0.2793889790724259,,,False,ok,
2025-01-01T00:29:10,sensor_1,Injection Attack,HIGH,rule_engine,0.07092706859111786,0.15237818658351898,False,0.30928588749079355,,,False,ok,
2025-01-01T00:29:13,sensor_1,Injection Attack,HIGH,rule_engine,0.06324562430381775,0.15237818658351898,False,0.2859555223187472,,,False,ok,
2025-01-01T00:29:16,sensor_1,Injection Attack,HIGH,rule_engine,0.05478673055768013,0.15237818658351898,False,0.33555519567937564,,,False,ok,
2025-01-01T00:29:19,sensor_1,Injection Attack,HIGH,rule_engine,0.04206497594714165,0.15237818658351898,False,0.34083814011882346,,,False,ok,
2025-01-01T00:29:22,sensor_1,Normal,HIGH,ensemble_rf,0.04378380998969078,0.15237818658351898,False,0.32652712060278294,,,False,ok,
2025-01-01T00:29:25,sensor_1,Normal,HIGH,ensemble_rf,0.04344405233860016,0.15237818658351898,False,0.32441305515655033,,,False,ok,
2025-01-01T00:29:28,sensor_1,Normal,HIGH,ensemble_rf,0.03105100430548191,0.15237818658351898,False,0.3411015028620994,,,False,ok,
2025-01-01T00:29:31,sensor_1,Normal,HIGH,ensemble_rf,0.029618797823786736,0.15237818658351898,False,0.35598022512106814,,,False,ok,
2025-01-01T00:29:34,sensor_1,Normal,HIGH,ensemble_rf,0.03505037724971771,0.15237818658351898,False,0.40138238561602285,,,False,ok,
2025-01-01T00:29:37,sensor_1,Normal,HIGH,ensemble_rf,0.02894754894077778,0.15237818658351898,False,0.3403748946432144,,,False,ok,
2025-01-01T00:29:40,sensor_1,Normal,HIGH,ensemble_rf,0.029840169474482536,0.15237818658351898,False,0.3352482155441142,,,False,ok,
2025-01-01T00:29:43,sensor_1,Normal,HIGH,ensemble_rf,0.03162593021988869,0.15237818658351898,False,0.32952293695329493,,,False,ok,
2025-01-01T00:29:46,sensor_1,Normal,HIGH,ensemble_rf,0.02669551782310009,0.15237818658351898,False,0.3253707598487606,,,False,ok,
2025-01-01T00:29:49,sensor_1,Normal,HIGH,ensemble_rf,0.025156855583190918,0.15237818658351898,False,0.32299100675378295,,,False,ok,
2025-01-01T00:29:52,sensor_1,Normal,HIGH,ensemble_rf,0.027271928265690804,0.15237818658351898,False,0.3279219423779369,,,False,ok,
2025-01-01T00:29:55,sensor_1,Normal,HIGH,ensemble_rf,0.02813245914876461,0.15237818658351898,False,0.3931061860112243,,,False,ok,
2025-01-01T00:29:58,sensor_1,Normal,HIGH,ensemble_rf,0.03101065754890442,0.15237818658351898,False,0.41948598448306645,,,False,ok,
2025-01-01T00:30:01,sensor_1,Injection Attack,HIGH,rule_engine,0.040266696363687515,0.15237818658351898,False,0.37766956387496914,,,False,ok,
2025-01-01T00:30:04,sensor_1,Injection Attack,HIGH,rule_engine,0.034788135439157486,0.15237818658351898,False,0.36534149502299285,,,False,ok,
2025-01-01T00:30:07,sensor_1,Injection Attack,HIGH,rule_engine,0.03539077565073967,0.15237818658351898,False,0.3335327465302453,,,False,ok,
2025-01-01T00:30:10,sensor_1,Injection Attack,HIGH,rule_engine,0.035673387348651886,0.15237818658351898,False,0.3401291476742675,,,False,ok,
2025-01-01T00:30:13,sensor_1,Injection Attack,HIGH,rule_engine,0.03527848422527313,0.15237818658351898,False,0.33495275731730545,,,False,ok,
2025-01-01T00:30:16,sensor_1,Injection Attack,HIGH,rule_engine,0.04236190393567085,0.15237818658351898,False,0.37293972008769155,,,False,ok,
2025-01-01T00:30:19,sensor_1,Injection Attack,HIGH,rule_engine,0.043057266622781754,0.15237818658351898,False,0.3267854261080942,,,False,ok,
2025-01-01T00:30:22,sensor_1,Injection Attack,HIGH,rule_engine,0.04272455349564552,0.15237818658351898,False,0.32506065309822496,,,False,ok,
2025-01-01T00:30:25,sensor_1,Injection Attack,HIGH,rule_engine,0.04171566292643547,0.15237818658351898,False,0.29799571354740095,,,False,ok,
2025-01-01T00:30:28,sensor_1,Injection Attack,HIGH,rule_engine,0.04042065516114235,0.15237818658351898,False,0.32196548372770506,,,False,ok,
2025-01-01T00:30:31,sensor_1,Injection Attack,HIGH,rule_engine,0.05215439572930336,0.15237818658351898,False,0.33345811257780644,,,False,ok,
2025-01-01T00:30:34,sensor_1,Injection Attack,HIGH,rule_engine,0.050073835998773575,0.15237818658351898,False,0.33490811279129257,,,False,ok,
2025-01-01T00:30:37,sensor_1,Injection Attack,HIGH,rule_engine,0.04982609674334526,0.15237818658351898,False,0.31402826595076533,,,False,ok,
2025-01-01T00:30:40,sensor_1,Injection Attack,HIGH,rule_engine,0.052436888217926025,0.15237818658351898,False,0.3005165315690255,,,False,ok,
2025-01-01T00:30:43,sensor_1,Injection Attack,HIGH,rule_engine,0.04973302409052849,0.15237818658351898,False,0.2701808685041275,,,False,ok,
2025-01-01T00:30:46,sensor_1,Injection Attack,HIGH,rule_engine,0.05435360595583916,0.15237818658351898,False,0.24797361303389287,,,False,ok,
2025-01-01T00:30:49,sensor_1,Injection Attack,HIGH,rule_engine,0.05796926096081734,0.15237818658351898,False,0.3089387226014317,,,False,ok,
2025-01-01T00:30:52,sensor_1,Injection Attack,HIGH,rule_engine,0.05572617053985596,0.15237818658351898,False,0.3274889240598859,,,False,ok,
2025-01-01T00:30:55,sensor_1,Injection Attack,HIGH,rule_engine,0.06104620546102524,0.15237818658351898,False,0.3346655617685701,,,False,ok,
2025-01-01T00:30:58,sensor_1,Injection Attack,HIGH,rule_engine,0.06128167733550072,0.15237818658351898,False,0.3575225520643825,,,False,ok,
2025-01-01T00:31:01,sensor_1,Injection Attack,HIGH,rule_engine,0.06716229021549225,0.15237818658351898,False,0.3256257556267266,,,False,ok,
2025-01-01T00:31:04,sensor_1,Injection Attack,HIGH,rule_engine,0.06749023497104645,0.15237818658351898,False,0.3504111995579969,,,False,ok,
2025-01-01T00:31:07,sensor_1,Injection Attack,HIGH,rule_engine,0.06893385946750641,0.15237818658351898,False,0.3528151200537215,,,False,ok,
2025-01-01T00:31:10,sensor_1,Injection Attack,HIGH,rule_engine,0.07030913978815079,0.15237818658351898,False,0.3110736426724242,,,False,ok,
2025-01-01T00:31:13,sensor_1,Injection Attack,HIGH,rule_engine,0.06839791685342789,0.15237818658351898,False,0.44022385700742317,,,False,ok,
2025-01-01T00:31:16,sensor_1,Injection Attack,HIGH,rule_engine,0.07613655179738998,0.15237818658351898,False,0.4264498507959563,,,False,ok,
2025-01-01T00:31:19,sensor_1,Injection Attack,HIGH,rule_engine,0.07755521684885025,0.15237818658351898,False,0.4521400006578174,,,False,ok,
2025-01-01T00:31:22,sensor_1,Injection Attack,HIGH,rule_engine,0.07585596293210983,0.15237818658351898,False,0.45411559922487355,,,False,ok,
2025-01-01T00:31:25,sensor_1,Injection Attack,HIGH,rule_engine,0.08069959282875061,0.15237818658351898,False,0.4598765180597719,,,False,ok,
2025-01-01T00:31:28,sensor_1,Injection Attack,HIGH,rule_engine,0.08042718470096588,0.15237818658351898,False,0.4483417174655892,,,False,ok,
2025-01-01T00:31:31,sensor_1,Injection Attack,HIGH,rule_engine,0.08090455830097198,0.15237818658351898,False,0.41220906171102034,,,False,ok,
2025-01-01T00:31:34,sensor_1,Injection Attack,HIGH,rule_engine,0.0780559778213501,0.15237818658351898,False,0.4073065640907083,,,False,ok,
2025-01-01T00:31:37,sensor_1,Injection Attack,HIGH,rule_engine,0.08004684746265411,0.15237818658351898,False,0.4051345587528383,,,False,ok,
2025-01-01T00:31:40,sensor_1,Injection Attack,HIGH,rule_engine,0.0817381963133812,0.15237818658351898,False,0.42190368569493886,,,False,ok,
2025-01-01T00:31:43,sensor_1,Injection Attack,HIGH,rule_engine,0.08303263783454895,0.15237818658351898,False,0.43983286590452536,,,False,ok,
2025-01-01T00:31:46,sensor_1,Injection Attack,HIGH,rule_engine,0.07945602387189865,0.15237818658351898,False,0.37395670814135107,,,False,ok,
2025-01-01T00:31:49,sensor_1,Injection Attack,HIGH,rule_engine,0.08073688298463821,0.15237818658351898,False,0.3596998033068628,,,False,ok,
2025-01-01T00:31:52,sensor_1,Injection Attack,HIGH,rule_engine,0.07879144698381424,0.15237818658351898,False,0.3576607908884201,,,False,ok,
2025-01-01T00:31:55,sensor_1,Injection Attack,HIGH,rule_engine,0.08105330914258957,0.15237818658351898,False,0.349780666239728,,,False,ok,
2025-01-01T00:31:58,sensor_1,Injection Attack,HIGH,rule_engine,0.0874393954873085,0.15237818658351898,False,0.35106773866065305,,,False,ok,
2025-01-01T00:32:01,sensor_1,Injection Attack,HIGH,rule_engine,0.0770571231842041,0.15237818658351898,False,0.32740420589047353,,,False,ok,
2025-01-01T00:32:04,sensor_1,Injection Attack,HIGH,rule_engine,0.07631149888038635,0.15237818658351898,False,0.3381257496811721,,,False,ok,
2025-01-01T00:32:07,sensor_1,Injection Attack,HIGH,rule_engine,0.08086144179105759,0.15237818658351898,False,0.3883720297913325,,,False,ok,
2025-01-01T00:32:10,sensor_1,Injection Attack,HIGH,rule_engine,0.07848260551691055,0.15237818658351898,False,0.40981091037870143,,,False,ok,
2025-01-01T00:32:13,sensor_1,Injection Attack,HIGH,rule_engine,0.07917029410600662,0.15237818658351898,False,0.35875413624531205,,,False,ok,
2025-01-01T00:32:16,sensor_1,Injection Attack,HIGH,rule_engine,0.07688071578741074,0.15237818658351898,False,0.370265577242293,,,False,ok,
2025-01-01T00:32:19,sensor_1,Injection Attack,HIGH,rule_engine,0.07564377039670944,0.15237818658351898,False,0.37466562889480465,,,False,ok,
2025-01-01T00:32:22,sensor_1,Injection Attack,HIGH,rule_engine,0.08047597855329514,0.15237818658351898,False,0.39597903650946437,,,False,ok,
2025-01-01T00:32:25,sensor_1,Injection Attack,HIGH,rule_engine,0.06720076501369476,0.15237818658351898,False,0.35077324719355496,,,False,ok,
2025-01-01T00:32:28,sensor_1,Injection Attack,HIGH,rule_engine,0.07078488916158676,0.15237818658351898,False,0.3814774791097599,,,False,ok,
2025-01-01T00:32:31,sensor_1,Injection Attack,HIGH,rule_engine,0.0697719007730484,0.15237818658351898,False,0.42727792597971304,,,False,ok,
2025-01-01T00:32:34,sensor_1,Injection Attack,HIGH,rule_engine,0.07234383374452591,0.15237818658351898,False,0.40873861117435045,,,False,ok,
2025-01-01T00:32:37,sensor_1,Injection Attack,HIGH,rule_engine,0.07774586975574493,0.15237818658351898,False,0.38786691437483717,,,False,ok,
2025-01-01T00:32:40,sensor_1,Injection Attack,HIGH,rule_engine,0.08376175910234451,0.15237818658351898,False,0.3887424591923457,,,False,ok,
2025-01-01T00:32:43,sensor_1,Injection Attack,HIGH,rule_engine,0.09137488156557083,0.15237818658351898,False,0.39657964639177967,,,False,ok,
2025-01-01T00:32:46,sensor_1,Injection Attack,HIGH,rule_engine,0.09168896824121475,0.15237818658351898,False,0.3506434668724796,,,False,ok,
2025-01-01T00:32:49,sensor_1,Injection Attack,HIGH,rule_engine,0.10037322342395782,0.15237818658351898,False,0.3039308630940429,,,False,ok,
2025-01-01T00:32:52,sensor_1,Injection Attack,HIGH,rule_engine,0.10137751698493958,0.15237818658351898,False,0.32306843133507,,,False,ok,
2025-01-01T00:32:55,sensor_1,Injection Attack,HIGH,rule_engine,0.10891309380531311,0.15237818658351898,False,0.3004044456317852,,,False,ok,
2025-01-01T00:32:58,sensor_1,Injection Attack,HIGH,rule_engine,0.1166592463850975,0.15237818658351898,False,0.27868478161982624,,,False,ok,
2025-01-01T00:33:01,sensor_1,Injection Attack,HIGH,rule_engine,0.10810057818889618,0.15237818658351898,False,0.2803548105177648,,,False,ok,
2025-01-01T00:33:04,sensor_1,Injection Attack,HIGH,rule_engine,0.11192663013935089,0.15237818658351898,False,0.26847491082223646,,,False,ok,
2025-01-01T00:33:07,sensor_1,Injection Attack,HIGH,rule_engine,0.11798801273107529,0.15237818658351898,False,0.2773562502322973,,,False,ok,
2025-01-01T00:33:10,sensor_1,Injection Attack,HIGH,rule_engine,0.12451276928186417,0.15237818658351898,False,0.29803786213061745,,,False,ok,
2025-01-01T00:33:13,sensor_1,Injection Attack,HIGH,rule_engine,0.13416172564029694,0.15237818658351898,False,0.3019186424308546,,,False,ok,
2025-01-01T00:33:16,sensor_1,Injection Attack,HIGH,rule_engine,0.1316956728696823,0.15237818658351898,False,0.34241554092964577,,,False,ok,
2025-01-01T00:33:19,sensor_1,Injection Attack,HIGH,rule_engine,0.13779345154762268,0.15237818658351898,False,0.36008730992519455,,,False,ok,
2025-01-01T00:01:29,sensor_2,Normal,HIGH,ensemble_rf,0.022539732977747917,0.15237818658351898,False,0.20730482032040065,,,False,ok,
2025-01-01T00:01:32,sensor_2,Normal,HIGH,ensemble_rf,0.022145310416817665,0.15237818658351898,False,0.20970186440950978,,,False,ok,
2025-01-01T00:01:35,sensor_2,Normal,HIGH,ensemble_rf,0.021653348580002785,0.15237818658351898,False,0.2270744339909677,,,False,ok,
2025-01-01T00:01:38,sensor_2,Normal,HIGH,ensemble_rf,0.02146502397954464,0.15237818658351898,False,0.28560151758686875,,,False,ok,
2025-01-01T00:01:41,sensor_2,Normal,HIGH,ensemble_rf,0.027482904493808746,0.15237818658351898,False,0.2635943749193355,,,False,ok,
2025-01-01T00:01:44,sensor_2,Normal,HIGH,ensemble_rf,0.02738075517117977,0.15237818658351898,False,0.2651424845351423,,,False,ok,
2025-01-01T00:01:47,sensor_2,Normal,HIGH,ensemble_rf,0.030068300664424896,0.15237818658351898,False,0.2659099286099045,,,False,ok,
2025-01-01T00:01:50,sensor_2,Normal,HIGH,ensemble_rf,0.029920805245637894,0.15237818658351898,False,0.3024127019204124,,,False,ok,
2025-01-01T00:01:53,sensor_2,Normal,HIGH,ensemble_rf,0.0317191444337368,0.15237818658351898,False,0.3030146459905756,,,False,ok,
2025-01-01T00:01:56,sensor_2,Normal,HIGH,ensemble_rf,0.032796893268823624,0.15237818658351898,False,0.30148903828765156,,,False,ok,
2025-01-01T00:01:59,sensor_2,Normal,HIGH,ensemble_rf,0.03205113112926483,0.15237818658351898,False,0.2962948846993706,,,False,ok,
2025-01-01T00:02:02,sensor_2,Normal,HIGH,ensemble_rf,0.030738383531570435,0.15237818658351898,False,0.31644673196077094,,,False,ok,
2025-01-01T00:02:05,sensor_2,Normal,HIGH,ensemble_rf,0.032868463546037674,0.15237818658351898,False,0.3050718648606934,,,False,ok,
2025-01-01T00:02:08,sensor_2,Normal,HIGH,ensemble_rf,0.03412342444062233,0.15237818658351898,False,0.2458172049603275,,,False,ok,
2025-01-01T00:02:11,sensor_2,Normal,HIGH,ensemble_rf,0.03216128796339035,0.15237818658351898,False,0.2623604588844233,,,False,ok,
2025-01-01T00:02:14,sensor_2,Normal,HIGH,ensemble_rf,0.03154968097805977,0.15237818658351898,False,0.23303866974488097,,,False,ok,
2025-01-01T00:02:17,sensor_2,Normal,HIGH,ensemble_rf,0.03523457422852516,0.15237818658351898,False,0.23602946706569072,,,False,ok,
2025-01-01T00:02:20,sensor_2,Normal,HIGH,ensemble_rf,0.03384470194578171,0.15237818658351898,False,0.2447630460709637,,,False,ok,
2025-01-01T00:02:23,sensor_2,Normal,HIGH,ensemble_rf,0.0327770821750164,0.15237818658351898,False,0.33079994816305935,,,False,ok,
2025-01-01T00:02:26,sensor_2,Normal,HIGH,ensemble_rf,0.032414961606264114,0.15237818658351898,False,0.30954336813909006,,,False,ok,
2025-01-01T00:02:29,sensor_2,Normal,HIGH,ensemble_rf,0.026619844138622284,0.15237818658351898,False,0.25378115141415036,,,False,ok,
2025-01-01T00:02:32,sensor_2,Normal,HIGH,ensemble_rf,0.02618294209241867,0.15237818658351898,False,0.2885847223096845,,,False,ok,
2025-01-01T00:02:35,sensor_2,Normal,HIGH,ensemble_rf,0.0257196594029665,0.15237818658351898,False,0.3416746559893106,,,False,ok,
2025-01-01T00:02:38,sensor_2,Normal,HIGH,ensemble_rf,0.02839570865035057,0.15237818658351898,False,0.34388882624716804,,,False,ok,
2025-01-01T00:02:41,sensor_2,Normal,HIGH,ensemble_rf,0.02736126072704792,0.15237818658351898,False,0.3527979600286218,,,False,ok,
2025-01-01T00:02:44,sensor_2,Normal,HIGH,ensemble_rf,0.02763042412698269,0.15237818658351898,False,0.36476779556106637,,,False,ok,
2025-01-01T00:02:47,sensor_2,Normal,HIGH,ensemble_rf,0.029952408745884895,0.15237818658351898,False,0.3667052380623529,,,False,ok,
2025-01-01T00:02:50,sensor_2,Normal,HIGH,ensemble_rf,0.028495637699961662,0.15237818658351898,False,0.3820307657532735,,,False,ok,
2025-01-01T00:02:53,sensor_2,Normal,HIGH,ensemble_rf,0.030171193182468414,0.15237818658351898,False,0.3943064154966405,,,False,ok,
2025-01-01T00:02:56,sensor_2,Normal,HIGH,ensemble_rf,0.026565784588456154,0.15237818658351898,False,0.32658166495318025,,,False,ok,
2025-01-01T00:02:59,sensor_2,Normal,HIGH,ensemble_rf,0.02625473588705063,0.15237818658351898,False,0.3346650972271906,,,False,ok,
2025-01-01T00:03:02,sensor_2,Normal,HIGH,ensemble_rf,0.025653788819909096,0.15237818658351898,False,0.35749611163786194,,,False,ok,
2025-01-01T00:03:05,sensor_2,Normal,HIGH,ensemble_rf,0.02945697493851185,0.15237818658351898,False,0.3809391004016021,,,False,ok,
2025-01-01T00:03:08,sensor_2,Normal,HIGH,ensemble_rf,0.0317414328455925,0.15237818658351898,False,0.34234231341122634,,,False,ok,
2025-01-01T00:03:11,sensor_2,Normal,HIGH,ensemble_rf,0.024311358109116554,0.15237818658351898,False,0.4456251845750798,,,False,ok,
2025-01-01T00:03:14,sensor_2,Normal,HIGH,ensemble_rf,0.025878841057419777,0.15237818658351898,False,0.42124276138502625,,,False,ok,
2025-01-01T00:03:17,sensor_2,Normal,HIGH,ensemble_rf,0.021404342725872993,0.15237818658351898,False,0.3227346080814406,,,False,ok,
2025-01-01T00:03:20,sensor_2,Normal,HIGH,ensemble_rf,0.021756676957011223,0.15237818658351898,False,0.3164642781247107,,,False,ok,
2025-01-01T00:03:23,sensor_2,Normal,HIGH,ensemble_rf,0.022913701832294464,0.15237818658351898,False,0.2936656455652094,,,False,ok,
2025-01-01T00:03:26,sensor_2,Normal,HIGH,ensemble_rf,0.021987229585647583,0.15237818658351898,False,0.30962951836354746,,,False,ok,
2025-01-01T00:03:29,sensor_2,Normal,HIGH,ensemble_rf,0.023168981075286865,0.15237818658351898,False,0.3045964249556247,,,False,ok,
2025-01-01T00:03:32,sensor_2,Normal,HIGH,ensemble_rf,0.025213954970240593,0.15237818658351898,False,0.31203994746486197,,,False,ok,
2025-01-01T00:03:35,sensor_2,Normal,HIGH,ensemble_rf,0.021189166232943535,0.15237818658351898,False,0.28134580295433653,,,False,ok,
2025-01-01T00:03:38,sensor_2,Normal,HIGH,ensemble_rf,0.021811477839946747,0.15237818658351898,False,0.21906615148052064,,,False,ok,
2025-01-01T00:03:41,sensor_2,Normal,HIGH,ensemble_rf,0.022107671946287155,0.15237818658351898,False,0.21482855355718566,,,False,ok,
2025-01-01T00:03:44,sensor_2,Normal,HIGH,ensemble_rf,0.023414762690663338,0.15237818658351898,False,0.2125980307240395,,,False,ok,
2025-01-01T00:03:47,sensor_2,Normal,HIGH,ensemble_rf,0.024610958993434906,0.15237818658351898,False,0.2633127850681406,,,False,ok,
2025-01-01T00:03:50,sensor_2,Normal,HIGH,ensemble_rf,0.02478172443807125,0.15237818658351898,False,0.26897592259144565,,,False,ok,
2025-01-01T00:03:53,sensor_2,Normal,HIGH,ensemble_rf,0.027090545743703842,0.15237818658351898,False,0.19043577234562142,,,False,ok,
2025-01-01T00:03:56,sensor_2,Normal,HIGH,ensemble_rf,0.029950372874736786,0.15237818658351898,False,0.16591042884076318,,,False,ok,
2025-01-01T00:03:59,sensor_2,Normal,HIGH,ensemble_rf,0.0315898172557354,0.15237818658351898,False,0.19026307919686264,,,False,ok,
2025-01-01T00:04:02,sensor_2,Normal,HIGH,ensemble_rf,0.03218236565589905,0.15237818658351898,False,0.18253122511956305,,,False,ok,
2025-01-01T00:04:05,sensor_2,Normal,HIGH,ensemble_rf,0.03267928585410118,0.15237818658351898,False,0.17402820877178948,,,False,ok,
2025-01-01T00:04:08,sensor_2,Normal,HIGH,ensemble_rf,0.03265134617686272,0.15237818658351898,False,0.19805459525814506,,,False,ok,
2025-01-01T00:04:11,sensor_2,Normal,HIGH,ensemble_rf,0.03240245208144188,0.15237818658351898,False,0.2019825560370683,,,False,ok,
2025-01-01T00:04:14,sensor_2,Normal,HIGH,ensemble_rf,0.029808033257722855,0.15237818658351898,False,0.2017877614872529,,,False,ok,
2025-01-01T00:04:17,sensor_2,Normal,HIGH,ensemble_rf,0.029049823060631752,0.15237818658351898,False,0.17870965159824256,,,False,ok,
2025-01-01T00:04:20,sensor_2,Normal,HIGH,ensemble_rf,0.031579308211803436,0.15237818658351898,False,0.18276752545346878,,,False,ok,
2025-01-01T00:04:23,sensor_2,Normal,HIGH,ensemble_rf,0.03102375939488411,0.15237818658351898,False,0.19226612701676998,,,False,ok,
2025-01-01T00:04:26,sensor_2,Normal,HIGH,ensemble_rf,0.032252151519060135,0.15237818658351898,False,0.19674197371878951,,,False,ok,
2025-01-01T00:04:29,sensor_2,Normal,HIGH,ensemble_rf,0.034750279039144516,0.15237818658351898,False,0.29823805102772455,,,False,ok,
2025-01-01T00:04:32,sensor_2,Normal,HIGH,ensemble_rf,0.034834180027246475,0.15237818658351898,False,0.2981760991086956,,,False,ok,
2025-01-01T00:04:35,sensor_2,Normal,HIGH,ensemble_rf,0.031246066093444824,0.15237818658351898,False,0.3200000439128246,,,False,ok,
2025-01-01T00:04:38,sensor_2,Normal,HIGH,ensemble_rf,0.03339621052145958,0.15237818658351898,False,0.36892673843789753,,,False,ok,
2025-01-01T00:04:41,sensor_2,Normal,HIGH,ensemble_rf,0.03397646173834801,0.15237818658351898,False,0.34493873624380206,,,False,ok,
2025-01-01T00:04:44,sensor_2,Normal,HIGH,ensemble_rf,0.032346125692129135,0.15237818658351898,False,0.2876142338773921,,,False,ok,
2025-01-01T00:04:47,sensor_2,Normal,HIGH,ensemble_rf,0.03229723870754242,0.15237818658351898,False,0.3179758841731866,,,False,ok,
2025-01-01T00:04:50,sensor_2,Normal,HIGH,ensemble_rf,0.03330020233988762,0.15237818658351898,False,0.33070581624128537,,,False,ok,
2025-01-01T00:04:53,sensor_2,Normal,HIGH,ensemble_rf,0.034717168658971786,0.15237818658351898,False,0.32836360844489676,,,False,ok,
2025-01-01T00:04:56,sensor_2,Normal,HIGH,ensemble_rf,0.03377450257539749,0.15237818658351898,False,0.31223667046486103,,,False,ok,
2025-01-01T00:04:59,sensor_2,Normal,HIGH,ensemble_rf,0.030150296166539192,0.15237818658351898,False,0.3395906699853238,,,False,ok,
2025-01-01T00:05:02,sensor_2,Normal,HIGH,ensemble_rf,0.03101319633424282,0.15237818658351898,False,0.333594837908683,,,False,ok,
2025-01-01T00:05:05,sensor_2,Normal,HIGH,ensemble_rf,0.025484351441264153,0.15237818658351898,False,0.2980033254192563,,,False,ok,
2025-01-01T00:05:08,sensor_2,Normal,HIGH,ensemble_rf,0.026523837819695473,0.15237818658351898,False,0.3734764364825874,,,False,ok,
2025-01-01T00:05:11,sensor_2,Normal,HIGH,ensemble_rf,0.026832502335309982,0.15237818658351898,False,0.34675471320200957,,,False,ok,
2025-01-01T00:05:14,sensor_2,Normal,HIGH,ensemble_rf,0.03143143281340599,0.15237818658351898,False,0.31812502679856386,,,False,ok,
2025-01-01T00:05:17,sensor_2,Normal,HIGH,ensemble_rf,0.02957553043961525,0.15237818658351898,False,0.28768117694930107,,,False,ok,
2025-01-01T00:05:20,sensor_2,Normal,HIGH,ensemble_rf,0.03118094429373741,0.15237818658351898,False,0.3094027993957353,,,False,ok,
2025-01-01T00:05:23,sensor_2,Normal,HIGH,ensemble_rf,0.03473949059844017,0.15237818658351898,False,0.33656564405879313,,,False,ok,
2025-01-01T00:05:26,sensor_2,Normal,HIGH,ensemble_rf,0.025067243725061417,0.15237818658351898,False,0.30375558564947475,,,False,ok,
2025-01-01T00:05:29,sensor_2,Normal,HIGH,ensemble_rf,0.026765309274196625,0.15237818658351898,False,0.311315476919344,,,False,ok,
2025-01-01T00:05:32,sensor_2,Normal,HIGH,ensemble_rf,0.02639002725481987,0.15237818658351898,False,0.3100078011091235,,,False,ok,
2025-01-01T00:05:35,sensor_2,Normal,HIGH,ensemble_rf,0.027570540085434914,0.15237818658351898,False,0.27960843063598956,,,False,ok,
2025-01-01T00:05:38,sensor_2,Normal,HIGH,ensemble_rf,0.027832401916384697,0.15237818658351898,False,0.2902306924091782,,,False,ok,
2025-01-01T00:05:41,sensor_2,Normal,HIGH,ensemble_rf,0.028100507333874702,0.15237818658351898,False,0.2328245833882599,,,False,ok,
2025-01-01T00:05:44,sensor_2,Normal,HIGH,ensemble_rf,0.026594841852784157,0.15237818658351898,False,0.24052599476435726,,,False,ok,
2025-01-01T00:05:47,sensor_2,Normal,HIGH,ensemble_rf,0.025544865056872368,0.15237818658351898,False,0.26094493624550985,,,False,ok,
2025-01-01T00:05:50,sensor_2,Normal,HIGH,ensemble_rf,0.02720094472169876,0.15237818658351898,False,0.27374917270931365,,,False,ok,
2025-01-01T00:05:53,sensor_2,Normal,HIGH,ensemble_rf,0.02756221406161785,0.15237818658351898,False,0.25156780817070074,,,False,ok,
2025-01-01T00:05:56,sensor_2,Normal,HIGH,ensemble_rf,0.023236902430653572,0.15237818658351898,False,0.25142702429927344,,,False,ok,
2025-01-01T00:05:59,sensor_2,Normal,HIGH,ensemble_rf,0.02379966527223587,0.15237818658351898,False,0.2707620325712559,,,False,ok,
2025-01-01T00:06:02,sensor_2,Normal,HIGH,ensemble_rf,0.023717720061540604,0.15237818658351898,False,0.26184700641116815,,,False,ok,
2025-01-01T00:06:05,sensor_2,Normal,HIGH,ensemble_rf,0.02476591058075428,0.15237818658351898,False,0.27621724956846927,,,False,ok,
2025-01-01T00:06:08,sensor_2,Normal,HIGH,ensemble_rf,0.021183233708143234,0.15237818658351898,False,0.2676991183995615,,,False,ok,
2025-01-01T00:06:11,sensor_2,Normal,HIGH,ensemble_rf,0.02232733555138111,0.15237818658351898,False,0.2889294243128285,,,False,ok,
2025-01-01T00:06:14,sensor_2,Normal,HIGH,ensemble_rf,0.02275213785469532,0.15237818658351898,False,0.32770312777498295,,,False,ok,
2025-01-01T00:06:17,sensor_2,Normal,HIGH,ensemble_rf,0.021531224250793457,0.15237818658351898,False,0.3340680998764868,,,False,ok,
2025-01-01T00:06:20,sensor_2,Normal,HIGH,ensemble_rf,0.023697687312960625,0.15237818658351898,False,0.3045887851224837,,,False,ok,
2025-01-01T00:06:23,sensor_2,Normal,HIGH,ensemble_rf,0.023383015766739845,0.15237818658351898,False,0.304635928969927,,,False,ok,
2025-01-01T00:06:26,sensor_2,Normal,HIGH,ensemble_rf,0.025290561839938164,0.15237818658351898,False,0.2966192492025342,,,False,ok,
2025-01-01T00:06:29,sensor_2,Normal,HIGH,ensemble_rf,0.023713627830147743,0.15237818658351898,False,0.291168546089272,,,False,ok,
2025-01-01T00:06:32,sensor_2,Normal,HIGH,ensemble_rf,0.024462886154651642,0.15237818658351898,False,0.27986281312241834,,,False,ok,
2025-01-01T00:06:35,sensor_2,Normal,HIGH,ensemble_rf,0.02705063298344612,0.15237818658351898,False,0.29367068633451177,,,False,ok,
2025-01-01T00:06:38,sensor_2,Normal,HIGH,ensemble_rf,0.022578487172722816,0.15237818658351898,False,0.3949120398528803,,,False,ok,
2025-01-01T00:06:41,sensor_2,Normal,HIGH,ensemble_rf,0.020867446437478065,0.15237818658351898,False,0.4207444613976609,,,False,ok,
2025-01-01T00:06:44,sensor_2,Normal,HIGH,ensemble_rf,0.023171130567789078,0.15237818658351898,False,0.38261002132468336,,,False,ok,
2025-01-01T00:06:47,sensor_2,Normal,HIGH,ensemble_rf,0.01898132637143135,0.15237818658351898,False,0.4033072001987938,,,False,ok,
2025-01-01T00:06:50,sensor_2,Normal,HIGH,ensemble_rf,0.01941782981157303,0.15237818658351898,False,0.34747448444927953,,,False,ok,
2025-01-01T00:06:53,sensor_2,Normal,HIGH,ensemble_rf,0.020392952486872673,0.15237818658351898,False,0.30963313185810915,,,False,ok,
2025-01-01T00:06:56,sensor_2,Normal,HIGH,ensemble_rf,0.019887598231434822,0.15237818658351898,False,0.3079259262121756,,,False,ok,
2025-01-01T00:06:59,sensor_2,Normal,HIGH,ensemble_rf,0.020471874624490738,0.15237818658351898,False,0.3045295267365062,,,False,ok,
2025-01-01T00:07:02,sensor_2,Normal,HIGH,ensemble_rf,0.018222562968730927,0.15237818658351898,False,0.2671596568276974,,,False,ok,
2025-01-01T00:07:05,sensor_2,Normal,HIGH,ensemble_rf,0.017068909481167793,0.15237818658351898,False,0.24497780121301688,,,False,ok,
2025-01-01T00:07:08,sensor_2,Normal,HIGH,ensemble_rf,0.02041890099644661,0.15237818658351898,False,0.23904247858754066,,,False,ok,
2025-01-01T00:07:11,sensor_2,Normal,HIGH,ensemble_rf,0.02117156982421875,0.15237818658351898,False,0.2532072802813204,,,False,ok,
2025-01-01T00:07:14,sensor_2,Normal,HIGH,ensemble_rf,0.021740734577178955,0.15237818658351898,False,0.2369859533892019,,,False,ok,
2025-01-01T00:07:17,sensor_2,Normal,HIGH,ensemble_rf,0.02394181489944458,0.15237818658351898,False,0.27157488308619315,,,False,ok,
2025-01-01T00:07:20,sensor_2,Normal,HIGH,ensemble_rf,0.0224192775785923,0.15237818658351898,False,0.29148440484284405,,,False,ok,
2025-01-01T00:07:23,sensor_2,Normal,HIGH,ensemble_rf,0.023076657205820084,0.15237818658351898,False,0.2801270659755359,,,False,ok,
2025-01-01T00:07:26,sensor_2,Normal,HIGH,ensemble_rf,0.024428410455584526,0.15237818658351898,False,0.2577714925275048,,,False,ok,
2025-01-01T00:07:29,sensor_2,Normal,HIGH,ensemble_rf,0.02416812814772129,0.15237818658351898,False,0.2782110116505923,,,False,ok,
2025-01-01T00:07:32,sensor_2,Normal,HIGH,ensemble_rf,0.024772536009550095,0.15237818658351898,False,0.26624946679581263,,,False,ok,
2025-01-01T00:07:35,sensor_2,Normal,HIGH,ensemble_rf,0.022523513063788414,0.15237818658351898,False,0.2923100297625245,,,False,ok,
2025-01-01T00:07:38,sensor_2,Normal,HIGH,ensemble_rf,0.02193470112979412,0.15237818658351898,False,0.3557014855625039,,,False,ok,
2025-01-01T00:07:41,sensor_2,Normal,HIGH,ensemble_rf,0.024148041382431984,0.15237818658351898,False,0.32516664332766554,,,False,ok,
2025-01-01T00:07:44,sensor_2,Normal,HIGH,ensemble_rf,0.0207319725304842,0.15237818658351898,False,0.33639710135498796,,,False,ok,
2025-01-01T00:07:47,sensor_2,Normal,HIGH,ensemble_rf,0.02328798919916153,0.15237818658351898,False,0.36088648749014784,,,False,ok,
2025-01-01T00:07:50,sensor_2,Normal,HIGH,ensemble_rf,0.023571915924549103,0.15237818658351898,False,0.34997019555850156,,,False,ok,
2025-01-01T00:07:53,sensor_2,Normal,HIGH,ensemble_rf,0.023568566888570786,0.15237818658351898,False,0.3129535279629257,,,False,ok,
2025-01-01T00:07:56,sensor_2,Normal,HIGH,ensemble_rf,0.0247736144810915,0.15237818658351898,False,0.3118860525623143,,,False,ok,
2025-01-01T00:07:59,sensor_2,Normal,HIGH,ensemble_rf,0.02418925240635872,0.15237818658351898,False,0.3308437465053335,,,False,ok,
2025-01-01T00:08:02,sensor_2,Normal,HIGH,ensemble_rf,0.023985447362065315,0.15237818658351898,False,0.3400459104335982,,,False,ok,
2025-01-01T00:08:05,sensor_2,Normal,HIGH,ensemble_rf,0.025780223309993744,0.15237818658351898,False,0.35749700376645743,,,False,ok,
2025-01-01T00:08:08,sensor_2,Normal,HIGH,ensemble_rf,0.02680852636694908,0.15237818658351898,False,0.33218275726927543,,,False,ok,
2025-01-01T00:08:11,sensor_2,Normal,HIGH,ensemble_rf,0.025217734277248383,0.15237818658351898,False,0.33526895102438375,,,False,ok,
2025-01-01T00:08:14,sensor_2,Normal,HIGH,ensemble_rf,0.02459089271724224,0.15237818658351898,False,0.3232576732497051,,,False,ok,
2025-01-01T00:08:17,sensor_2,Normal,HIGH,ensemble_rf,0.025394631549715996,0.15237818658351898,False,0.3386021643364998,,,False,ok,
2025-01-01T00:08:20,sensor_2,Normal,HIGH,ensemble_rf,0.02174680121243,0.15237818658351898,False,0.3539354396438062,,,False,ok,
2025-01-01T00:08:23,sensor_2,Normal,HIGH,ensemble_rf,0.025655696168541908,0.15237818658351898,False,0.34630411329460126,,,False,ok,
2025-01-01T00:08:26,sensor_2,Normal,HIGH,ensemble_rf,0.024118931964039803,0.15237818658351898,False,0.33813289972068916,,,False,ok,
2025-01-01T00:08:29,sensor_2,Normal,HIGH,ensemble_rf,0.02346097305417061,0.15237818658351898,False,0.3574118621025315,,,False,ok,
2025-01-01T00:08:32,sensor_2,Normal,HIGH,ensemble_rf,0.02543400414288044,0.15237818658351898,False,0.3314551859116726,,,False,ok,
2025-01-01T00:08:35,sensor_2,Normal,HIGH,ensemble_rf,0.030425582081079483,0.15237818658351898,False,0.3749404584798433,,,False,ok,
2025-01-01T00:08:38,sensor_2,Normal,HIGH,ensemble_rf,0.028169794008135796,0.15237818658351898,False,0.3205872541664741,,,False,ok,
2025-01-01T00:08:41,sensor_2,Normal,HIGH,ensemble_rf,0.027562012895941734,0.15237818658351898,False,0.33793432519294386,,,False,ok,
2025-01-01T00:08:44,sensor_2,Normal,HIGH,ensemble_rf,0.027973469346761703,0.15237818658351898,False,0.3059389089933006,,,False,ok,
2025-01-01T00:08:47,sensor_2,Normal,HIGH,ensemble_rf,0.027166394516825676,0.15237818658351898,False,0.33290203331349877,,,False,ok,
2025-01-01T00:08:50,sensor_2,Normal,HIGH,ensemble_rf,0.02943607233464718,0.15237818658351898,False,0.2851012415527819,,,False,ok,
2025-01-01T00:08:53,sensor_2,Normal,HIGH,ensemble_rf,0.02808859385550022,0.15237818658351898,False,0.2983773428535393,,,False,ok,
2025-01-01T00:08:56,sensor_2,Normal,HIGH,ensemble_rf,0.027722904458642006,0.15237818658351898,False,0.27942012635714847,,,False,ok,
2025-01-01T00:08:59,sensor_2,Normal,HIGH,ensemble_rf,0.02751786820590496,0.15237818658351898,False,0.278093204212103,,,False,ok,
2025-01-01T00:09:02,sensor_2,Normal,HIGH,ensemble_rf,0.02835073322057724,0.15237818658351898,False,0.274040547076565,,,False,ok,
2025-01-01T00:09:05,sensor_2,Normal,HIGH,ensemble_rf,0.029255444183945656,0.15237818658351898,False,0.3154054253629768,,,False,ok,
2025-01-01T00:09:08,sensor_2,Normal,HIGH,ensemble_rf,0.03301962465047836,0.15237818658351898,False,0.3041815662287105,,,False,ok,
2025-01-01T00:09:11,sensor_2,Normal,HIGH,ensemble_rf,0.0315404050052166,0.15237818658351898,False,0.29295136939038624,,,False,ok,
2025-01-01T00:09:14,sensor_2,Normal,HIGH,ensemble_rf,0.029913412407040596,0.15237818658351898,False,0.29892267910028486,,,False,ok,
2025-01-01T00:09:17,sensor_2,Normal,HIGH,ensemble_rf,0.02889382094144821,0.15237818658351898,False,0.2746943026328676,,,False,ok,
2025-01-01T00:09:20,sensor_2,Normal,HIGH,ensemble_rf,0.030322911217808723,0.15237818658351898,False,0.2678859812818403,,,False,ok,
2025-01-01T00:09:23,sensor_2,Normal,HIGH,ensemble_rf,0.03203510865569115,0.15237818658351898,False,0.2554294202803648,,,False,ok,
2025-01-01T00:09:26,sensor_2,Normal,HIGH,ensemble_rf,0.031951647251844406,0.15237818658351898,False,0.2761539898626211,,,False,ok,
2025-01-01T00:09:29,sensor_2,Normal,HIGH,ensemble_rf,0.02945668064057827,0.15237818658351898,False,0.2907307651578249,,,False,ok,
2025-01-01T00:09:32,sensor_2,Normal,HIGH,ensemble_rf,0.029426924884319305,0.15237818658351898,False,0.2932170938707692,,,False,ok,
2025-01-01T00:09:35,sensor_2,Normal,HIGH,ensemble_rf,0.029537666589021683,0.15237818658351898,False,0.3277097952692456,,,False,ok,
2025-01-01T00:09:38,sensor_2,Normal,HIGH,ensemble_rf,0.031465452164411545,0.15237818658351898,False,0.34934466592991237,,,False,ok,
2025-01-01T00:09:41,sensor_2,Normal,HIGH,ensemble_rf,0.03121405653655529,0.15237818658351898,False,0.36457249252871593,,,False,ok,
2025-01-01T00:09:44,sensor_2,Normal,HIGH,ensemble_rf,0.034679580479860306,0.15237818658351898,False,0.36165234522670237,,,False,ok,
2025-01-01T00:09:47,sensor_2,Normal,HIGH,ensemble_rf,0.03372347727417946,0.15237818658351898,False,0.3634559531354689,,,False,ok,
2025-01-01T00:09:50,sensor_2,Normal,HIGH,ensemble_rf,0.034069571644067764,0.15237818658351898,False,0.354543453369086,,,False,ok,
2025-01-01T00:09:53,sensor_2,Normal,HIGH,ensemble_rf,0.030763523653149605,0.15237818658351898,False,0.32286476321052354,,,False,ok,
2025-01-01T00:09:56,sensor_2,Normal,HIGH,ensemble_rf,0.03291301429271698,0.15237818658351898,False,0.34169307946645444,,,False,ok,
2025-01-01T00:09:59,sensor_2,Normal,HIGH,ensemble_rf,0.0273542832583189,0.15237818658351898,False,0.33645196570257224,,,False,ok,
2025-01-01T00:10:02,sensor_2,Normal,HIGH,ensemble_rf,0.026481006294488907,0.15237818658351898,False,0.3222396892767224,,,False,ok,
2025-01-01T00:10:05,sensor_2,Normal,HIGH,ensemble_rf,0.029299013316631317,0.15237818658351898,False,0.28907035237299944,,,False,ok,
2025-01-01T00:10:08,sensor_2,Normal,HIGH,ensemble_rf,0.029954522848129272,0.15237818658351898,False,0.3344333832580131,,,False,ok,
2025-01-01T00:10:11,sensor_2,Normal,HIGH,ensemble_rf,0.026369279250502586,0.15237818658351898,False,0.33413608959019336,,,False,ok,
2025-01-01T00:10:14,sensor_2,Normal,HIGH,ensemble_rf,0.026810910552740097,0.15237818658351898,False,0.3422893067348875,,,False,ok,
2025-01-01T00:10:17,sensor_2,Normal,HIGH,ensemble_rf,0.02346792072057724,0.15237818658351898,False,0.33264622930895943,,,False,ok,
2025-01-01T00:10:20,sensor_2,Normal,HIGH,ensemble_rf,0.023151040077209473,0.15237818658351898,False,0.34498248735142334,,,False,ok,
2025-01-01T00:10:23,sensor_2,Normal,HIGH,ensemble_rf,0.026901088654994965,0.15237818658351898,False,0.3688690491486252,,,False,ok,
2025-01-01T00:10:26,sensor_2,Normal,HIGH,ensemble_rf,0.02404583804309368,0.15237818658351898,False,0.3521463573701066,,,False,ok,
2025-01-01T00:10:29,sensor_2,Normal,HIGH,ensemble_rf,0.023433063179254532,0.15237818658351898,False,0.3658501829790998,,,False,ok,
2025-01-01T00:10:32,sensor_2,Normal,HIGH,ensemble_rf,0.02329631708562374,0.15237818658351898,False,0.37316243070249466,,,False,ok,
2025-01-01T00:10:35,sensor_2,Normal,HIGH,ensemble_rf,0.02748296782374382,0.15237818658351898,False,0.345988321066185,,,False,ok,
2025-01-01T00:10:38,sensor_2,Normal,HIGH,ensemble_rf,0.02449377439916134,0.15237818658351898,False,0.2823553370745337,,,False,ok,
2025-01-01T00:10:41,sensor_2,Normal,HIGH,ensemble_rf,0.02575541101396084,0.15237818658351898,False,0.32203480894363684,,,False,ok,
2025-01-01T00:10:44,sensor_2,Normal,HIGH,ensemble_rf,0.027178088203072548,0.15237818658351898,False,0.30610084831299067,,,False,ok,
2025-01-01T00:10:47,sensor_2,Normal,HIGH,ensemble_rf,0.025024261325597763,0.15237818658351898,False,0.2620793843448091,,,False,ok,
2025-01-01T00:10:50,sensor_2,Normal,HIGH,ensemble_rf,0.027331115677952766,0.15237818658351898,False,0.26601567745892435,,,False,ok,
2025-01-01T00:10:53,sensor_2,Normal,HIGH,ensemble_rf,0.02612406387925148,0.15237818658351898,False,0.27388520236913716,,,False,ok,
2025-01-01T00:10:56,sensor_2,Normal,HIGH,ensemble_rf,0.02410600334405899,0.15237818658351898,False,0.27615319970733315,,,False,ok,
2025-01-01T00:10:59,sensor_2,Normal,HIGH,ensemble_rf,0.02381632663309574,0.15237818658351898,False,0.35832538952924936,,,False,ok,
2025-01-01T00:11:02,sensor_2,Normal,HIGH,ensemble_rf,0.025631261989474297,0.15237818658351898,False,0.33011266095151154,,,False,ok,
2025-01-01T00:11:05,sensor_2,Normal,HIGH,ensemble_rf,0.02097550593316555,0.15237818658351898,False,0.341295654571522,,,False,ok,
2025-01-01T00:11:08,sensor_2,Normal,HIGH,ensemble_rf,0.023223765194416046,0.15237818658351898,False,0.37077817771115684,,,False,ok,
2025-01-01T00:11:11,sensor_2,Normal,HIGH,ensemble_rf,0.021701103076338768,0.15237818658351898,False,0.35035361083738054,,,False,ok,
2025-01-01T00:11:14,sensor_2,Normal,HIGH,ensemble_rf,0.026146797463297844,0.15237818658351898,False,0.33999282957410343,,,False,ok,
2025-01-01T00:11:17,sensor_2,Normal,HIGH,ensemble_rf,0.023234935477375984,0.15237818658351898,False,0.328524487963207,,,False,ok,
2025-01-01T00:11:20,sensor_2,Normal,HIGH,ensemble_rf,0.02446802891790867,0.15237818658351898,False,0.3320291386550098,,,False,ok,
2025-01-01T00:11:23,sensor_2,Normal,HIGH,ensemble_rf,0.027662094682455063,0.15237818658351898,False,0.3316126204818029,,,False,ok,
2025-01-01T00:11:26,sensor_2,Normal,HIGH,ensemble_rf,0.026473691686987877,0.15237818658351898,False,0.2943403491940774,,,False,ok,
2025-01-01T00:11:29,sensor_2,Normal,HIGH,ensemble_rf,0.024662073701620102,0.15237818658351898,False,0.31697501291998803,,,False,ok,
2025-01-01T00:11:32,sensor_2,Normal,HIGH,ensemble_rf,0.025826221331954002,0.15237818658351898,False,0.3083979826990646,,,False,ok,
2025-01-01T00:11:35,sensor_2,Normal,HIGH,ensemble_rf,0.029128719121217728,0.15237818658351898,False,0.2682995434154209,,,False,ok,
2025-01-01T00:11:38,sensor_2,Normal,HIGH,ensemble_rf,0.031453147530555725,0.15237818658351898,False,0.2726535277529532,,,False,ok,
2025-01-01T00:11:41,sensor_2,Normal,HIGH,ensemble_rf,0.027131633833050728,0.15237818658351898,False,0.2592139638787609,,,False,ok,
2025-01-01T00:11:44,sensor_2,Normal,HIGH,ensemble_rf,0.02551618590950966,0.15237818658351898,False,0.2789586514207305,,,False,ok,
2025-01-01T00:11:47,sensor_2,Normal,HIGH,ensemble_rf,0.025501497089862823,0.15237818658351898,False,0.27285011386250496,,,False,ok,
2025-01-01T00:11:50,sensor_2,Normal,HIGH,ensemble_rf,0.02589869685471058,0.15237818658351898,False,0.30020509685578795,,,False,ok,
2025-01-01T00:11:53,sensor_2,Normal,HIGH,ensemble_rf,0.025635842233896255,0.15237818658351898,False,0.3223229069318039,,,False,ok,
2025-01-01T00:11:56,sensor_2,Normal,HIGH,ensemble_rf,0.026150600984692574,0.15237818658351898,False,0.33711454078616854,,,False,ok,
2025-01-01T00:11:59,sensor_2,Normal,HIGH,ensemble_rf,0.028677653521299362,0.15237818658351898,False,0.32632523090795396,,,False,ok,
2025-01-01T00:12:02,sensor_2,Normal,HIGH,ensemble_rf,0.030432170256972313,0.15237818658351898,False,0.3134925528566877,,,False,ok,
2025-01-01T00:12:05,sensor_2,Normal,HIGH,ensemble_rf,0.02619369700551033,0.15237818658351898,False,0.2688050919398414,,,False,ok,
2025-01-01T00:12:08,sensor_2,Normal,HIGH,ensemble_rf,0.02206329070031643,0.15237818658351898,False,0.31484556928672125,,,False,ok,
2025-01-01T00:12:11,sensor_2,Normal,HIGH,ensemble_rf,0.02290993742644787,0.15237818658351898,False,0.37769942276679513,,,False,ok,
2025-01-01T00:12:14,sensor_2,Normal,HIGH,ensemble_rf,0.023128271102905273,0.15237818658351898,False,0.3672616777053383,,,False,ok,
2025-01-01T00:12:17,sensor_2,Normal,HIGH,ensemble_rf,0.02362421341240406,0.15237818658351898,False,0.3512913070960837,,,False,ok,
2025-01-01T00:12:20,sensor_2,Normal,HIGH,ensemble_rf,0.027212044224143028,0.15237818658351898,False,0.3654663974748239,,,False,ok,
2025-01-01T00:12:23,sensor_2,Normal,HIGH,ensemble_rf,0.023365138098597527,0.15237818658351898,False,0.36114575537398125,,,False,ok,
2025-01-01T00:12:26,sensor_2,Normal,HIGH,ensemble_rf,0.024108761921525,0.15237818658351898,False,0.3941695944637375,,,False,ok,
2025-01-01T00:12:29,sensor_2,Normal,HIGH,ensemble_rf,0.02632509358227253,0.15237818658351898,False,0.3856098761165293,,,False,ok,
2025-01-01T00:12:32,sensor_2,Normal,HIGH,ensemble_rf,0.022588547319173813,0.15237818658351898,False,0.40415612747725077,,,False,ok,
2025-01-01T00:12:35,sensor_2,Normal,HIGH,ensemble_rf,0.025329111143946648,0.15237818658351898,False,0.4008848803987116,,,False,ok,
2025-01-01T00:12:38,sensor_2,Normal,HIGH,ensemble_rf,0.021829696372151375,0.15237818658351898,False,0.3640201571115886,,,False,ok,
2025-01-01T00:12:41,sensor_2,Normal,HIGH,ensemble_rf,0.02130133844912052,0.15237818658351898,False,0.3746712294935386,,,False,ok,
2025-01-01T00:12:44,sensor_2,Normal,HIGH,ensemble_rf,0.022145191207528114,0.15237818658351898,False,0.39537553669651193,,,False,ok,
2025-01-01T00:12:47,sensor_2,Normal,HIGH,ensemble_rf,0.021334832534193993,0.15237818658351898,False,0.3697781131790092,,,False,ok,
2025-01-01T00:12:50,sensor_2,Normal,HIGH,ensemble_rf,0.019688274711370468,0.15237818658351898,False,0.3472645193405902,,,False,ok,
2025-01-01T00:12:53,sensor_2,Normal,HIGH,ensemble_rf,0.02186226285994053,0.15237818658351898,False,0.29439748216638695,,,False,ok,
2025-01-01T00:12:56,sensor_2,Normal,HIGH,ensemble_rf,0.021999439224600792,0.15237818658351898,False,0.2768419501351575,,,False,ok,
2025-01-01T00:12:59,sensor_2,Normal,HIGH,ensemble_rf,0.020472904667258263,0.15237818658351898,False,0.27795191835344996,,,False,ok,
2025-01-01T00:13:02,sensor_2,Normal,HIGH,ensemble_rf,0.01940934918820858,0.15237818658351898,False,0.33586564517945305,,,False,ok,
2025-01-01T00:13:05,sensor_2,Normal,HIGH,ensemble_rf,0.023169197142124176,0.15237818658351898,False,0.310398029185315,,,False,ok,
2025-01-01T00:13:08,sensor_2,Normal,HIGH,ensemble_rf,0.020356925204396248,0.15237818658351898,False,0.31709081952752766,,,False,ok,
2025-01-01T00:13:11,sensor_2,Normal,HIGH,ensemble_rf,0.021130237728357315,0.15237818658351898,False,0.3112679815299087,,,False,ok,
2025-01-01T00:13:14,sensor_2,Normal,HIGH,ensemble_rf,0.02480364218354225,0.15237818658351898,False,0.2890560833102066,,,False,ok,
2025-01-01T00:13:17,sensor_2,Normal,HIGH,ensemble_rf,0.024984635412693024,0.15237818658351898,False,0.24612104006824861,,,False,ok,
2025-01-01T00:13:20,sensor_2,Normal,HIGH,ensemble_rf,0.02261047437787056,0.15237818658351898,False,0.25757217651149666,,,False,ok,
2025-01-01T00:13:23,sensor_2,Normal,HIGH,ensemble_rf,0.02292678691446781,0.15237818658351898,False,0.2653264888327393,,,False,ok,
2025-01-01T00:13:26,sensor_2,Normal,HIGH,ensemble_rf,0.022578472271561623,0.15237818658351898,False,0.27929664287900874,,,False,ok,
2025-01-01T00:13:29,sensor_2,Normal,HIGH,ensemble_rf,0.025974327698349953,0.15237818658351898,False,0.30578306631530555,,,False,ok,
2025-01-01T00:13:32,sensor_2,Normal,HIGH,ensemble_rf,0.02495093084871769,0.15237818658351898,False,0.3529046857052273,,,False,ok,
2025-01-01T00:13:35,sensor_2,Normal,HIGH,ensemble_rf,0.023070381954312325,0.15237818658351898,False,0.3585144767964853,,,False,ok,
2025-01-01T00:13:38,sensor_2,Normal,HIGH,ensemble_rf,0.02266356162726879,0.15237818658351898,False,0.33685112360944414,,,False,ok,
2025-01-01T00:13:41,sensor_2,Normal,HIGH,ensemble_rf,0.025663672015070915,0.15237818658351898,False,0.3927660746913562,,,False,ok,
2025-01-01T00:13:44,sensor_2,Normal,HIGH,ensemble_rf,0.025694822892546654,0.15237818658351898,False,0.4384352014028216,,,False,ok,
2025-01-01T00:13:47,sensor_2,Normal,HIGH,ensemble_rf,0.02297719195485115,0.15237818658351898,False,0.43322100574265016,,,False,ok,
2025-01-01T00:13:50,sensor_2,Normal,HIGH,ensemble_rf,0.024119218811392784,0.15237818658351898,False,0.3822976341139063,,,False,ok,
2025-01-01T00:13:53,sensor_2,Normal,HIGH,ensemble_rf,0.026339951902627945,0.15237818658351898,False,0.3735288392864956,,,False,ok,
2025-01-01T00:13:56,sensor_2,Normal,HIGH,ensemble_rf,0.02421691082417965,0.15237818658351898,False,0.40401440998689875,,,False,ok,
2025-01-01T00:13:59,sensor_2,Normal,HIGH,ensemble_rf,0.024762088432908058,0.15237818658351898,False,0.3710191927610677,,,False,ok,
2025-01-01T00:14:02,sensor_2,Normal,HIGH,ensemble_rf,0.027769917622208595,0.15237818658351898,False,0.40402800182176735,,,False,ok,
2025-01-01T00:14:05,sensor_2,Normal,HIGH,ensemble_rf,0.023939697071909904,0.15237818658351898,False,0.3942073578717057,,,False,ok,
2025-01-01T00:14:08,sensor_2,Normal,HIGH,ensemble_rf,0.023346833884716034,0.15237818658351898,False,0.357516755935383,,,False,ok,
2025-01-01T00:14:11,sensor_2,Normal,HIGH,ensemble_rf,0.023395204916596413,0.15237818658351898,False,0.4074413721251242,,,False,ok,
2025-01-01T00:14:14,sensor_2,Normal,HIGH,ensemble_rf,0.024838747456669807,0.15237818658351898,False,0.37706114051722117,,,False,ok,
2025-01-01T00:14:17,sensor_2,Normal,HIGH,ensemble_rf,0.02161605842411518,0.15237818658351898,False,0.3679318821994015,,,False,ok,
2025-01-01T00:14:20,sensor_2,Normal,HIGH,ensemble_rf,0.02126333862543106,0.15237818658351898,False,0.35363071313585165,,,False,ok,
2025-01-01T00:14:23,sensor_2,Normal,HIGH,ensemble_rf,0.023863425478339195,0.15237818658351898,False,0.3347149324210272,,,False,ok,
2025-01-01T00:14:26,sensor_2,Normal,HIGH,ensemble_rf,0.023393141105771065,0.15237818658351898,False,0.35185404540260057,,,False,ok,
2025-01-01T00:14:29,sensor_2,Normal,HIGH,ensemble_rf,0.02274145744740963,0.15237818658351898,False,0.34907280805245317,,,False,ok,
2025-01-01T00:14:32,sensor_2,Normal,HIGH,ensemble_rf,0.023478129878640175,0.15237818658351898,False,0.3403718435366337,,,False,ok,
2025-01-01T00:14:35,sensor_2,Normal,HIGH,ensemble_rf,0.0219323318451643,0.15237818658351898,False,0.3103817295385513,,,False,ok,
2025-01-01T00:14:38,sensor_2,Normal,HIGH,ensemble_rf,0.02199852280318737,0.15237818658351898,False,0.3389880700783368,,,False,ok,
2025-01-01T00:14:41,sensor_2,Normal,HIGH,ensemble_rf,0.019618626683950424,0.15237818658351898,False,0.3395987396369405,,,False,ok,
2025-01-01T00:14:44,sensor_2,Normal,HIGH,ensemble_rf,0.022122332826256752,0.15237818658351898,False,0.26652946212609296,,,False,ok,
2025-01-01T00:14:47,sensor_2,Normal,HIGH,ensemble_rf,0.022741135209798813,0.15237818658351898,False,0.2793944492445295,,,False,ok,
2025-01-01T00:14:50,sensor_2,Normal,HIGH,ensemble_rf,0.021908074617385864,0.15237818658351898,False,0.2956281113226282,,,False,ok,
2025-01-01T00:14:53,sensor_2,Normal,HIGH,ensemble_rf,0.021584298461675644,0.15237818658351898,False,0.2858917998814411,,,False,ok,
2025-01-01T00:14:56,sensor_2,Normal,HIGH,ensemble_rf,0.02384287863969803,0.15237818658351898,False,0.2722570635326141,,,False,ok,
2025-01-01T00:14:59,sensor_2,Normal,HIGH,ensemble_rf,0.021159524098038673,0.15237818658351898,False,0.25057828699937956,,,False,ok,
2025-01-01T00:15:02,sensor_2,Normal,HIGH,ensemble_rf,0.02176905795931816,0.15237818658351898,False,0.2204896759379715,,,False,ok,
2025-01-01T00:15:05,sensor_2,Normal,HIGH,ensemble_rf,0.023355575278401375,0.15237818658351898,False,0.21628497906071517,,,False,ok,
2025-01-01T00:15:08,sensor_2,Normal,LOW,default,0.03279062360525131,0.15237818658351898,False,0.2517090533906545,,,False,ok,
2025-01-01T00:15:11,sensor_2,Normal,LOW,default,0.03242738917469978,0.15237818658351898,False,0.2313917281873778,,,False,ok,
2025-01-01T00:15:14,sensor_2,Normal,LOW,default,0.03471638262271881,0.15237818658351898,False,0.26568969265488795,,,False,ok,
2025-01-01T00:15:17,sensor_2,Normal,LOW,default,0.0342823825776577,0.15237818658351898,False,0.29139000892299705,,,False,ok,
2025-01-01T00:15:20,sensor_2,Normal,LOW,default,0.037348952144384384,0.15237818658351898,False,0.25306354481952364,,,False,ok,
2025-01-01T00:15:23,sensor_2,Normal,LOW,default,0.04379494860768318,0.15237818658351898,False,0.22487432849192612,,,False,ok,
2025-01-01T00:15:26,sensor_2,Normal,LOW,default,0.045382194221019745,0.15237818658351898,False,0.19312048650559838,,,False,ok,
2025-01-01T00:15:29,sensor_2,Normal,LOW,default,0.04841949790716171,0.15237818658351898,False,0.20839187518935787,,,False,ok,
2025-01-01T00:15:32,sensor_2,Normal,LOW,default,0.05078659951686859,0.15237818658351898,False,0.2237831233991101,,,False,ok,
2025-01-01T00:15:35,sensor_2,Normal,LOW,default,0.05663277581334114,0.15237818658351898,False,0.24790514165615266,,,False,ok,
2025-01-01T00:15:38,sensor_2,Normal,MEDIUM,ensemble_rf,0.058788396418094635,0.15237818658351898,False,0.18915281651131952,,,False,ok,
2025-01-01T00:15:41,sensor_2,Normal,MEDIUM,ensemble_rf,0.0606994703412056,0.15237818658351898,False,0.2129908345086557,,,False,ok,
2025-01-01T00:15:44,sensor_2,Normal,MEDIUM,ensemble_rf,0.06517785787582397,0.15237818658351898,False,0.2289019790368624,,,False,ok,
2025-01-01T00:15:47,sensor_2,Normal,MEDIUM,ensemble_rf,0.06510192900896072,0.15237818658351898,False,0.23304081708734725,,,False,ok,
2025-01-01T00:15:50,sensor_2,Normal,MEDIUM,ensemble_rf,0.06939338892698288,0.15237818658351898,False,0.21809276032989405,,,False,ok,
2025-01-01T00:15:53,sensor_2,Normal,MEDIUM,ensemble_rf,0.07509595900774002,0.15237818658351898,False,0.22563116479185827,,,False,ok,
2025-01-01T00:15:56,sensor_2,Normal,MEDIUM,ensemble_rf,0.07546480000019073,0.15237818658351898,False,0.2743748562753413,,,False,ok,
2025-01-01T00:15:59,sensor_2,Normal,MEDIUM,ensemble_rf,0.07897428423166275,0.15237818658351898,False,0.3621639312380886,,,False,ok,
2025-01-01T00:16:02,sensor_2,Normal,MEDIUM,ensemble_rf,0.08224637806415558,0.15237818658351898,False,0.4038840020358019,,,False,ok,
2025-01-01T00:16:05,sensor_2,Normal,MEDIUM,ensemble_rf,0.08257342875003815,0.15237818658351898,False,0.4284030433954827,,,False,ok,
2025-01-01T00:16:08,sensor_2,Normal,MEDIUM,ensemble_rf,0.08538472652435303,0.15237818658351898,False,0.3985451248394906,,,False,ok,
2025-01-01T00:16:11,sensor_2,Normal,MEDIUM,ensemble_rf,0.08626223355531693,0.15237818658351898,False,0.32285637499294695,,,False,ok,
2025-01-01T00:16:14,sensor_2,Normal,MEDIUM,ensemble_rf,0.08892834931612015,0.15237818658351898,False,0.3418931223636598,,,False,ok,
2025-01-01T00:16:17,sensor_2,Normal,MEDIUM,ensemble_rf,0.09426186978816986,0.15237818658351898,False,0.29274402890390305,,,False,ok,
2025-01-01T00:16:20,sensor_2,Normal,LOW,ensemble_rf,0.09853783994913101,0.15237818658351898,False,0.3220165483351305,,,False,ok,
2025-01-01T00:16:23,sensor_2,Normal,MEDIUM,ensemble_rf,0.09905841201543808,0.15237818658351898,False,0.31357987758851064,,,False,ok,
2025-01-01T00:16:26,sensor_2,Normal,MEDIUM,ensemble_rf,0.09418642520904541,0.15237818658351898,False,0.2925433551764202,,,False,ok,
2025-01-01T00:16:29,sensor_2,Normal,MEDIUM,ensemble_rf,0.09818492084741592,0.15237818658351898,False,0.31751636789417165,,,False,ok,
2025-01-01T00:16:32,sensor_2,Normal,MEDIUM,ensemble_rf,0.10270015895366669,0.15237818658351898,False,0.3643257645503838,,,False,ok,
2025-01-01T00:16:35,sensor_2,Normal,MEDIUM,ensemble_rf,0.10801275074481964,0.15237818658351898,False,0.33904978258874,,,False,ok,
2025-01-01T00:16:38,sensor_2,Normal,MEDIUM,ensemble_rf,0.09902497380971909,0.15237818658351898,False,0.3699836581555814,,,False,ok,
2025-01-01T00:16:41,sensor_2,Normal,MEDIUM,ensemble_rf,0.08895934373140335,0.15237818658351898,False,0.35529816342586296,,,False,ok,
2025-01-01T00:16:44,sensor_2,Normal,MEDIUM,ensemble_rf,0.08771641552448273,0.15237818658351898,False,0.3423835737204385,,,False,ok,
2025-01-01T00:16:47,sensor_2,Normal,MEDIUM,ensemble_rf,0.08546078205108643,0.15237818658351898,False,0.3443542941875907,,,False,ok,
2025-01-01T00:16:50,sensor_2,Normal,MEDIUM,ensemble_rf,0.08845439553260803,0.15237818658351898,False,0.32314538033714435,,,False,ok,
2025-01-01T00:16:53,sensor_2,Normal,MEDIUM,ensemble_rf,0.07864847779273987,0.15237818658351898,False,0.33245468576437215,,,False,ok,
2025-01-01T00:16:56,sensor_2,Normal,MEDIUM,ensemble_rf,0.07535138726234436,0.15237818658351898,False,0.34471706873414043,,,False,ok,
2025-01-01T00:16:59,sensor_2,Normal,HIGH,ensemble_rf,0.07379788905382156,0.15237818658351898,False,0.3515583331115766,,,False,ok,
2025-01-01T00:17:02,sensor_2,Normal,HIGH,ensemble_rf,0.06903327256441116,0.15237818658351898,False,0.3464827960622321,,,False,ok,
2025-01-01T00:17:05,sensor_2,Normal,HIGH,ensemble_rf,0.07151034474372864,0.15237818658351898,False,0.36657628921590246,,,False,ok,
2025-01-01T00:17:08,sensor_2,Normal,HIGH,ensemble_rf,0.0664372518658638,0.15237818658351898,False,0.3560363275689326,,,False,ok,
2025-01-01T00:17:11,sensor_2,Normal,HIGH,ensemble_rf,0.06192173436284065,0.15237818658351898,False,0.3490395440427634,,,False,ok,
2025-01-01T00:17:14,sensor_2,Normal,HIGH,ensemble_rf,0.05909770727157593,0.15237818658351898,False,0.4209976184294336,,,False,ok,
2025-01-01T00:17:17,sensor_2,Normal,HIGH,ensemble_rf,0.05466673895716667,0.15237818658351898,False,0.41876590045368045,,,False,ok,
2025-01-01T00:17:20,sensor_2,Normal,HIGH,ensemble_rf,0.052962008863687515,0.15237818658351898,False,0.4035550439383552,,,False,ok,
2025-01-01T00:17:23,sensor_2,Normal,HIGH,ensemble_rf,0.0563143827021122,0.15237818658351898,False,0.37305534134223506,,,False,ok,
2025-01-01T00:17:26,sensor_2,Normal,HIGH,ensemble_rf,0.052409444004297256,0.15237818658351898,False,0.35523172960321703,,,False,ok,
2025-01-01T00:17:29,sensor_2,Normal,HIGH,ensemble_rf,0.0439717061817646,0.15237818658351898,False,0.3101775576030042,,,False,ok,
2025-01-01T00:17:32,sensor_2,Normal,HIGH,ensemble_rf,0.04088573530316353,0.15237818658351898,False,0.3980411323422287,,,False,ok,
2025-01-01T00:17:35,sensor_2,Normal,HIGH,ensemble_rf,0.0376574732363224,0.15237818658351898,False,0.4604991935885075,,,False,ok,
2025-01-01T00:17:38,sensor_2,Normal,HIGH,ensemble_rf,0.03418195992708206,0.15237818658351898,False,0.45135134569235097,,,False,ok,
2025-01-01T00:17:41,sensor_2,Normal,HIGH,ensemble_rf,0.03154943138360977,0.15237818658351898,False,0.42554027217521895,,,False,ok,
2025-01-01T00:17:44,sensor_2,Normal,HIGH,ensemble_rf,0.03234377130866051,0.15237818658351898,False,0.44446385526743754,,,False,ok,
2025-01-01T00:17:47,sensor_2,Normal,HIGH,ensemble_rf,0.023065248504281044,0.15237818658351898,False,0.39030368912601904,,,False,ok,
2025-01-01T00:17:50,sensor_2,Normal,HIGH,ensemble_rf,0.022946404293179512,0.15237818658351898,False,0.34698787259802727,,,False,ok,
2025-01-01T00:17:53,sensor_2,Normal,HIGH,ensemble_rf,0.02236836962401867,0.15237818658351898,False,0.32251401048589645,,,False,ok,
2025-01-01T00:17:56,sensor_2,Normal,HIGH,ensemble_rf,0.021656198427081108,0.15237818658351898,False,0.3588555173088454,,,False,ok,
2025-01-01T00:17:59,sensor_2,Normal,HIGH,ensemble_rf,0.023324675858020782,0.15237818658351898,False,0.285223825969361,,,False,ok,
2025-01-01T00:18:02,sensor_2,Normal,HIGH,ensemble_rf,0.016736311838030815,0.15237818658351898,False,0.29644677197752106,,,False,ok,
2025-01-01T00:18:05,sensor_2,Normal,HIGH,ensemble_rf,0.017063850536942482,0.15237818658351898,False,0.3188075156724123,,,False,ok,
2025-01-01T00:18:08,sensor_2,Normal,HIGH,ensemble_rf,0.019688483327627182,0.15237818658351898,False,0.34176155620235915,,,False,ok,
2025-01-01T00:18:11,sensor_2,Normal,HIGH,ensemble_rf,0.018768569454550743,0.15237818658351898,False,0.32665497812916305,,,False,ok,
2025-01-01T00:18:14,sensor_2,Normal,HIGH,ensemble_rf,0.018897535279393196,0.15237818658351898,False,0.33062593513957583,,,False,ok,
2025-01-01T00:18:17,sensor_2,Normal,HIGH,ensemble_rf,0.023010622709989548,0.15237818658351898,False,0.3300506520889177,,,False,ok,
2025-01-01T00:18:20,sensor_2,Normal,HIGH,ensemble_rf,0.019754085689783096,0.15237818658351898,False,0.4121822989970195,,,False,ok,
2025-01-01T00:18:23,sensor_2,Normal,HIGH,ensemble_rf,0.01800261251628399,0.15237818658351898,False,0.4187531328831276,,,False,ok,
2025-01-01T00:18:26,sensor_2,Normal,HIGH,ensemble_rf,0.019725097343325615,0.15237818658351898,False,0.3809778183343237,,,False,ok,
2025-01-01T00:18:29,sensor_2,Normal,HIGH,ensemble_rf,0.020166924223303795,0.15237818658351898,False,0.41702802148719226,,,False,ok,
2025-01-01T00:18:32,sensor_2,Normal,HIGH,ensemble_rf,0.019634876400232315,0.15237818658351898,False,0.36997548512753037,,,False,ok,
2025-01-01T00:18:35,sensor_2,Normal,HIGH,ensemble_rf,0.020683223381638527,0.15237818658351898,False,0.376510969292711,,,False,ok,
2025-01-01T00:18:38,sensor_2,Normal,HIGH,ensemble_rf,0.02504700981080532,0.15237818658351898,False,0.40371072813763503,,,False,ok,
2025-01-01T00:18:41,sensor_2,Normal,HIGH,ensemble_rf,0.02129058726131916,0.15237818658351898,False,0.3881636024981363,,,False,ok,
2025-01-01T00:18:44,sensor_2,Normal,HIGH,ensemble_rf,0.022838270291686058,0.15237818658351898,False,0.38499235662794373,,,False,ok,
2025-01-01T00:18:47,sensor_2,Normal,HIGH,ensemble_rf,0.02186288870871067,0.15237818658351898,False,0.38536488220559056,,,False,ok,
2025-01-01T00:18:50,sensor_2,Normal,HIGH,ensemble_rf,0.02342357113957405,0.15237818658351898,False,0.3748671888475964,,,False,ok,
2025-01-01T00:18:53,sensor_2,Normal,HIGH,ensemble_rf,0.021912170574069023,0.15237818658351898,False,0.3446740297133194,,,False,ok,
2025-01-01T00:18:56,sensor_2,Normal,HIGH,ensemble_rf,0.021872306242585182,0.15237818658351898,False,0.33661067260608124,,,False,ok,
2025-01-01T00:18:59,sensor_2,Normal,HIGH,ensemble_rf,0.01979590579867363,0.15237818658351898,False,0.3613018498816432,,,False,ok,
2025-01-01T00:19:02,sensor_2,Normal,HIGH,ensemble_rf,0.021094290539622307,0.15237818658351898,False,0.3841512193664804,,,False,ok,
2025-01-01T00:19:05,sensor_2,Normal,HIGH,ensemble_rf,0.022393373772501945,0.15237818658351898,False,0.3412219617880296,,,False,ok,
2025-01-01T00:19:08,sensor_2,Normal,HIGH,ensemble_rf,0.023618746548891068,0.15237818658351898,False,0.3514975499650564,,,False,ok,
2025-01-01T00:19:11,sensor_2,Normal,HIGH,ensemble_rf,0.021532071754336357,0.15237818658351898,False,0.3460771826833799,,,False,ok,
2025-01-01T00:19:14,sensor_2,Normal,HIGH,ensemble_rf,0.021826663985848427,0.15237818658351898,False,0.354779062717774,,,False,ok,
2025-01-01T00:19:17,sensor_2,Normal,HIGH,ensemble_rf,0.01954595558345318,0.15237818658351898,False,0.33476973652785513,,,False,ok,
2025-01-01T00:19:20,sensor_2,Normal,HIGH,ensemble_rf,0.021558105945587158,0.15237818658351898,False,0.4030154504744718,,,False,ok,
2025-01-01T00:19:23,sensor_2,Normal,HIGH,ensemble_rf,0.024132363498210907,0.15237818658351898,False,0.4161932429343964,,,False,ok,
2025-01-01T00:19:26,sensor_2,Normal,HIGH,ensemble_rf,0.022952023893594742,0.15237818658351898,False,0.4121433216520721,,,False,ok,
2025-01-01T00:19:29,sensor_2,Normal,HIGH,ensemble_rf,0.022955067455768585,0.15237818658351898,False,0.46120585578953216,,,False,ok,
2025-01-01T00:19:32,sensor_2,Normal,HIGH,ensemble_rf,0.02063295803964138,0.15237818658351898,False,0.4305145845726763,,,False,ok,
2025-01-01T00:19:35,sensor_2,Normal,HIGH,ensemble_rf,0.021791083738207817,0.15237818658351898,False,0.40255537752056947,,,False,ok,
2025-01-01T00:19:38,sensor_2,Normal,HIGH,ensemble_rf,0.021220454946160316,0.15237818658351898,False,0.3919439728069656,,,False,ok,
2025-01-01T00:19:41,sensor_2,Normal,HIGH,ensemble_rf,0.021985070779919624,0.15237818658351898,False,0.34607640978079374,,,False,ok,
2025-01-01T00:19:44,sensor_2,Normal,HIGH,ensemble_rf,0.025218820199370384,0.15237818658351898,False,0.34613045827822536,,,False,ok,
2025-01-01T00:19:47,sensor_2,Normal,HIGH,ensemble_rf,0.024535099044442177,0.15237818658351898,False,0.3519901287822046,,,False,ok,
2025-01-01T00:19:50,sensor_2,Normal,HIGH,ensemble_rf,0.02326017990708351,0.15237818658351898,False,0.3213896639398984,,,False,ok,
2025-01-01T00:19:53,sensor_2,Normal,HIGH,ensemble_rf,0.025367828086018562,0.15237818658351898,False,0.29513927740360224,,,False,ok,
2025-01-01T00:19:56,sensor_2,Normal,HIGH,ensemble_rf,0.02143573760986328,0.15237818658351898,False,0.3003619489729928,,,False,ok,
2025-01-01T00:19:59,sensor_2,Normal,HIGH,ensemble_rf,0.021881844848394394,0.15237818658351898,False,0.25094829950784325,,,False,ok,
2025-01-01T00:20:02,sensor_2,Normal,MEDIUM,ensemble_rf,0.027504201978445053,0.15237818658351898,False,0.1841458129190739,,,False,ok,
2025-01-01T00:20:05,sensor_2,Normal,LOW,default,0.038275837898254395,0.15237818658351898,False,0.2185384260822134,,,False,ok,
2025-01-01T00:20:08,sensor_2,Normal,LOW,default,0.04235563054680824,0.15237818658351898,False,0.1277248760860781,,,False,ok,
2025-01-01T00:20:11,sensor_2,Normal,LOW,default,0.05009956285357475,0.15237818658351898,False,0.17582043725788463,,,False,ok,
2025-01-01T00:20:14,sensor_2,Normal,LOW,default,0.05830393359065056,0.15237818658351898,False,0.1787435290962409,,,False,ok,
2025-01-01T00:20:17,sensor_2,Normal,LOW,default,0.062052931636571884,0.15237818658351898,False,0.1774306895826664,,,False,ok,
2025-01-01T00:20:20,sensor_2,Normal,LOW,default,0.07122012227773666,0.15237818658351898,False,0.18694211993627272,,,False,ok,
2025-01-01T00:20:23,sensor_2,Normal,LOW,default,0.08120780438184738,0.15237818658351898,False,0.2509767889545683,,,False,ok,
2025-01-01T00:20:26,sensor_2,Normal,LOW,default,0.08881110697984695,0.15237818658351898,False,0.24757591694878942,,,False,ok,
2025-01-01T00:20:29,sensor_2,Normal,LOW,default,0.10101364552974701,0.15237818658351898,False,0.2641719464944588,,,False,ok,
2025-01-01T00:20:32,sensor_2,Normal,LOW,default,0.1054103672504425,0.15237818658351898,False,0.28362240657884374,,,False,ok,
2025-01-01T00:20:35,sensor_2,Normal,LOW,default,0.11278334259986877,0.15237818658351898,False,0.28199363998767174,,,False,ok,
2025-01-01T00:20:38,sensor_2,Normal,LOW,default,0.12042887508869171,0.15237818658351898,False,0.2517278121140261,,,False,ok,
2025-01-01T00:20:41,sensor_2,Normal,LOW,default,0.12406475841999054,0.15237818658351898,False,0.28770681212271615,,,False,ok,
2025-01-01T00:20:44,sensor_2,Drift Attack,HIGH,rule_engine,0.13274510204792023,0.15237818658351898,False,0.3152800508655803,,,False,ok,
2025-01-01T00:20:47,sensor_2,Drift Attack,HIGH,rule_engine,0.13895964622497559,0.15237818658351898,False,0.2807019119631433,,,False,ok,
2025-01-01T00:20:50,sensor_2,Drift Attack,HIGH,rule_engine,0.14674825966358185,0.15237818658351898,False,0.3049721959656552,,,False,ok,
2025-01-01T00:20:53,sensor_2,Drift Attack,HIGH,rule_engine,0.15629059076309204,0.15237818658351898,False,0.2610817229568722,,,True,ok,
2025-01-01T00:20:56,sensor_2,Drift Attack,HIGH,rule_engine,0.16466590762138367,0.15237818658351898,False,0.23333356543908707,,,True,ok,
2025-01-01T00:20:59,sensor_2,Drift Attack,HIGH,rule_engine,0.17490513622760773,0.15237818658351898,False,0.20826252366753167,,,True,ok,
2025-01-01T00:21:02,sensor_2,Drift Attack,HIGH,rule_engine,0.1810879409313202,0.15237818658351898,False,0.2275409078739847,,,True,ok,
2025-01-01T00:21:05,sensor_2,Normal,LOW,default,0.18982911109924316,0.15237818658351898,False,0.23384555276266616,,,True,ok,
2025-01-01T00:21:08,sensor_2,Drift Attack,MEDIUM,ensemble_rf,0.198887899518013,0.15237818658351898,False,0.23371285390888036,,,True,ok,
2025-01-01T00:21:11,sensor_2,Drift Attack,MEDIUM,ensemble_rf,0.20800651609897614,0.15237818658351898,False,0.2307082746722374,,,True,ok,
2025-01-01T00:21:14,sensor_2,Normal,LOW,default,0.20938287675380707,0.15237818658351898,False,0.2538110043405448,,,True,ok,
2025-01-01T00:21:17,sensor_2,Normal,LOW,default,0.21313200891017914,0.15237818658351898,False,0.22401520651230533,,,True,ok,
2025-01-01T00:21:20,sensor_2,Normal,LOW,default,0.21980184316635132,0.15237818658351898,False,0.24414817029012706,,,True,ok,
2025-01-01T00:21:23,sensor_2,Noise Attack,LOW,default,0.22820019721984863,0.15237818658351898,False,0.19825107967242853,,,True,ok,
2025-01-01T00:21:26,sensor_2,Drift Attack,LOW,ensemble_rf,0.23982778191566467,0.15237818658351898,False,0.16310771453741263,,,True,ok,
2025-01-01T00:21:29,sensor_2,Noise Attack,LOW,default,0.24290354549884796,0.15237818658351898,False,0.1718466431251517,,,True,ok,
2025-01-01T00:21:32,sensor_2,Noise Attack,LOW,default,0.24775518476963043,0.15237818658351898,False,0.23914812423107473,,,True,ok,
2025-01-01T00:21:35,sensor_2,Noise Attack,LOW,default,0.24317078292369843,0.15237818658351898,False,0.21415402115523208,,,True,ok,
2025-01-01T00:21:38,sensor_2,Noise Attack,LOW,default,0.2397538721561432,0.15237818658351898,False,0.19367918764498307,,,True,ok,
2025-01-01T00:21:41,sensor_2,Noise Attack,LOW,default,0.23450817167758942,0.15237818658351898,False,0.20982357030864304,,,True,ok,
2025-01-01T00:21:44,sensor_2,Noise Attack,LOW,default,0.23021648824214935,0.15237818658351898,False,0.19795059126457942,,,True,ok,
2025-01-01T00:21:47,sensor_2,Normal,LOW,default,0.2302078753709793,0.15237818658351898,False,0.24297760337121238,,,True,ok,
2025-01-01T00:21:50,sensor_2,Noise Attack,LOW,default,0.2260747104883194,0.15237818658351898,False,0.21265831115713987,,,True,ok,
2025-01-01T00:21:53,sensor_2,Noise Attack,LOW,default,0.22298532724380493,0.15237818658351898,False,0.22893044173724994,,,True,ok,
2025-01-01T00:21:56,sensor_2,Noise Attack,LOW,default,0.21577033400535583,0.15237818658351898,False,0.20090246440926418,,,True,ok,
2025-01-01T00:21:59,sensor_2,Normal,LOW,default,0.2093770056962967,0.15237818658351898,False,0.19078102230784263,,,True,ok,
2025-01-01T00:22:02,sensor_2,Drift Attack,MEDIUM,ensemble_rf,0.20808765292167664,0.15237818658351898,False,0.19538038356447324,,,True,ok,
2025-01-01T00:22:05,sensor_2,Drift Attack,MEDIUM,ensemble_rf,0.19650878012180328,0.15237818658351898,False,0.1864226743587511,,,True,ok,
2025-01-01T00:22:08,sensor_2,Normal,LOW,default,0.19379349052906036,0.15237818658351898,False,0.25072269492323374,,,True,ok,
2025-01-01T00:22:11,sensor_2,Drift Attack,LOW,ensemble_rf,0.1978723555803299,0.15237818658351898,False,0.22876742037163658,,,True,ok,
2025-01-01T00:22:14,sensor_2,Normal,LOW,default,0.19135580956935883,0.15237818658351898,False,0.21337268621343505,,,True,ok,
2025-01-01T00:22:17,sensor_2,Normal,LOW,default,0.1857070028781891,0.15237818658351898,False,0.14688393362105903,,,True,ok,
2025-01-01T00:22:20,sensor_2,Normal,LOW,default,0.18089666962623596,0.15237818658351898,False,0.12005481802762748,,,True,ok,
2025-01-01T00:22:23,sensor_2,Normal,LOW,default,0.1752491593360901,0.15237818658351898,False,0.15457235180779408,,,True,ok,
2025-01-01T00:22:26,sensor_2,Normal,LOW,default,0.16989700496196747,0.15237818658351898,False,0.12395922211961802,,,True,ok,
2025-01-01T00:22:29,sensor_2,Normal,LOW,ensemble_rf,0.1658528596162796,0.15237818658351898,False,0.13842488971266043,,,True,ok,
2025-01-01T00:22:32,sensor_2,Normal,MEDIUM,ensemble_rf,0.15844835340976715,0.15237818658351898,False,0.132525877489674,,,True,ok,
2025-01-01T00:22:35,sensor_2,Normal,MEDIUM,ensemble_rf,0.15467427670955658,0.15237818658351898,False,0.158066557038995,,,True,ok,
2025-01-01T00:22:38,sensor_2,Normal,MEDIUM,ensemble_rf,0.1503099799156189,0.15237818658351898,False,0.17163409478641622,,,False,ok,
2025-01-01T00:22:41,sensor_2,Normal,MEDIUM,ensemble_rf,0.14409296214580536,0.15237818658351898,False,0.1739251563681751,,,False,ok,
2025-01-01T00:22:44,sensor_2,Normal,LOW,default,0.14034217596054077,0.15237818658351898,False,0.2678503924822604,,,False,ok,
2025-01-01T00:22:47,sensor_2,Normal,MEDIUM,ensemble_rf,0.14237256348133087,0.15237818658351898,False,0.18361037137969183,,,False,ok,
2025-01-01T00:22:50,sensor_2,Normal,LOW,ensemble_rf,0.1364925503730774,0.15237818658351898,False,0.31789354649781915,,,False,ok,
2025-01-01T00:22:53,sensor_2,Normal,MEDIUM,ensemble_rf,0.1307254433631897,0.15237818658351898,False,0.28011245170749594,,,False,ok,
2025-01-01T00:22:56,sensor_2,Normal,LOW,default,0.12520669400691986,0.15237818658351898,False,0.198119151211321,,,False,ok,
2025-01-01T00:22:59,sensor_2,Normal,LOW,default,0.12903907895088196,0.15237818658351898,False,0.24476003763235804,,,False,ok,
2025-01-01T00:23:02,sensor_2,Drop Attack,HIGH,rule_engine,0.11644374579191208,0.15237818658351898,False,0.2449527250862787,,,False,ok,
2025-01-01T00:23:05,sensor_2,Drop Attack,HIGH,rule_engine,0.1068836972117424,0.15237818658351898,False,0.24314915778668086,,,False,ok,
2025-01-01T00:23:08,sensor_2,Normal,LOW,default,0.10757467895746231,0.15237818658351898,False,0.29944340100615435,,,False,ok,
2025-01-01T00:23:11,sensor_2,Normal,LOW,default,0.09885664284229279,0.15237818658351898,False,0.28809180901425124,,,False,ok,
2025-01-01T00:23:14,sensor_2,Normal,LOW,default,0.10124051570892334,0.15237818658351898,False,0.3050105747470768,,,False,ok,
2025-01-01T00:23:17,sensor_2,Normal,LOW,default,0.09928708523511887,0.15237818658351898,False,0.2863981102611447,,,False,ok,
2025-01-01T00:23:20,sensor_2,Normal,MEDIUM,ensemble_rf,0.09351570159196854,0.15237818658351898,False,0.3281938422098797,,,False,ok,
2025-01-01T00:23:23,sensor_2,Normal,MEDIUM,ensemble_rf,0.08542509377002716,0.15237818658351898,False,0.3118675780628357,,,False,ok,
2025-01-01T00:23:26,sensor_2,Normal,HIGH,ensemble_rf,0.08643391728401184,0.15237818658351898,False,0.35858849661886444,,,False,ok,
2025-01-01T00:23:29,sensor_2,Normal,HIGH,ensemble_rf,0.08841407299041748,0.15237818658351898,False,0.3596795054165619,,,False,ok,
2025-01-01T00:23:32,sensor_2,Normal,HIGH,ensemble_rf,0.0814230665564537,0.15237818658351898,False,0.3327008816484242,,,False,ok,
2025-01-01T00:23:35,sensor_2,Normal,HIGH,ensemble_rf,0.08206389844417572,0.15237818658351898,False,0.33283138167643256,,,False,ok,
2025-01-01T00:23:38,sensor_2,Normal,HIGH,ensemble_rf,0.08443338423967361,0.15237818658351898,False,0.36484338201629635,,,False,ok,
2025-01-01T00:23:41,sensor_2,Normal,HIGH,ensemble_rf,0.073940709233284,0.15237818658351898,False,0.3319884383516748,,,False,ok,
2025-01-01T00:23:44,sensor_2,Normal,HIGH,ensemble_rf,0.071258045732975,0.15237818658351898,False,0.35132830305813534,,,False,ok,
2025-01-01T00:23:47,sensor_2,Normal,HIGH,ensemble_rf,0.06660445034503937,0.15237818658351898,False,0.39461926601043334,,,False,ok,
2025-01-01T00:23:50,sensor_2,Normal,HIGH,ensemble_rf,0.06364002078771591,0.15237818658351898,False,0.46016101972353596,,,False,ok,
2025-01-01T00:23:53,sensor_2,Normal,HIGH,ensemble_rf,0.06653095036745071,0.15237818658351898,False,0.46195026235801345,,,False,ok,
2025-01-01T00:23:56,sensor_2,Normal,HIGH,ensemble_rf,0.06301936507225037,0.15237818658351898,False,0.44549011712805325,,,False,ok,
2025-01-01T00:23:59,sensor_2,Normal,HIGH,ensemble_rf,0.0596126988530159,0.15237818658351898,False,0.4095970775723478,,,False,ok,
2025-01-01T00:24:02,sensor_2,Normal,HIGH,ensemble_rf,0.06328729540109634,0.15237818658351898,False,0.35467932444943334,,,False,ok,
2025-01-01T00:24:05,sensor_2,Normal,HIGH,ensemble_rf,0.06056934967637062,0.15237818658351898,False,0.3205125104894586,,,False,ok,
2025-01-01T00:24:08,sensor_2,Normal,HIGH,ensemble_rf,0.05395232141017914,0.15237818658351898,False,0.2753209567327167,,,False,ok,
2025-01-01T00:24:11,sensor_2,Normal,HIGH,ensemble_rf,0.048470865935087204,0.15237818658351898,False,0.23528233726455539,,,False,ok,
2025-01-01T00:24:14,sensor_2,Normal,HIGH,ensemble_rf,0.05025024339556694,0.15237818658351898,False,0.2615784165810932,,,False,ok,
2025-01-01T00:24:17,sensor_2,Normal,HIGH,ensemble_rf,0.041152115911245346,0.15237818658351898,False,0.25009443007352367,,,False,ok,
2025-01-01T00:24:20,sensor_2,Normal,HIGH,ensemble_rf,0.04181982949376106,0.15237818658351898,False,0.27064454365214197,,,False,ok,
2025-01-01T00:24:23,sensor_2,Normal,HIGH,ensemble_rf,0.04239944368600845,0.15237818658351898,False,0.25259909995355534,,,False,ok,
2025-01-01T00:24:26,sensor_2,Normal,HIGH,ensemble_rf,0.033905137330293655,0.15237818658351898,False,0.24960147740057256,,,False,ok,
2025-01-01T00:24:29,sensor_2,Normal,HIGH,ensemble_rf,0.030916333198547363,0.15237818658351898,False,0.21220084317108606,,,False,ok,
2025-01-01T00:24:32,sensor_2,Normal,HIGH,ensemble_rf,0.031178751960396767,0.15237818658351898,False,0.2006766840194062,,,False,ok,
2025-01-01T00:24:35,sensor_2,Normal,HIGH,ensemble_rf,0.029902325943112373,0.15237818658351898,False,0.19329059558908884,,,False,ok,
2025-01-01T00:24:38,sensor_2,Normal,HIGH,ensemble_rf,0.030974717810750008,0.15237818658351898,False,0.21119373268056832,,,False,ok,
2025-01-01T00:24:41,sensor_2,Normal,HIGH,ensemble_rf,0.03247617557644844,0.15237818658351898,False,0.21031449504968744,,,False,ok,
2025-01-01T00:24:44,sensor_2,Normal,HIGH,ensemble_rf,0.03485792875289917,0.15237818658351898,False,0.23838352425695503,,,False,ok,
2025-01-01T00:24:47,sensor_2,Normal,HIGH,ensemble_rf,0.030509330332279205,0.15237818658351898,False,0.21379610389259818,,,False,ok,
2025-01-01T00:24:50,sensor_2,Normal,HIGH,ensemble_rf,0.03214404731988907,0.15237818658351898,False,0.23751433251394657,,,False,ok,
2025-01-01T00:24:53,sensor_2,Normal,HIGH,ensemble_rf,0.0285336896777153,0.15237818658351898,False,0.229805314659107,,,False,ok,
2025-01-01T00:24:56,sensor_2,Normal,HIGH,ensemble_rf,0.028335237875580788,0.15237818658351898,False,0.21838132481977196,,,False,ok,
2025-01-01T00:24:59,sensor_2,Normal,HIGH,ensemble_rf,0.025795141234993935,0.15237818658351898,False,0.2082978753651479,,,False,ok,
2025-01-01T00:25:02,sensor_2,Normal,HIGH,ensemble_rf,0.030542809516191483,0.15237818658351898,False,0.25832516230490554,,,False,ok,
2025-01-01T00:25:05,sensor_2,Normal,HIGH,ensemble_rf,0.029810577630996704,0.15237818658351898,False,0.2716384128972318,,,False,ok,
2025-01-01T00:25:08,sensor_2,Normal,HIGH,ensemble_rf,0.02731480449438095,0.15237818658351898,False,0.2763004161593263,,,False,ok,
2025-01-01T00:25:11,sensor_2,Normal,HIGH,ensemble_rf,0.029353944584727287,0.15237818658351898,False,0.2725935654053322,,,False,ok,
2025-01-01T00:25:14,sensor_2,Normal,HIGH,ensemble_rf,0.02719683200120926,0.15237818658351898,False,0.27248081039111904,,,False,ok,
2025-01-01T00:25:17,sensor_2,Normal,HIGH,ensemble_rf,0.02566811814904213,0.15237818658351898,False,0.2991138145793046,,,False,ok,
2025-01-01T00:25:20,sensor_2,Normal,HIGH,ensemble_rf,0.024876747280359268,0.15237818658351898,False,0.3266370323503805,,,False,ok,
2025-01-01T00:25:23,sensor_2,Normal,HIGH,ensemble_rf,0.025415057316422462,0.15237818658351898,False,0.33853061691761843,,,False,ok,
2025-01-01T00:25:26,sensor_2,Normal,HIGH,ensemble_rf,0.02208399772644043,0.15237818658351898,False,0.33819748189538457,,,False,ok,
2025-01-01T00:25:29,sensor_2,Normal,HIGH,ensemble_rf,0.021684419363737106,0.15237818658351898,False,0.37014638476458495,,,False,ok,
2025-01-01T00:25:32,sensor_2,Normal,HIGH,ensemble_rf,0.021304985508322716,0.15237818658351898,False,0.31689812657415833,,,False,ok,
2025-01-01T00:25:35,sensor_2,Normal,HIGH,ensemble_rf,0.019976237788796425,0.15237818658351898,False,0.38191449571724134,,,False,ok,
2025-01-01T00:25:38,sensor_2,Normal,HIGH,ensemble_rf,0.023288223892450333,0.15237818658351898,False,0.34895923410007124,,,False,ok,
2025-01-01T00:25:41,sensor_2,Normal,HIGH,ensemble_rf,0.025813806802034378,0.15237818658351898,False,0.32700172693405755,,,False,ok,
2025-01-01T00:25:44,sensor_2,Normal,HIGH,ensemble_rf,0.023064153268933296,0.15237818658351898,False,0.28396730599048725,,,False,ok,
2025-01-01T00:25:47,sensor_2,Normal,HIGH,ensemble_rf,0.023362306877970695,0.15237818658351898,False,0.27785014602529856,,,False,ok,
2025-01-01T00:25:50,sensor_2,Normal,HIGH,ensemble_rf,0.023089032620191574,0.15237818658351898,False,0.28142757305663313,,,False,ok,
2025-01-01T00:25:53,sensor_2,Normal,HIGH,ensemble_rf,0.021440912038087845,0.15237818658351898,False,0.3001643879065572,,,False,ok,
2025-01-01T00:25:56,sensor_2,Normal,HIGH,ensemble_rf,0.02385694906115532,0.15237818658351898,False,0.3513173125477536,,,False,ok,
2025-01-01T00:25:59,sensor_2,Normal,HIGH,ensemble_rf,0.025705140084028244,0.15237818658351898,False,0.3302817765239387,,,False,ok,
2025-01-01T00:26:02,sensor_2,Normal,HIGH,ensemble_rf,0.02346193417906761,0.15237818658351898,False,0.35415795693062235,,,False,ok,
2025-01-01T00:26:05,sensor_2,Normal,HIGH,ensemble_rf,0.02141713537275791,0.15237818658351898,False,0.3592117177509495,,,False,ok,
2025-01-01T00:26:08,sensor_2,Normal,HIGH,ensemble_rf,0.02086467668414116,0.15237818658351898,False,0.36128948845360787,,,False,ok,
2025-01-01T00:26:11,sensor_2,Normal,HIGH,ensemble_rf,0.023230813443660736,0.15237818658351898,False,0.3670750847264938,,,False,ok,
2025-01-01T00:26:14,sensor_2,Normal,HIGH,ensemble_rf,0.024484585970640182,0.15237818658351898,False,0.3708081356390893,,,False,ok,
2025-01-01T00:26:17,sensor_2,Normal,HIGH,ensemble_rf,0.022920941933989525,0.15237818658351898,False,0.38561691824102245,,,False,ok,
2025-01-01T00:26:20,sensor_2,Normal,HIGH,ensemble_rf,0.023096470162272453,0.15237818658351898,False,0.3960591870377034,,,False,ok,
2025-01-01T00:26:23,sensor_2,Normal,HIGH,ensemble_rf,0.024153651669621468,0.15237818658351898,False,0.3846344163497188,,,False,ok,
2025-01-01T00:26:26,sensor_2,Normal,HIGH,ensemble_rf,0.02428353764116764,0.15237818658351898,False,0.3691289523216628,,,False,ok,
2025-01-01T00:26:29,sensor_2,Normal,HIGH,ensemble_rf,0.024141503497958183,0.15237818658351898,False,0.3144009481875082,,,False,ok,
2025-01-01T00:26:32,sensor_2,Normal,HIGH,ensemble_rf,0.01964934729039669,0.15237818658351898,False,0.27016655229071446,,,False,ok,
2025-01-01T00:26:35,sensor_2,Normal,HIGH,ensemble_rf,0.021144505590200424,0.15237818658351898,False,0.2499918476155745,,,False,ok,
2025-01-01T00:26:38,sensor_2,Normal,HIGH,ensemble_rf,0.020520715042948723,0.15237818658351898,False,0.29381220927291646,,,False,ok,
2025-01-01T00:26:41,sensor_2,Normal,HIGH,ensemble_rf,0.02206757478415966,0.15237818658351898,False,0.25491592845611677,,,False,ok,
2025-01-01T00:26:44,sensor_2,Normal,HIGH,ensemble_rf,0.02401263639330864,0.15237818658351898,False,0.27458756654757577,,,False,ok,
2025-01-01T00:26:47,sensor_2,Normal,HIGH,ensemble_rf,0.024446675553917885,0.15237818658351898,False,0.2782745926429782,,,False,ok,
2025-01-01T00:26:50,sensor_2,Normal,HIGH,ensemble_rf,0.02231237106025219,0.15237818658351898,False,0.2386781758785326,,,False,ok,
2025-01-01T00:26:53,sensor_2,Normal,HIGH,ensemble_rf,0.02270536869764328,0.15237818658351898,False,0.22560649663241827,,,False,ok,
2025-01-01T00:26:56,sensor_2,Normal,HIGH,ensemble_rf,0.02281925268471241,0.15237818658351898,False,0.2197624166237559,,,False,ok,
2025-01-01T00:26:59,sensor_2,Normal,HIGH,ensemble_rf,0.023747146129608154,0.15237818658351898,False,0.2307412694590914,,,False,ok,
2025-01-01T00:27:02,sensor_2,Normal,HIGH,ensemble_rf,0.023182842880487442,0.15237818658351898,False,0.2057603118844332,,,False,ok,
2025-01-01T00:27:05,sensor_2,Normal,HIGH,ensemble_rf,0.01897536776959896,0.15237818658351898,False,0.25599401889674434,,,False,ok,
2025-01-01T00:27:08,sensor_2,Normal,HIGH,ensemble_rf,0.01865207776427269,0.15237818658351898,False,0.27527938077285713,,,False,ok,
2025-01-01T00:27:11,sensor_2,Normal,HIGH,ensemble_rf,0.01929566264152527,0.15237818658351898,False,0.2630437733622644,,,False,ok,
2025-01-01T00:27:14,sensor_2,Normal,HIGH,ensemble_rf,0.018917029723525047,0.15237818658351898,False,0.29296457015096977,,,False,ok,
2025-01-01T00:27:17,sensor_2,Normal,HIGH,ensemble_rf,0.017683086916804314,0.15237818658351898,False,0.25436601630440764,,,False,ok,
2025-01-01T00:27:20,sensor_2,Normal,HIGH,ensemble_rf,0.01768624782562256,0.15237818658351898,False,0.2559282732596081,,,False,ok,
2025-01-01T00:27:23,sensor_2,Normal,HIGH,ensemble_rf,0.021342074498534203,0.15237818658351898,False,0.24979528932012696,,,False,ok,
2025-01-01T00:27:26,sensor_2,Normal,HIGH,ensemble_rf,0.018937790766358376,0.15237818658351898,False,0.2678671329571315,,,False,ok,
2025-01-01T00:27:29,sensor_2,Normal,HIGH,ensemble_rf,0.019365644082427025,0.15237818658351898,False,0.2402284597091333,,,False,ok,
2025-01-01T00:27:32,sensor_2,Normal,HIGH,ensemble_rf,0.020288430154323578,0.15237818658351898,False,0.21089243293333992,,,False,ok,
2025-01-01T00:27:35,sensor_2,Normal,HIGH,ensemble_rf,0.01880747638642788,0.15237818658351898,False,0.2818593712756984,,,False,ok,
2025-01-01T00:27:38,sensor_2,Normal,HIGH,ensemble_rf,0.018674815073609352,0.15237818658351898,False,0.22134131910872892,,,False,ok,
2025-01-01T00:27:41,sensor_2,Normal,HIGH,ensemble_rf,0.01733504794538021,0.15237818658351898,False,0.2411889712717902,,,False,ok,
2025-01-01T00:27:44,sensor_2,Normal,HIGH,ensemble_rf,0.019298268482089043,0.15237818658351898,False,0.2672580839129069,,,False,ok,
2025-01-01T00:27:47,sensor_2,Normal,HIGH,ensemble_rf,0.019275778904557228,0.15237818658351898,False,0.31327129580518226,,,False,ok,
2025-01-01T00:27:50,sensor_2,Normal,HIGH,ensemble_rf,0.019751034677028656,0.15237818658351898,False,0.28691917932245586,,,False,ok,
2025-01-01T00:27:53,sensor_2,Normal,HIGH,ensemble_rf,0.0213236752897501,0.15237818658351898,False,0.2657358780650593,,,False,ok,
2025-01-01T00:27:56,sensor_2,Normal,HIGH,ensemble_rf,0.019859708845615387,0.15237818658351898,False,0.26985649045889015,,,False,ok,
2025-01-01T00:27:59,sensor_2,Normal,HIGH,ensemble_rf,0.019984757527709007,0.15237818658351898,False,0.27271767042170036,,,False,ok,
2025-01-01T00:28:02,sensor_2,Normal,HIGH,ensemble_rf,0.020119454711675644,0.15237818658351898,False,0.26580765654174,,,False,ok,
2025-01-01T00:28:05,sensor_2,Normal,HIGH,ensemble_rf,0.02069610357284546,0.15237818658351898,False,0.261331401997125,,,False,ok,
2025-01-01T00:28:08,sensor_2,Normal,HIGH,ensemble_rf,0.021124860271811485,0.15237818658351898,False,0.2476788715001227,,,False,ok,
2025-01-01T00:28:11,sensor_2,Normal,HIGH,ensemble_rf,0.021580690518021584,0.15237818658351898,False,0.21682192561061395,,,False,ok,
2025-01-01T00:28:14,sensor_2,Normal,HIGH,ensemble_rf,0.02033851109445095,0.15237818658351898,False,0.17024466708125294,,,False,ok,
2025-01-01T00:28:17,sensor_2,Normal,HIGH,ensemble_rf,0.02067803032696247,0.15237818658351898,False,0.17447666270963924,,,False,ok,
2025-01-01T00:28:20,sensor_2,Normal,HIGH,ensemble_rf,0.02065098285675049,0.15237818658351898,False,0.1925273312042176,,,False,ok,
2025-01-01T00:28:23,sensor_2,Normal,HIGH,ensemble_rf,0.022020140662789345,0.15237818658351898,False,0.1963465704382098,,,False,ok,
2025-01-01T00:28:26,sensor_2,Normal,HIGH,ensemble_rf,0.02217944525182247,0.15237818658351898,False,0.18967786428400998,,,False,ok,
2025-01-01T00:28:29,sensor_2,Normal,HIGH,ensemble_rf,0.023584360256791115,0.15237818658351898,False,0.21892599015523517,,,False,ok,
2025-01-01T00:28:32,sensor_2,Normal,HIGH,ensemble_rf,0.021834617480635643,0.15237818658351898,False,0.2309614581224423,,,False,ok,
2025-01-01T00:28:35,sensor_2,Normal,HIGH,ensemble_rf,0.023752184584736824,0.15237818658351898,False,0.1935236973674578,,,False,ok,
2025-01-01T00:28:38,sensor_2,Normal,HIGH,ensemble_rf,0.024717161431908607,0.15237818658351898,False,0.21037736539728275,,,False,ok,
2025-01-01T00:28:41,sensor_2,Normal,HIGH,ensemble_rf,0.023651285097002983,0.15237818658351898,False,0.19568039398131723,,,False,ok,
2025-01-01T00:28:44,sensor_2,Normal,HIGH,ensemble_rf,0.0264078788459301,0.15237818658351898,False,0.1883918038956898,,,False,ok,
2025-01-01T00:28:47,sensor_2,Normal,HIGH,ensemble_rf,0.029391925781965256,0.15237818658351898,False,0.1851540773245615,,,False,ok,
2025-01-01T00:28:50,sensor_2,Normal,HIGH,ensemble_rf,0.03150491416454315,0.15237818658351898,False,0.18591282001801074,,,False,ok,
2025-01-01T00:28:53,sensor_2,Normal,HIGH,ensemble_rf,0.02985246293246746,0.15237818658351898,False,0.20344358771469678,,,False,ok,
2025-01-01T00:28:56,sensor_2,Normal,HIGH,ensemble_rf,0.03238210082054138,0.15237818658351898,False,0.20051210780982823,,,False,ok,
2025-01-01T00:28:59,sensor_2,Normal,HIGH,ensemble_rf,0.02893434651196003,0.15237818658351898,False,0.19997114783027406,,,False,ok,
2025-01-01T00:29:02,sensor_2,Normal,HIGH,ensemble_rf,0.02835974469780922,0.15237818658351898,False,0.18280969125892338,,,False,ok,
2025-01-01T00:29:05,sensor_2,Normal,HIGH,ensemble_rf,0.0272857416421175,0.15237818658351898,False,0.17876554029210678,,,False,ok,
2025-01-01T00:29:08,sensor_2,Normal,HIGH,ensemble_rf,0.02724376507103443,0.15237818658351898,False,0.16936309491341023,,,False,ok,
2025-01-01T00:29:11,sensor_2,Normal,HIGH,ensemble_rf,0.02827000804245472,0.15237818658351898,False,0.17352532317441646,,,False,ok,
2025-01-01T00:29:14,sensor_2,Normal,HIGH,ensemble_rf,0.026975689455866814,0.15237818658351898,False,0.17231293117810498,,,False,ok,
2025-01-01T00:29:17,sensor_2,Normal,HIGH,ensemble_rf,0.029674846678972244,0.15237818658351898,False,0.18610752233672978,,,False,ok,
2025-01-01T00:29:20,sensor_2,Normal,HIGH,ensemble_rf,0.029900917783379555,0.15237818658351898,False,0.19112649785754596,,,False,ok,
2025-01-01T00:29:23,sensor_2,Normal,HIGH,ensemble_rf,0.03003718890249729,0.15237818658351898,False,0.19209416699120485,,,False,ok,
2025-01-01T00:29:26,sensor_2,Normal,HIGH,ensemble_rf,0.0297695379704237,0.15237818658351898,False,0.21183505167939926,,,False,ok,
2025-01-01T00:29:29,sensor_2,Normal,HIGH,ensemble_rf,0.027410967275500298,0.15237818658351898,False,0.17535460225294203,,,False,ok,
2025-01-01T00:29:32,sensor_2,Normal,HIGH,ensemble_rf,0.028036732226610184,0.15237818658351898,False,0.20225300747746508,,,False,ok,
2025-01-01T00:29:35,sensor_2,Normal,HIGH,ensemble_rf,0.029718542471528053,0.15237818658351898,False,0.18908074913758624,,,False,ok,
2025-01-01T00:29:38,sensor_2,Normal,HIGH,ensemble_rf,0.03173564746975899,0.15237818658351898,False,0.2123842841470808,,,False,ok,
2025-01-01T00:29:41,sensor_2,Normal,HIGH,ensemble_rf,0.031961966305971146,0.15237818658351898,False,0.224127870893722,,,False,ok,
2025-01-01T00:29:44,sensor_2,Normal,HIGH,ensemble_rf,0.02987230196595192,0.15237818658351898,False,0.2367734507440448,,,False,ok,
2025-01-01T00:29:47,sensor_2,Normal,HIGH,ensemble_rf,0.03235088288784027,0.15237818658351898,False,0.20613687920013063,,,False,ok,
2025-01-01T00:29:50,sensor_2,Normal,HIGH,ensemble_rf,0.0329342745244503,0.15237818658351898,False,0.21176076662839385,,,False,ok,
2025-01-01T00:29:53,sensor_2,Normal,HIGH,ensemble_rf,0.03064369224011898,0.15237818658351898,False,0.24817254515258874,,,False,ok,
2025-01-01T00:29:56,sensor_2,Normal,HIGH,ensemble_rf,0.03088369593024254,0.15237818658351898,False,0.25735477670107054,,,False,ok,
2025-01-01T00:29:59,sensor_2,Normal,HIGH,ensemble_rf,0.03243928775191307,0.15237818658351898,False,0.2138540296998401,,,False,ok,
2025-01-01T00:30:02,sensor_2,Injection Attack,HIGH,rule_engine,0.037836816161870956,0.15237818658351898,False,0.1990981112711677,,,False,ok,
2025-01-01T00:30:05,sensor_2,Injection Attack,HIGH,rule_engine,0.0455048531293869,0.15237818658351898,False,0.22205107354349213,,,False,ok,
2025-01-01T00:30:08,sensor_2,Injection Attack,HIGH,rule_engine,0.05160384625196457,0.15237818658351898,False,0.2596180420184112,,,False,ok,
2025-01-01T00:30:11,sensor_2,Injection Attack,HIGH,rule_engine,0.05694073066115379,0.15237818658351898,False,0.24712274507681103,,,False,ok,
2025-01-01T00:30:14,sensor_2,Injection Attack,HIGH,rule_engine,0.06598447263240814,0.15237818658351898,False,0.21897282439378515,,,False,ok,
2025-01-01T00:30:17,sensor_2,Injection Attack,HIGH,rule_engine,0.06900687515735626,0.15237818658351898,False,0.22006074874940446,,,False,ok,
2025-01-01T00:30:20,sensor_2,Injection Attack,HIGH,rule_engine,0.07642551511526108,0.15237818658351898,False,0.22522280757946395,,,False,ok,
2025-01-01T00:30:23,sensor_2,Injection Attack,HIGH,rule_engine,0.0856681764125824,0.15237818658351898,False,0.23699946694415622,,,False,ok,
2025-01-01T00:30:26,sensor_2,Injection Attack,HIGH,rule_engine,0.08515547960996628,0.15237818658351898,False,0.2218419170765577,,,False,ok,
2025-01-01T00:30:29,sensor_2,Injection Attack,HIGH,rule_engine,0.09317094832658768,0.15237818658351898,False,0.25599065768122514,,,False,ok,
2025-01-01T00:30:32,sensor_2,Injection Attack,HIGH,rule_engine,0.10353300720453262,0.15237818658351898,False,0.23435005373371495,,,False,ok,
2025-01-01T00:30:35,sensor_2,Injection Attack,HIGH,rule_engine,0.1098470538854599,0.15237818658351898,False,0.22069493528439968,,,False,ok,
2025-01-01T00:30:38,sensor_2,Injection Attack,HIGH,rule_engine,0.11917909979820251,0.15237818658351898,False,0.21091549535026813,,,False,ok,
2025-01-01T00:30:41,sensor_2,Injection Attack,HIGH,rule_engine,0.1282249242067337,0.15237818658351898,False,0.17591139681544424,,,False,ok,
2025-01-01T00:30:44,sensor_2,Injection Attack,HIGH,rule_engine,0.13565868139266968,0.15237818658351898,False,0.16354241446878626,,,False,ok,
2025-01-01T00:30:47,sensor_2,Injection Attack,HIGH,rule_engine,0.1431409865617752,0.15237818658351898,False,0.17666227151722783,,,False,ok,
2025-01-01T00:30:50,sensor_2,Injection Attack,HIGH,rule_engine,0.14699681103229523,0.15237818658351898,False,0.2677131307349419,,,False,ok,
2025-01-01T00:30:53,sensor_2,Injection Attack,HIGH,rule_engine,0.15657518804073334,0.15237818658351898,False,0.22979688980192178,,,True,ok,
2025-01-01T00:30:56,sensor_2,Injection Attack,HIGH,rule_engine,0.16528865694999695,0.15237818658351898,False,0.2384417661534227,,,True,ok,
2025-01-01T00:30:59,sensor_2,Injection Attack,HIGH,rule_engine,0.1670851856470108,0.15237818658351898,False,0.25612042788098954,,,True,ok,
2025-01-01T00:31:02,sensor_2,Injection Attack,HIGH,rule_engine,0.17546187341213226,0.15237818658351898,False,0.24222893930281258,,,True,ok,
2025-01-01T00:31:05,sensor_2,Injection Attack,HIGH,rule_engine,0.1819053739309311,0.15237818658351898,False,0.23078100838971438,,,True,ok,
2025-01-01T00:31:08,sensor_2,Injection Attack,HIGH,rule_engine,0.1910480111837387,0.15237818658351898,False,0.2383931195644879,,,True,ok,
2025-01-01T00:31:11,sensor_2,Injection Attack,HIGH,rule_engine,0.19438289105892181,0.15237818658351898,False,0.2357886438054787,,,True,ok,
2025-01-01T00:31:14,sensor_2,Injection Attack,HIGH,rule_engine,0.20706707239151,0.15237818658351898,False,0.19197807693501742,,,True,ok,
2025-01-01T00:31:17,sensor_2,Injection Attack,HIGH,rule_engine,0.20480160415172577,0.15237818658351898,False,0.23102173178693813,,,True,ok,
2025-01-01T00:31:20,sensor_2,Injection Attack,HIGH,rule_engine,0.21177326142787933,0.15237818658351898,False,0.2666231540539418,,,True,ok,
2025-01-01T00:31:23,sensor_2,Injection Attack,HIGH,rule_engine,0.2151016891002655,0.15237818658351898,False,0.2526541253467247,,,True,ok,
2025-01-01T00:31:26,sensor_2,Injection Attack,HIGH,rule_engine,0.21858473122119904,0.15237818658351898,False,0.26889708917021216,,,True,ok,
2025-01-01T00:31:29,sensor_2,Normal,LOW,default,0.22028854489326477,0.15237818658351898,False,0.29179688132948084,,,True,ok,
2025-01-01T00:31:32,sensor_2,Drift Attack,MEDIUM,ensemble_rf,0.22281306982040405,0.15237818658351898,False,0.1709792291235697,,,True,ok,
2025-01-01T00:31:35,sensor_2,Drift Attack,MEDIUM,ensemble_rf,0.22595737874507904,0.15237818658351898,False,0.16147594364467838,,,True,ok,
2025-01-01T00:31:38,sensor_2,Drift Attack,MEDIUM,ensemble_rf,0.22409234941005707,0.15237818658351898,False,0.18452032221535344,,,True,ok,
2025-01-01T00:31:41,sensor_2,Normal,LOW,default,0.2275313436985016,0.15237818658351898,False,0.18334108405609065,,,True,ok,
2025-01-01T00:31:44,sensor_2,Drift Attack,MEDIUM,ensemble_rf,0.2216707170009613,0.15237818658351898,False,0.19841522543605175,,,True,ok,
2025-01-01T00:31:47,sensor_2,Normal,LOW,default,0.2146892249584198,0.15237818658351898,False,0.19044447285581675,,,True,ok,
2025-01-01T00:31:50,sensor_2,Normal,LOW,default,0.21243736147880554,0.15237818658351898,False,0.1829490391983942,,,True,ok,
2025-01-01T00:31:53,sensor_2,Drift Attack,MEDIUM,ensemble_rf,0.21101097762584686,0.15237818658351898,False,0.20193073459266198,,,True,ok,
2025-01-01T00:31:56,sensor_2,Normal,LOW,default,0.21151915192604065,0.15237818658351898,False,0.2085657627716462,,,True,ok,
2025-01-01T00:31:59,sensor_2,Normal,LOW,default,0.2167503386735916,0.15237818658351898,False,0.23722549425846576,,,True,ok,
2025-01-01T00:32:02,sensor_2,Drift Attack,LOW,ensemble_rf,0.21102575957775116,0.15237818658351898,False,0.2432684594364174,,,True,ok,
2025-01-01T00:32:05,sensor_2,Drift Attack,MEDIUM,ensemble_rf,0.21802660822868347,0.15237818658351898,False,0.23404175269905847,,,True,ok,
2025-01-01T00:32:08,sensor_2,Drift Attack,MEDIUM,ensemble_rf,0.21840983629226685,0.15237818658351898,False,0.1911918793656391,,,True,ok,
2025-01-01T00:32:11,sensor_2,Drift Attack,MEDIUM,ensemble_rf,0.21879678964614868,0.15237818658351898,False,0.21428459823678656,,,True,ok,
2025-01-01T00:32:14,sensor_2,Drift Attack,MEDIUM,ensemble_rf,0.21491171419620514,0.15237818658351898,False,0.1759630977636184,,,True,ok,
2025-01-01T00:32:17,sensor_2,Drift Attack,MEDIUM,ensemble_rf,0.21207575500011444,0.15237818658351898,False,0.13092963866970342,,,True,ok,
2025-01-01T00:32:20,sensor_2,Drift Attack,MEDIUM,ensemble_rf,0.21574179828166962,0.15237818658351898,False,0.12034563951911406,,,True,ok,
2025-01-01T00:32:23,sensor_2,Drift Attack,MEDIUM,ensemble_rf,0.21117828786373138,0.15237818658351898,False,0.16577763618599997,,,True,ok,
2025-01-01T00:32:26,sensor_2,Drift Attack,MEDIUM,ensemble_rf,0.21545958518981934,0.15237818658351898,False,0.19409952369743352,,,True,ok,
2025-01-01T00:32:29,sensor_2,Drift Attack,MEDIUM,ensemble_rf,0.21212944388389587,0.15237818658351898,False,0.18887206834787482,,,True,ok,
2025-01-01T00:32:32,sensor_2,Drift Attack,MEDIUM,ensemble_rf,0.2172158807516098,0.15237818658351898,False,0.20277350396784533,,,True,ok,
2025-01-01T00:32:35,sensor_2,Drop Attack,HIGH,rule_engine,0.21278326213359833,0.15237818658351898,False,0.17757695756628558,,,True,ok,
2025-01-01T00:32:38,sensor_2,Drop Attack,HIGH,rule_engine,0.2074354588985443,0.15237818658351898,False,0.1476939207681728,,,True,ok,
2025-01-01T00:32:41,sensor_2,Drop Attack,HIGH,rule_engine,0.21338889002799988,0.15237818658351898,False,0.1564724293492006,,,True,ok,
2025-01-01T00:32:44,sensor_2,Drop Attack,HIGH,rule_engine,0.2106488049030304,0.15237818658351898,False,0.14876307781267006,,,True,ok,
2025-01-01T00:32:47,sensor_2,Drop Attack,HIGH,rule_engine,0.2104657143354416,0.15237818658351898,False,0.14251631113554591,,,True,ok,
2025-01-01T00:32:50,sensor_2,Drop Attack,HIGH,rule_engine,0.20962102711200714,0.15237818658351898,False,0.11420002360103257,,,True,ok,
2025-01-01T00:32:53,sensor_2,Drop Attack,HIGH,rule_engine,0.21357221901416779,0.15237818658351898,False,0.10658864529696938,,,True,ok,
2025-01-01T00:32:56,sensor_2,Drop Attack,HIGH,rule_engine,0.21724899113178253,0.15237818658351898,False,0.0998548176956264,,,True,ok,
2025-01-01T00:32:59,sensor_2,Drop Attack,HIGH,rule_engine,0.21496352553367615,0.15237818658351898,False,0.02916039910875402,,,True,ok,
2025-01-01T00:33:02,sensor_2,Injection Attack,HIGH,rule_engine,0.2046259194612503,0.15237818658351898,False,0.07248214245406284,,,True,ok,
2025-01-01T00:33:05,sensor_2,Injection Attack,HIGH,rule_engine,0.19614508748054504,0.15237818658351898,False,0.31035937492486404,,,True,ok,
2025-01-01T00:33:08,sensor_2,Injection Attack,HIGH,rule_engine,0.19399692118167877,0.15237818658351898,False,0.31457639776276397,,,True,ok,
2025-01-01T00:33:11,sensor_2,Injection Attack,HIGH,rule_engine,0.190416619181633,0.15237818658351898,False,0.34108202209454386,,,True,ok,
2025-01-01T00:33:14,sensor_2,Injection Attack,HIGH,rule_engine,0.1849672794342041,0.15237818658351898,False,0.330443981495227,,,True,ok,
2025-01-01T00:33:17,sensor_2,Injection Attack,HIGH,rule_engine,0.17856284976005554,0.15237818658351898,False,0.3190158000828508,,,True,ok,
2025-01-01T00:01:27,sensor_0,Normal,HIGH,ensemble_voting_consensus,0.02741350047290325,0.15038493275642395,False,0.2800106365716218,,,False,ok,
2025-01-01T00:01:30,sensor_0,Normal,HIGH,ensemble_voting_consensus,0.022311070933938026,0.15038493275642395,False,0.33477880735662746,,,False,ok,
2025-01-01T00:01:33,sensor_0,Normal,HIGH,ensemble_voting_consensus,0.020302720367908478,0.15038493275642395,False,0.3651668608753703,,,False,ok,
2025-01-01T00:01:36,sensor_0,Normal,HIGH,ensemble_voting_consensus,0.020821096375584602,0.15038493275642395,False,0.36822581417597844,,,False,ok,
2025-01-01T00:01:39,sensor_0,Normal,HIGH,ensemble_voting_consensus,0.02270030416548252,0.15038493275642395,False,0.3237437951854447,,,False,ok,
2025-01-01T00:01:42,sensor_0,Normal,HIGH,ensemble_voting_consensus,0.020390093326568604,0.15038493275642395,False,0.3058226487598923,,,False,ok,
2025-01-01T00:01:45,sensor_0,Normal,HIGH,ensemble_voting_consensus,0.01971050538122654,0.15038493275642395,False,0.28334955436922576,,,False,ok,
2025-01-01T00:01:48,sensor_0,Normal,HIGH,ensemble_voting_consensus,0.020980877801775932,0.15038493275642395,False,0.26511011942527657,,,False,ok,
2025-01-01T00:01:51,sensor_0,Normal,HIGH,ensemble_voting_consensus,0.022487947717308998,0.15038493275642395,False,0.27917971114367124,,,False,ok,
2025-01-01T00:01:54,sensor_0,Normal,HIGH,ensemble_voting_consensus,0.0222055371850729,0.15038493275642395,False,0.2567125096057773,,,False,ok,
2025-01-01T00:01:57,sensor_0,Normal,HIGH,ensemble_voting_consensus,0.023798024281859398,0.15038493275642395,False,0.2531952899837926,,,False,ok,
2025-01-01T00:02:00,sensor_0,Normal,HIGH,ensemble_voting_consensus,0.02352808602154255,0.15038493275642395,False,0.2618998269794629,,,False,ok,
2025-01-01T00:02:03,sensor_0,Normal,HIGH,ensemble_voting_consensus,0.023484641686081886,0.15038493275642395,False,0.23565104151916855,,,False,ok,
2025-01-01T00:02:06,sensor_0,Normal,HIGH,ensemble_voting_consensus,0.02249848283827305,0.15038493275642395,False,0.22671025960649901,,,False,ok,
2025-01-01T00:02:09,sensor_0,Normal,HIGH,ensemble_voting_consensus,0.024538785219192505,0.15038493275642395,False,0.21216342713322786,,,False,ok,
2025-01-01T00:02:12,sensor_0,Normal,HIGH,ensemble_voting_consensus,0.025554243475198746,0.15038493275642395,False,0.19857778596880526,,,False,ok,
2025-01-01T00:02:15,sensor_0,Normal,HIGH,ensemble_voting_consensus,0.024349790066480637,0.15038493275642395,False,0.20303361478815105,,,False,ok,
2025-01-01T00:02:18,sensor_0,Normal,HIGH,ensemble_voting_consensus,0.027222473174333572,0.15038493275642395,False,0.2468058690208118,,,False,ok,
2025-01-01T00:02:21,sensor_0,Normal,HIGH,ensemble_voting_consensus,0.02711552381515503,0.15038493275642395,False,0.2513548157222489,,,False,ok,
2025-01-01T00:02:24,sensor_0,Normal,HIGH,ensemble_voting_consensus,0.02715804986655712,0.15038493275642395,False,0.2842634001926828,,,False,ok,
2025-01-01T00:02:27,sensor_0,Normal,HIGH,ensemble_voting_consensus,0.02477482333779335,0.15038493275642395,False,0.29309316674868513,,,False,ok,
2025-01-01T00:02:30,sensor_0,Normal,HIGH,ensemble_voting_consensus,0.025504199787974358,0.15038493275642395,False,0.25805616992400854,,,False,ok,
2025-01-01T00:02:33,sensor_0,Normal,HIGH,ensemble_voting_consensus,0.026643352583050728,0.15038493275642395,False,0.24868728907140913,,,False,ok,
2025-01-01T00:02:36,sensor_0,Normal,HIGH,ensemble_voting_consensus,0.026254307478666306,0.15038493275642395,False,0.24231682694357337,,,False,ok,
2025-01-01T00:02:39,sensor_0,Normal,HIGH,ensemble_voting_consensus,0.02721785195171833,0.15038493275642395,False,0.2882791817699869,,,False,ok,
2025-01-01T00:02:42,sensor_0,Normal,HIGH,ensemble_voting_consensus,0.029342496767640114,0.15038493275642395,False,0.28558924227152876,,,False,ok,
2025-01-01T00:02:45,sensor_0,Normal,HIGH,ensemble_voting_consensus,0.025800853967666626,0.15038493275642395,False,0.26728221064835844,,,False,ok,
2025-01-01T00:02:48,sensor_0,Normal,HIGH,ensemble_voting_consensus,0.023546751588582993,0.15038493275642395,False,0.29461649409567375,,,False,ok,
2025-01-01T00:02:51,sensor_0,Normal,HIGH,ensemble_voting_consensus,0.025312000885605812,0.15038493275642395,False,0.3097224154282541,,,False,ok,
2025-01-01T00:02:54,sensor_0,Normal,HIGH,ensemble_voting_consensus,0.024872900918126106,0.15038493275642395,False,0.27071527806348483,,,False,ok,
2025-01-01T00:02:57,sensor_0,Normal,HIGH,ensemble_voting_consensus,0.02620304748415947,0.15038493275642395,False,0.28759881218577277,,,False,ok,
2025-01-01T00:03:00,sensor_0,Normal,HIGH,ensemble_voting_consensus,0.025072239339351654,0.15038493275642395,False,0.2766287764903876,,,False,ok,
2025-01-01T00:03:03,sensor_0,Normal,HIGH,ensemble_voting_consensus,0.02575719729065895,0.15038493275642395,False,0.2771798663534027,,,False,ok,
2025-01-01T00:03:06,sensor_0,Normal,HIGH,ensemble_voting_consensus,0.02710089273750782,0.15038493275642395,False,0.30095028947340763,,,False,ok,
2025-01-01T00:03:09,sensor_0,Normal,HIGH,ensemble_voting_consensus,0.029075421392917633,0.15038493275642395,False,0.3367068886975157,,,False,ok,
2025-01-01T00:03:12,sensor_0,Normal,HIGH,ensemble_voting_consensus,0.026418235152959824,0.15038493275642395,False,0.3718647914649743,,,False,ok,
2025-01-01T00:03:15,sensor_0,Normal,HIGH,ensemble_voting_consensus,0.029651572927832603,0.15038493275642395,False,0.37543672789398747,,,False,ok,
2025-01-01T00:03:18,sensor_0,Normal,HIGH,ensemble_voting_consensus,0.02865416184067726,0.15038493275642395,False,0.36424735382392476,,,False,ok,
2025-01-01T00:03:21,sensor_0,Normal,HIGH,ensemble_voting_consensus,0.03097280114889145,0.15038493275642395,False,0.34865382570660747,,,False,ok,
2025-01-01T00:03:24,sensor_0,Normal,HIGH,ensemble_voting_consensus,0.024051744490861893,0.15038493275642395,False,0.36036128890634866,,,False,ok,
2025-01-01T00:03:27,sensor_0,Normal,HIGH,ensemble_voting_consensus,0.028661971911787987,0.15038493275642395,False,0.37532529080404653,,,False,ok,
2025-01-01T00:03:30,sensor_0,Normal,HIGH,ensemble_voting_consensus,0.03331291675567627,0.15038493275642395,False,0.38020985911403526,,,False,ok,
2025-01-01T00:03:33,sensor_0,Normal,HIGH,ensemble_voting_consensus,0.028060615062713623,0.15038493275642395,False,0.3469637033045715,,,False,ok,
2025-01-01T00:03:36,sensor_0,Normal,HIGH,ensemble_voting_consensus,0.027661101892590523,0.15038493275642395,False,0.2966339703914518,,,False,ok,
2025-01-01T00:03:39,sensor_0,Normal,HIGH,ensemble_voting_consensus,0.030297458171844482,0.15038493275642395,False,0.27410127612327695,,,False,ok,
2025-01-01T00:03:42,sensor_0,Normal,HIGH,ensemble_voting_consensus,0.02829170785844326,0.15038493275642395,False,0.21809473464651466,,,False,ok,
2025-01-01T00:03:45,sensor_0,Normal,HIGH,ensemble_voting_consensus,0.02972920797765255,0.15038493275642395,False,0.21429898161678826,,,False,ok,
2025-01-01T00:03:48,sensor_0,Normal,HIGH,ensemble_voting_consensus,0.026872437447309494,0.15038493275642395,False,0.22368030631842623,,,False,ok,
2025-01-01T00:03:51,sensor_0,Normal,HIGH,ensemble_voting_consensus,0.02669602632522583,0.15038493275642395,False,0.1824255946504527,,,False,ok,
2025-01-01T00:03:54,sensor_0,Normal,HIGH,ensemble_voting_consensus,0.027232838794589043,0.15038493275642395,False,0.24587267633098472,,,False,ok,
2025-01-01T00:03:57,sensor_0,Normal,HIGH,ensemble_voting_consensus,0.02989562600851059,0.15038493275642395,False,0.2197922882475671,,,False,ok,
2025-01-01T00:04:00,sensor_0,Normal,HIGH,ensemble_voting_consensus,0.029895557090640068,0.15038493275642395,False,0.2702007991168825,,,False,ok,
2025-01-01T00:04:03,sensor_0,Normal,HIGH,ensemble_voting_consensus,0.027859138324856758,0.15038493275642395,False,0.27458152504939126,,,False,ok,
2025-01-01T00:04:06,sensor_0,Normal,HIGH,ensemble_voting_consensus,0.02676539495587349,0.15038493275642395,False,0.27681488894501377,,,False,ok,
2025-01-01T00:04:09,sensor_0,Normal,HIGH,ensemble_voting_consensus,0.027010023593902588,0.15038493275642395,False,0.23809393383123723,,,False,ok,
2025-01-01T00:04:12,sensor_0,Normal,HIGH,ensemble_voting_consensus,0.026136795058846474,0.15038493275642395,False,0.23798884474150847,,,False,ok,
2025-01-01T00:04:15,sensor_0,Normal,HIGH,ensemble_voting_consensus,0.026815176010131836,0.15038493275642395,False,0.2502389700785652,,,False,ok,
2025-01-01T00:04:18,sensor_0,Normal,HIGH,ensemble_voting_consensus,0.026001092046499252,0.15038493275642395,False,0.24131139947730823,,,False,ok,
2025-01-01T00:04:21,sensor_0,Normal,HIGH,ensemble_voting_consensus,0.026438403874635696,0.15038493275642395,False,0.24198029757665743,,,False,ok,
2025-01-01T00:04:24,sensor_0,Normal,HIGH,ensemble_voting_consensus,0.028364302590489388,0.15038493275642395,False,0.2416948085286108,,,False,ok,
2025-01-01T00:04:27,sensor_0,Normal,HIGH,ensemble_voting_consensus,0.027169518172740936,0.15038493275642395,False,0.28394290154688384,,,False,ok,
2025-01-01T00:04:30,sensor_0,Normal,HIGH,ensemble_voting_consensus,0.029819102957844734,0.15038493275642395,False,0.2619136707800498,,,False,ok,
2025-01-01T00:04:33,sensor_0,Normal,HIGH,ensemble_voting_consensus,0.028560439124703407,0.15038493275642395,False,0.24593167318267017,,,False,ok,
2025-01-01T00:04:36,sensor_0,Normal,HIGH,ensemble_voting_consensus,0.02248326502740383,0.15038493275642395,False,0.19537727079949743,,,False,ok,
2025-01-01T00:04:39,sensor_0,Normal,HIGH,ensemble_voting_consensus,0.02253716066479683,0.15038493275642395,False,0.23918855336902967,,,False,ok,
2025-01-01T00:04:42,sensor_0,Normal,HIGH,ensemble_voting_consensus,0.022854018956422806,0.15038493275642395,False,0.21830679732197653,,,False,ok,
2025-01-01T00:04:45,sensor_0,Normal,HIGH,ensemble_voting_consensus,0.021720267832279205,0.15038493275642395,False,0.22237973450608306,,,False,ok,
2025-01-01T00:04:48,sensor_0,Normal,HIGH,ensemble_voting_consensus,0.025113435462117195,0.15038493275642395,False,0.2391698474167321,,,False,ok,
2025-01-01T00:04:51,sensor_0,Normal,HIGH,ensemble_voting_consensus,0.025974508374929428,0.15038493275642395,False,0.2547516822514409,,,False,ok,
2025-01-01T00:04:54,sensor_0,Normal,HIGH,ensemble_voting_consensus,0.02968134917318821,0.15038493275642395,False,0.24205222432948154,,,False,ok,
2025-01-01T00:04:57,sensor_0,Normal,HIGH,ensemble_voting_consensus,0.022142110392451286,0.15038493275642395,False,0.3362875812590616,,,False,ok,
2025-01-01T00:05:00,sensor_0,Normal,HIGH,ensemble_voting_consensus,0.022467676550149918,0.15038493275642395,False,0.33688095964500425,,,False,ok,
2025-01-01T00:05:03,sensor_0,Normal,HIGH,ensemble_voting_consensus,0.020252587273716927,0.15038493275642395,False,0.3068131618047431,,,False,ok,
2025-01-01T00:05:06,sensor_0,Normal,HIGH,ensemble_voting_consensus,0.019732892513275146,0.15038493275642395,False,0.25812488172269776,,,False,ok,
2025-01-01T00:05:09,sensor_0,Normal,HIGH,ensemble_voting_consensus,0.021382581442594528,0.15038493275642395,False,0.301615342179134,,,False,ok,
2025-01-01T00:05:12,sensor_0,Normal,HIGH,ensemble_voting_consensus,0.022643154487013817,0.15038493275642395,False,0.2865718792280575,,,False,ok,
2025-01-01T00:05:15,sensor_0,Normal,HIGH,ensemble_voting_consensus,0.022675739601254463,0.15038493275642395,False,0.32031286995533165,,,False,ok,
2025-01-01T00:05:18,sensor_0,Normal,HIGH,ensemble_voting_consensus,0.023553811013698578,0.15038493275642395,False,0.2688121815908313,,,False,ok,
2025-01-01T00:05:21,sensor_0,Normal,HIGH,ensemble_voting_consensus,0.026375897228717804,0.15038493275642395,False,0.2715976892680642,,,False,ok,
2025-01-01T00:05:24,sensor_0,Normal,HIGH,ensemble_voting_consensus,0.026215801015496254,0.15038493275642395,False,0.28093080680195076,,,False,ok,
2025-01-01T00:05:27,sensor_0,Normal,HIGH,ensemble_voting_consensus,0.025582117959856987,0.15038493275642395,False,0.2585127339631684,,,False,ok,
2025-01-01T00:05:30,sensor_0,Normal,HIGH,ensemble_voting_consensus,0.026861606165766716,0.15038493275642395,False,0.2789377815599157,,,False,ok,
2025-01-01T00:05:33,sensor_0,Normal,HIGH,ensemble_voting_consensus,0.025180401280522346,0.15038493275642395,False,0.29927497078991655,,,False,ok,
2025-01-01T00:05:36,sensor_0,Normal,HIGH,ensemble_voting_consensus,0.02640003338456154,0.15038493275642395,False,0.2504795992636806,,,False,ok,
2025-01-01T00:05:39,sensor_0,Normal,HIGH,ensemble_voting_consensus,0.028702085837721825,0.15038493275642395,False,0.2732682347922731,,,False,ok,
2025-01-01T00:05:42,sensor_0,Normal,HIGH,ensemble_voting_consensus,0.029167311266064644,0.15038493275642395,False,0.2496113161838566,,,False,ok,
2025-01-01T00:05:45,sensor_0,Normal,HIGH,ensemble_voting_consensus,0.028641190379858017,0.15038493275642395,False,0.21417189580979884,,,False,ok,
2025-01-01T00:05:48,sensor_0,Normal,HIGH,ensemble_voting_consensus,0.029012955725193024,0.15038493275642395,False,0.24065826618463793,,,False,ok,
2025-01-01T00:05:51,sensor_0,Normal,HIGH,ensemble_voting_consensus,0.03238915652036667,0.15038493275642395,False,0.20909262968127548,,,False,ok,
2025-01-01T00:05:54,sensor_0,Normal,HIGH,ensemble_voting_consensus,0.033883821219205856,0.15038493275642395,False,0.20630680712209787,,,False,ok,
2025-01-01T00:05:57,sensor_0,Normal,HIGH,ensemble_voting_consensus,0.03447672352194786,0.15038493275642395,False,0.19690527216101641,,,False,ok,
2025-01-01T00:06:00,sensor_0,Normal,HIGH,ensemble_voting_consensus,0.03515581414103508,0.15038493275642395,False,0.19591509590612657,,,False,ok,
2025-01-01T00:06:03,sensor_0,Normal,HIGH,ensemble_voting_consensus,0.0341700054705143,0.15038493275642395,False,0.2247060137284285,,,False,ok,
2025-01-01T00:06:06,sensor_0,Normal,HIGH,ensemble_voting_consensus,0.037224411964416504,0.15038493275642395,False,0.1939073454052685,,,False,ok,
2025-01-01T00:06:09,sensor_0,Normal,HIGH,ensemble_voting_consensus,0.036386940628290176,0.15038493275642395,False,0.21876704044849515,,,False,ok,
2025-01-01T00:06:12,sensor_0,Normal,HIGH,ensemble_voting_consensus,0.03613634034991264,0.15038493275642395,False,0.23084642938211375,,,False,ok,
2025-01-01T00:06:15,sensor_0,Normal,HIGH,ensemble_voting_consensus,0.03732207790017128,0.15038493275642395,False,0.24412299125052944,,,False,ok,
2025-01-01T00:06:18,sensor_0,Normal,HIGH,ensemble_voting_consensus,0.0371793732047081,0.15038493275642395,False,0.3214222335945475,,,False,ok,
2025-01-01T00:06:21,sensor_0,Normal,HIGH,ensemble_voting_consensus,0.03911638632416725,0.15038493275642395,False,0.2989985102572087,,,False,ok,
2025-01-01T00:06:24,sensor_0,Normal,HIGH,ensemble_voting_consensus,0.03849136084318161,0.15038493275642395,False,0.3263233100217125,,,False,ok,
2025-01-01T00:06:27,sensor_0,Normal,HIGH,ensemble_voting_consensus,0.03646872192621231,0.15038493275642395,False,0.30932510144738173,,,False,ok,
2025-01-01T00:06:30,sensor_0,Normal,HIGH,ensemble_voting_consensus,0.03761227801442146,0.15038493275642395,False,0.36214312429762824,,,False,ok,
2025-01-01T00:06:33,sensor_0,Normal,HIGH,ensemble_voting_consensus,0.0389847606420517,0.15038493275642395,False,0.3654466841675284,,,False,ok,
2025-01-01T00:06:36,sensor_0,Normal,HIGH,ensemble_voting_consensus,0.039292383939027786,0.15038493275642395,False,0.35656412800359455,,,False,ok,
2025-01-01T00:06:39,sensor_0,Normal,HIGH,ensemble_voting_consensus,0.035341776907444,0.15038493275642395,False,0.30105384860579765,,,False,ok,
2025-01-01T00:06:42,sensor_0,Normal,HIGH,ensemble_voting_consensus,0.03402530774474144,0.15038493275642395,False,0.274898353407104,,,False,ok,
2025-01-01T00:06:45,sensor_0,Normal,HIGH,ensemble_voting_consensus,0.03209738805890083,0.15038493275642395,False,0.3081333673069245,,,False,ok,
2025-01-01T00:06:48,sensor_0,Normal,HIGH,ensemble_voting_consensus,0.03634664788842201,0.15038493275642395,False,0.34875791029619224,,,False,ok,
2025-01-01T00:06:51,sensor_0,Normal,HIGH,ensemble_voting_consensus,0.03863805904984474,0.15038493275642395,False,0.30923420186219097,,,False,ok,
2025-01-01T00:06:54,sensor_0,Normal,HIGH,ensemble_voting_consensus,0.030884187668561935,0.15038493275642395,False,0.31273956033721234,,,False,ok,
2025-01-01T00:06:57,sensor_0,Normal,HIGH,ensemble_voting_consensus,0.0323459655046463,0.15038493275642395,False,0.3007161821475824,,,False,ok,
2025-01-01T00:07:00,sensor_0,Normal,HIGH,ensemble_voting_consensus,0.03363919258117676,0.15038493275642395,False,0.33744592680138136,,,False,ok,
2025-01-01T00:07:03,sensor_0,Normal,HIGH,ensemble_voting_consensus,0.03684496879577637,0.15038493275642395,False,0.3072789608995158,,,False,ok,
2025-01-01T00:07:06,sensor_0,Normal,HIGH,ensemble_voting_consensus,0.033367183059453964,0.15038493275642395,False,0.2978742624742677,,,False,ok,
2025-01-01T00:07:09,sensor_0,Normal,HIGH,ensemble_voting_consensus,0.03363482281565666,0.15038493275642395,False,0.36111064293440187,,,False,ok,
2025-01-01T00:07:12,sensor_0,Normal,HIGH,ensemble_voting_consensus,0.032033901661634445,0.15038493275642395,False,0.36092494249756973,,,False,ok,
2025-01-01T00:07:15,sensor_0,Normal,HIGH,ensemble_voting_consensus,0.03001995012164116,0.15038493275642395,False,0.3733982836725386,,,False,ok,
2025-01-01T00:07:18,sensor_0,Normal,HIGH,ensemble_voting_consensus,0.030057178810238838,0.15038493275642395,False,0.3587223208743043,,,False,ok,
2025-01-01T00:07:21,sensor_0,Normal,HIGH,ensemble_voting_consensus,0.028629431501030922,0.15038493275642395,False,0.3473954282071149,,,False,ok,
2025-01-01T00:07:24,sensor_0,Normal,HIGH,ensemble_voting_consensus,0.028148096054792404,0.15038493275642395,False,0.34969575445678347,,,False,ok,
2025-01-01T00:07:27,sensor_0,Normal,HIGH,ensemble_voting_consensus,0.027766935527324677,0.15038493275642395,False,0.37138437098837096,,,False,ok,
2025-01-01T00:07:30,sensor_0,Normal,HIGH,ensemble_voting_consensus,0.029091451317071915,0.15038493275642395,False,0.31597971316565626,,,False,ok,
2025-01-01T00:07:33,sensor_0,Normal,HIGH,ensemble_voting_consensus,0.032131586223840714,0.15038493275642395,False,0.2832742874430575,,,False,ok,
2025-01-01T00:07:36,sensor_0,Normal,HIGH,ensemble_voting_consensus,0.027161316946148872,0.15038493275642395,False,0.2833980866822142,,,False,ok,
2025-01-01T00:07:39,sensor_0,Normal,HIGH,ensemble_voting_consensus,0.026630057021975517,0.15038493275642395,False,0.29062310527270596,,,False,ok,
2025-01-01T00:07:42,sensor_0,Normal,HIGH,ensemble_voting_consensus,0.030736107379198074,0.15038493275642395,False,0.30968105549255887,,,False,ok,
2025-01-01T00:07:45,sensor_0,Normal,HIGH,ensemble_voting_consensus,0.033737797290086746,0.15038493275642395,False,0.3214117721948167,,,False,ok,
2025-01-01T00:07:48,sensor_0,Normal,HIGH,ensemble_voting_consensus,0.027410434558987617,0.15038493275642395,False,0.30181195935564814,,,False,ok,
2025-01-01T00:07:51,sensor_0,Normal,HIGH,ensemble_voting_consensus,0.02502163127064705,0.15038493275642395,False,0.34564039538844077,,,False,ok,
2025-01-01T00:07:54,sensor_0,Normal,HIGH,ensemble_voting_consensus,0.024633783847093582,0.15038493275642395,False,0.33202525837621527,,,False,ok,
2025-01-01T00:07:57,sensor_0,Normal,HIGH,ensemble_voting_consensus,0.02690492756664753,0.15038493275642395,False,0.2809568129019396,,,False,ok,
2025-01-01T00:08:00,sensor_0,Normal,HIGH,ensemble_voting_consensus,0.026747094467282295,0.15038493275642395,False,0.26504952281124045,,,False,ok,
2025-01-01T00:08:03,sensor_0,Normal,HIGH,ensemble_voting_consensus,0.026756802573800087,0.15038493275642395,False,0.253829382614956,,,False,ok,
2025-01-01T00:08:06,sensor_0,Normal,HIGH,ensemble_voting_consensus,0.02772623486816883,0.15038493275642395,False,0.25562409503551803,,,False,ok,
2025-01-01T00:08:09,sensor_0,Normal,HIGH,ensemble_voting_consensus,0.028378264978528023,0.15038493275642395,False,0.24404152561864498,,,False,ok,
2025-01-01T00:08:12,sensor_0,Normal,HIGH,ensemble_voting_consensus,0.03164835274219513,0.15038493275642395,False,0.2339839768855435,,,False,ok,
2025-01-01T00:08:15,sensor_0,Normal,HIGH,ensemble_voting_consensus,0.03469480946660042,0.15038493275642395,False,0.22918784565032252,,,False,ok,
2025-01-01T00:08:18,sensor_0,Normal,HIGH,ensemble_voting_consensus,0.02847171388566494,0.15038493275642395,False,0.21364573965342765,,,False,ok,
2025-01-01T00:08:21,sensor_0,Normal,HIGH,ensemble_voting_consensus,0.029830671846866608,0.15038493275642395,False,0.22595500098192026,,,False,ok,
2025-01-01T00:08:24,sensor_0,Normal,HIGH,ensemble_voting_consensus,0.03224950283765793,0.15038493275642395,False,0.2391729115504406,,,False,ok,
2025-01-01T00:08:27,sensor_0,Normal,HIGH,ensemble_voting_consensus,0.03349790349602699,0.15038493275642395,False,0.23764388888358828,,,False,ok,
2025-01-01T00:08:30,sensor_0,Normal,HIGH,ensemble_voting_consensus,0.02862829528748989,0.15038493275642395,False,0.22335651645492555,,,False,ok,
2025-01-01T00:08:33,sensor_0,Normal,HIGH,ensemble_voting_consensus,0.02751065045595169,0.15038493275642395,False,0.23714862169626266,,,False,ok,
2025-01-01T00:08:36,sensor_0,Normal,HIGH,ensemble_voting_consensus,0.026871200650930405,0.15038493275642395,False,0.24674617484899966,,,False,ok,
2025-01-01T00:08:39,sensor_0,Normal,HIGH,ensemble_voting_consensus,0.02712036482989788,0.15038493275642395,False,0.2683335293637982,,,False,ok,
2025-01-01T00:08:42,sensor_0,Normal,HIGH,ensemble_voting_consensus,0.027318531647324562,0.15038493275642395,False,0.26942447466265834,,,False,ok,
2025-01-01T00:08:45,sensor_0,Normal,HIGH,ensemble_voting_consensus,0.028663523495197296,0.15038493275642395,False,0.29719912780904445,,,False,ok,
2025-01-01T00:08:48,sensor_0,Normal,HIGH,ensemble_voting_consensus,0.03141462430357933,0.15038493275642395,False,0.26693807865666663,,,False,ok,
2025-01-01T00:08:51,sensor_0,Normal,HIGH,ensemble_voting_consensus,0.031358376145362854,0.15038493275642395,False,0.2615115564755095,,,False,ok,
2025-01-01T00:08:54,sensor_0,Normal,HIGH,ensemble_voting_consensus,0.02845829352736473,0.15038493275642395,False,0.2524510801929887,,,False,ok,
2025-01-01T00:08:57,sensor_0,Normal,HIGH,ensemble_voting_consensus,0.02731228433549404,0.15038493275642395,False,0.26648027019321374,,,False,ok,
2025-01-01T00:09:00,sensor_0,Normal,HIGH,ensemble_voting_consensus,0.02866419591009617,0.15038493275642395,False,0.3038239413178056,,,False,ok,
2025-01-01T00:09:03,sensor_0,Normal,HIGH,ensemble_voting_consensus,0.026182807981967926,0.15038493275642395,False,0.36074248127351877,,,False,ok,
2025-01-01T00:09:06,sensor_0,Normal,HIGH,ensemble_voting_consensus,0.027509387582540512,0.15038493275642395,False,0.3488682167796382,,,False,ok,
2025-01-01T00:09:09,sensor_0,Normal,HIGH,ensemble_voting_consensus,0.026390457525849342,0.15038493275642395,False,0.31262186676995124,,,False,ok,
2025-01-01T00:09:12,sensor_0,Normal,HIGH,ensemble_voting_consensus,0.023319566622376442,0.15038493275642395,False,0.3314140380190479,,,False,ok,
2025-01-01T00:09:15,sensor_0,Normal,HIGH,ensemble_voting_consensus,0.027130363509058952,0.15038493275642395,False,0.2911912590256142,,,False,ok,
2025-01-01T00:09:18,sensor_0,Normal,HIGH,ensemble_voting_consensus,0.026955464854836464,0.15038493275642395,False,0.2646853199941104,,,False,ok,
2025-01-01T00:09:21,sensor_0,Normal,HIGH,ensemble_voting_consensus,0.027765415608882904,0.15038493275642395,False,0.2656535316993708,,,False,ok,
2025-01-01T00:09:24,sensor_0,Normal,HIGH,ensemble_voting_consensus,0.02866869419813156,0.15038493275642395,False,0.2655852266379342,,,False,ok,
2025-01-01T00:09:27,sensor_0,Normal,HIGH,ensemble_voting_consensus,0.027484916150569916,0.15038493275642395,False,0.2488956501283568,,,False,ok,
2025-01-01T00:09:30,sensor_0,Normal,HIGH,ensemble_voting_consensus,0.02684539183974266,0.15038493275642395,False,0.27478401871345287,,,False,ok,
2025-01-01T00:09:33,sensor_0,Normal,HIGH,ensemble_voting_consensus,0.02484126202762127,0.15038493275642395,False,0.2511819913304794,,,False,ok,
2025-01-01T00:09:36,sensor_0,Normal,HIGH,ensemble_voting_consensus,0.023948244750499725,0.15038493275642395,False,0.19614211855102073,,,False,ok,
2025-01-01T00:09:39,sensor_0,Normal,HIGH,ensemble_voting_consensus,0.027405818924307823,0.15038493275642395,False,0.23093426181159496,,,False,ok,
2025-01-01T00:09:42,sensor_0,Normal,HIGH,ensemble_voting_consensus,0.029216181486845016,0.15038493275642395,False,0.22371091057584883,,,False,ok,
2025-01-01T00:09:45,sensor_0,Normal,HIGH,ensemble_voting_consensus,0.02621285431087017,0.15038493275642395,False,0.23092871468400636,,,False,ok,
2025-01-01T00:09:48,sensor_0,Normal,HIGH,ensemble_voting_consensus,0.029047800227999687,0.15038493275642395,False,0.2542546616426589,,,False,ok,
2025-01-01T00:09:51,sensor_0,Normal,HIGH,ensemble_voting_consensus,0.02988038770854473,0.15038493275642395,False,0.28967994713219475,,,False,ok,
2025-01-01T00:09:54,sensor_0,Normal,HIGH,ensemble_voting_consensus,0.027873920276761055,0.15038493275642395,False,0.21474424602805997,,,False,ok,
2025-01-01T00:09:57,sensor_0,Normal,HIGH,ensemble_voting_consensus,0.027609508484601974,0.15038493275642395,False,0.2058130480384479,,,False,ok,
2025-01-01T00:10:00,sensor_0,Drift Attack,HIGH,ensemble_voting_consensus,0.03393108770251274,0.15038493275642395,False,0.1382640546167983,,,False,ok,
2025-01-01T00:10:03,sensor_0,Drift Attack,HIGH,ensemble_voting_consensus,0.03853623941540718,0.15038493275642395,False,0.15469249695463572,,,False,ok,
2025-01-01T00:10:06,sensor_0,Drift Attack,HIGH,ensemble_voting_consensus,0.04082317277789116,0.15038493275642395,False,0.14791700124214532,,,False,ok,
2025-01-01T00:10:09,sensor_0,Drift Attack,HIGH,ensemble_voting_consensus,0.0445556677877903,0.15038493275642395,False,0.23828544664165757,,,False,ok,
2025-01-01T00:10:12,sensor_0,Drift Attack,HIGH,ensemble_voting_consensus,0.04963904246687889,0.15038493275642395,False,0.2898610910360414,,,False,ok,
2025-01-01T00:10:15,sensor_0,Drift Attack,HIGH,ensemble_voting_consensus,0.05573439225554466,0.15038493275642395,False,0.2610572362508839,,,False,ok,
2025-01-01T00:10:18,sensor_0,Drift Attack,HIGH,ensemble_voting_consensus,0.05317162722349167,0.15038493275642395,False,0.27571547748504566,,,False,ok,
2025-01-01T00:10:21,sensor_0,Drift Attack,HIGH,ensemble_voting_consensus,0.05464739724993706,0.15038493275642395,False,0.29916098301615146,,,False,ok,
2025-01-01T00:10:24,sensor_0,Drift Attack,HIGH,ensemble_voting_consensus,0.061667270958423615,0.15038493275642395,False,0.3269781479270387,,,False,ok,
2025-01-01T00:10:27,sensor_0,Drift Attack,HIGH,ensemble_voting_consensus,0.06843847781419754,0.15038493275642395,False,0.37322304216298696,,,False,ok,
2025-01-01T00:10:30,sensor_0,Drift Attack,HIGH,ensemble_voting_consensus,0.07264962047338486,0.15038493275642395,False,0.4060723960793262,,,False,ok,
2025-01-01T00:10:33,sensor_0,Drift Attack,HIGH,ensemble_voting_consensus,0.07663711160421371,0.15038493275642395,False,0.38319555565861596,,,False,ok,
2025-01-01T00:10:36,sensor_0,Drift Attack,HIGH,ensemble_voting_consensus,0.07895927131175995,0.15038493275642395,False,0.4226542462914744,,,False,ok,
2025-01-01T00:10:39,sensor_0,Drift Attack,HIGH,ensemble_voting_consensus,0.08401624858379364,0.15038493275642395,False,0.461106266330799,,,False,ok,
2025-01-01T00:10:42,sensor_0,Drift Attack,HIGH,ensemble_voting_consensus,0.09041038155555725,0.15038493275642395,False,0.43020177652907354,,,False,ok,
2025-01-01T00:10:45,sensor_0,Drift Attack,HIGH,ensemble_voting_consensus,0.092002272605896,0.15038493275642395,False,0.3995545333358906,,,False,ok,
2025-01-01T00:10:48,sensor_0,Drift Attack,HIGH,ensemble_voting_consensus,0.10045646131038666,0.15038493275642395,False,0.3878419705517964,,,False,ok,
2025-01-01T00:10:51,sensor_0,Drift Attack,HIGH,ensemble_voting_consensus,0.10813287645578384,0.15038493275642395,False,0.4053068568805423,,,False,ok,
2025-01-01T00:10:54,sensor_0,Drift Attack,HIGH,ensemble_voting_consensus,0.11604282259941101,0.15038493275642395,False,0.3791280605578375,,,False,ok,
2025-01-01T00:10:57,sensor_0,Drift Attack,HIGH,ensemble_voting_consensus,0.11962103098630905,0.15038493275642395,False,0.3662443192924212,,,False,ok,
2025-01-01T00:11:00,sensor_0,Drift Attack,HIGH,ensemble_voting_consensus,0.12461146712303162,0.15038493275642395,False,0.3675313340137966,,,False,ok,
2025-01-01T00:11:03,sensor_0,Drift Attack,HIGH,ensemble_voting_consensus,0.13441306352615356,0.15038493275642395,False,0.3362386436466707,,,False,ok,
2025-01-01T00:11:06,sensor_0,Drift Attack,HIGH,ensemble_voting_consensus,0.14323408901691437,0.15038493275642395,False,0.30395631378373383,,,False,ok,
2025-01-01T00:11:09,sensor_0,Drift Attack,HIGH,rule_engine,0.14666728675365448,0.15038493275642395,False,0.30273107546956524,,,False,ok,
2025-01-01T00:11:12,sensor_0,Drift Attack,HIGH,rule_engine,0.152407705783844,0.15038493275642395,False,0.31060200533106996,,,True,ok,
2025-01-01T00:11:15,sensor_0,Drift Attack,HIGH,rule_engine,0.16040915250778198,0.15038493275642395,False,0.3556734791995656,,,True,ok,
2025-01-01T00:11:18,sensor_0,Drift Attack,HIGH,rule_engine,0.1631818264722824,0.15038493275642395,False,0.3556599875022416,,,True,ok,
2025-01-01T00:11:21,sensor_0,Drift Attack,HIGH,rule_engine,0.16617926955223083,0.15038493275642395,False,0.3747522688760125,,,True,ok,
2025-01-01T00:11:24,sensor_0,Drift Attack,HIGH,rule_engine,0.1748233586549759,0.15038493275642395,False,0.35767860720994615,,,True,ok,
2025-01-01T00:11:27,sensor_0,Drift Attack,HIGH,rule_engine,0.1845003217458725,0.15038493275642395,False,0.3729182259146456,,,True,ok,
2025-01-01T00:11:30,sensor_0,Drift Attack,HIGH,rule_engine,0.18869689106941223,0.15038493275642395,False,0.36679266840274816,,,True,ok,
2025-01-01T00:11:33,sensor_0,Drift Attack,HIGH,rule_engine,0.18797065317630768,0.15038493275642395,False,0.37618597890470923,,,True,ok,
2025-01-01T00:11:36,sensor_0,Drift Attack,HIGH,rule_engine,0.196797177195549,0.15038493275642395,False,0.34675059121792734,,,True,ok,
2025-01-01T00:11:39,sensor_0,Drift Attack,HIGH,rule_engine,0.2003941535949707,0.15038493275642395,False,0.31335481498651985,,,True,ok,
2025-01-01T00:11:42,sensor_0,Drift Attack,HIGH,rule_engine,0.2019745260477066,0.15038493275642395,False,0.321865467637462,,,True,ok,
2025-01-01T00:11:45,sensor_0,Drift Attack,HIGH,rule_engine,0.19959208369255066,0.15038493275642395,False,0.30402305523053375,,,True,ok,
2025-01-01T00:11:48,sensor_0,Drift Attack,HIGH,rule_engine,0.21091343462467194,0.15038493275642395,False,0.296452762190165,,,True,ok,
2025-01-01T00:11:51,sensor_0,Drift Attack,HIGH,rule_engine,0.22314924001693726,0.15038493275642395,False,0.29676962858473677,,,True,ok,
2025-01-01T00:11:54,sensor_0,Drift Attack,HIGH,rule_engine,0.22088943421840668,0.15038493275642395,False,0.2842871972544741,,,True,ok,
2025-01-01T00:11:57,sensor_0,Drift Attack,HIGH,rule_engine,0.21833428740501404,0.15038493275642395,False,0.2730876864940901,,,True,ok,
2025-01-01T00:12:00,sensor_0,Drift Attack,HIGH,rule_engine,0.2172352820634842,0.15038493275642395,False,0.25318018244466367,,,True,ok,
2025-01-01T00:12:03,sensor_0,Drift Attack,HIGH,rule_engine,0.22268159687519073,0.15038493275642395,False,0.3237214171172504,,,True,ok,
2025-01-01T00:12:06,sensor_0,Drift Attack,HIGH,rule_engine,0.226774662733078,0.15038493275642395,False,0.2984538196477946,,,True,ok,
2025-01-01T00:12:09,sensor_0,Drift Attack,HIGH,rule_engine,0.2273450791835785,0.15038493275642395,False,0.31524984042039594,,,True,ok,
2025-01-01T00:12:12,sensor_0,Drift Attack,HIGH,rule_engine,0.2355174720287323,0.15038493275642395,False,0.31973588415205023,,,True,ok,
2025-01-01T00:12:15,sensor_0,Drift Attack,HIGH,rule_engine,0.23856769502162933,0.15038493275642395,False,0.3082285002736852,,,True,ok,
2025-01-01T00:12:18,sensor_0,Drift Attack,HIGH,rule_engine,0.2347310185432434,0.15038493275642395,False,0.355548671203221,,,True,ok,
2025-01-01T00:12:21,sensor_0,Drift Attack,HIGH,rule_engine,0.237395778298378,0.15038493275642395,False,0.3000092962818583,,,True,ok,
2025-01-01T00:12:24,sensor_0,Drift Attack,HIGH,rule_engine,0.23405222594738007,0.15038493275642395,False,0.28259017247868884,,,True,ok,
2025-01-01T00:12:27,sensor_0,Drift Attack,HIGH,rule_engine,0.23069222271442413,0.15038493275642395,False,0.2942759533568962,,,True,ok,
2025-01-01T00:12:30,sensor_0,Drift Attack,HIGH,rule_engine,0.23303379118442535,0.15038493275642395,False,0.35001301044987526,,,True,ok,
2025-01-01T00:12:33,sensor_0,Drift Attack,HIGH,rule_engine,0.2346309870481491,0.15038493275642395,False,0.3861297177808183,,,True,ok,
2025-01-01T00:12:36,sensor_0,Drift Attack,HIGH,rule_engine,0.2374066859483719,0.15038493275642395,False,0.3182997073964357,,,True,ok,
2025-01-01T00:12:39,sensor_0,Drift Attack,HIGH,rule_engine,0.23684991896152496,0.15038493275642395,False,0.31927780579901494,,,True,ok,
2025-01-01T00:12:42,sensor_0,Drift Attack,HIGH,rule_engine,0.2334328591823578,0.15038493275642395,False,0.3277940800415155,,,True,ok,
2025-01-01T00:12:45,sensor_0,Drift Attack,HIGH,rule_engine,0.23534922301769257,0.15038493275642395,False,0.38644230645836464,,,True,ok,
2025-01-01T00:12:48,sensor_0,Drift Attack,HIGH,rule_engine,0.23528334498405457,0.15038493275642395,False,0.37041654042459754,,,True,ok,
2025-01-01T00:12:51,sensor_0,Drift Attack,HIGH,rule_engine,0.23990358412265778,0.15038493275642395,False,0.3836323728113416,,,True,ok,
2025-01-01T00:12:54,sensor_0,Drift Attack,HIGH,rule_engine,0.2401447594165802,0.15038493275642395,False,0.3760910065747415,,,True,ok,
2025-01-01T00:12:57,sensor_0,Injection Attack,HIGH,rule_engine,0.23912639915943146,0.15038493275642395,False,0.21633789943944717,,,True,ok,
2025-01-01T00:13:00,sensor_0,Drift Attack,HIGH,rule_engine,0.23807774484157562,0.15038493275642395,False,0.21022413097146345,,,True,ok,
2025-01-01T00:13:03,sensor_0,Drift Attack,HIGH,rule_engine,0.23613165318965912,0.15038493275642395,False,0.22496619175506255,,,True,ok,
2025-01-01T00:13:06,sensor_0,Drift Attack,HIGH,rule_engine,0.2325446903705597,0.15038493275642395,False,0.21238320752050224,,,True,ok,
2025-01-01T00:13:09,sensor_0,Injection Attack,HIGH,rule_engine,0.23047010600566864,0.15038493275642395,False,0.256201565328402,,,True,ok,
2025-01-01T00:13:12,sensor_0,Injection Attack,HIGH,rule_engine,0.2373010665178299,0.15038493275642395,False,0.28549528080090586,,,True,ok,
2025-01-01T00:13:15,sensor_0,Injection Attack,HIGH,rule_engine,0.23744967579841614,0.15038493275642395,False,0.30125157517002754,,,True,ok,
2025-01-01T00:13:18,sensor_0,Drift Attack,HIGH,rule_engine,0.2361939549446106,0.15038493275642395,False,0.28392058954993704,,,True,ok,
2025-01-01T00:13:21,sensor_0,Drift Attack,HIGH,rule_engine,0.23581933975219727,0.15038493275642395,False,0.2961508350699677,,,True,ok,
2025-01-01T00:13:24,sensor_0,Drift Attack,HIGH,rule_engine,0.23372898995876312,0.15038493275642395,False,0.27810723515912755,,,True,ok,
2025-01-01T00:13:27,sensor_0,Injection Attack,HIGH,rule_engine,0.2404046505689621,0.15038493275642395,False,0.2983462597309936,,,True,ok,
2025-01-01T00:13:30,sensor_0,Drift Attack,HIGH,rule_engine,0.2411506623029709,0.15038493275642395,False,0.28956863181355097,,,True,ok,
2025-01-01T00:13:33,sensor_0,Drift Attack,HIGH,rule_engine,0.24070003628730774,0.15038493275642395,False,0.2830939194180723,,,True,ok,
2025-01-01T00:13:36,sensor_0,Injection Attack,HIGH,rule_engine,0.24473027884960175,0.15038493275642395,False,0.31203308971901134,,,True,ok,
2025-01-01T00:13:39,sensor_0,Injection Attack,HIGH,rule_engine,0.24068500101566315,0.15038493275642395,False,0.3112165730819135,,,True,ok,
2025-01-01T00:13:42,sensor_0,Injection Attack,HIGH,rule_engine,0.23426008224487305,0.15038493275642395,False,0.3087790372616423,,,True,ok,
2025-01-01T00:13:45,sensor_0,Injection Attack,HIGH,rule_engine,0.23862768709659576,0.15038493275642395,False,0.23257104817351507,,,True,ok,
2025-01-01T00:13:48,sensor_0,Injection Attack,HIGH,rule_engine,0.23989902436733246,0.15038493275642395,False,0.23676006650606776,,,True,ok,
2025-01-01T00:13:51,sensor_0,Injection Attack,HIGH,rule_engine,0.24163153767585754,0.15038493275642395,False,0.25332608120916605,,,True,ok,
2025-01-01T00:13:54,sensor_0,Injection Attack,HIGH,rule_engine,0.23968905210494995,0.15038493275642395,False,0.24089944002118674,,,True,ok,
2025-01-01T00:13:57,sensor_0,Injection Attack,HIGH,rule_engine,0.24657325446605682,0.15038493275642395,False,0.24447090283076078,,,True,ok,
2025-01-01T00:14:00,sensor_0,Injection Attack,HIGH,rule_engine,0.24675454199314117,0.15038493275642395,False,0.24549758603666688,,,True,ok,
2025-01-01T00:14:03,sensor_0,Injection Attack,HIGH,rule_engine,0.2467532902956009,0.15038493275642395,False,0.27053817706125194,,,True,ok,
2025-01-01T00:14:06,sensor_0,Injection Attack,HIGH,rule_engine,0.24953626096248627,0.15038493275642395,False,0.26109548352367695,,,True,ok,
2025-01-01T00:14:09,sensor_0,Injection Attack,HIGH,rule_engine,0.249172180891037,0.15038493275642395,False,0.26658866710612267,,,True,ok,
2025-01-01T00:14:12,sensor_0,Injection Attack,HIGH,rule_engine,0.24584297835826874,0.15038493275642395,False,0.2790806184239794,,,True,ok,
2025-01-01T00:14:15,sensor_0,Injection Attack,HIGH,rule_engine,0.2486770898103714,0.15038493275642395,False,0.30153476724300654,,,True,ok,
2025-01-01T00:14:18,sensor_0,Injection Attack,HIGH,rule_engine,0.25596389174461365,0.15038493275642395,False,0.3189691999905636,,,True,ok,
2025-01-01T00:14:21,sensor_0,Injection Attack,HIGH,rule_engine,0.2557739019393921,0.15038493275642395,False,0.2911821909293729,,,True,ok,
2025-01-01T00:14:24,sensor_0,Injection Attack,HIGH,rule_engine,0.2521700859069824,0.15038493275642395,False,0.3110231696212813,,,True,ok,
2025-01-01T00:14:27,sensor_0,Injection Attack,HIGH,rule_engine,0.24990147352218628,0.15038493275642395,False,0.3187710796171738,,,True,ok,
2025-01-01T00:14:30,sensor_0,Injection Attack,HIGH,rule_engine,0.2513909637928009,0.15038493275642395,False,0.28246838788085166,,,True,ok,
2025-01-01T00:14:33,sensor_0,Injection Attack,HIGH,rule_engine,0.2556902766227722,0.15038493275642395,False,0.3668583599110603,,,True,ok,
2025-01-01T00:14:36,sensor_0,Injection Attack,HIGH,rule_engine,0.25384169816970825,0.15038493275642395,False,0.37402814925607036,,,True,ok,
2025-01-01T00:14:39,sensor_0,Injection Attack,HIGH,rule_engine,0.2607061564922333,0.15038493275642395,False,0.297106535381212,,,True,ok,
2025-01-01T00:14:42,sensor_0,Injection Attack,HIGH,rule_engine,0.26005348563194275,0.15038493275642395,False,0.3013576701339415,,,True,ok,
2025-01-01T00:14:45,sensor_0,Injection Attack,HIGH,rule_engine,0.25683698058128357,0.15038493275642395,False,0.3708536774697188,,,True,ok,
2025-01-01T00:14:48,sensor_0,Injection Attack,HIGH,rule_engine,0.26138103008270264,0.15038493275642395,False,0.37046267208048833,,,True,ok,
2025-01-01T00:14:51,sensor_0,Injection Attack,HIGH,rule_engine,0.26146095991134644,0.15038493275642395,False,0.37063713634134077,,,True,ok,
2025-01-01T00:14:54,sensor_0,Injection Attack,HIGH,rule_engine,0.26159101724624634,0.15038493275642395,False,0.3697549466223488,,,True,ok,
2025-01-01T00:14:57,sensor_0,Injection Attack,HIGH,rule_engine,0.26175665855407715,0.15038493275642395,False,0.36586745165909373,,,True,ok,
2025-01-01T00:15:00,sensor_0,Noise Attack,HIGH,rule_engine,0.2573099434375763,0.15038493275642395,False,0.2444215955002688,,,True,ok,
2025-01-01T00:15:03,sensor_0,Noise Attack,HIGH,rule_engine,0.2519203722476959,0.15038493275642395,False,0.3189423618475169,,,True,ok,
2025-01-01T00:15:06,sensor_0,Noise Attack,HIGH,rule_engine,0.2433043122291565,0.15038493275642395,False,0.2507910804162523,,,True,ok,
2025-01-01T00:15:09,sensor_0,Noise Attack,HIGH,rule_engine,0.2408716231584549,0.15038493275642395,False,0.26794265303681764,,,True,ok,
2025-01-01T00:15:12,sensor_0,Noise Attack,HIGH,rule_engine,0.24455347657203674,0.15038493275642395,False,0.19012382551171464,,,True,ok,
2025-01-01T00:15:15,sensor_0,Noise Attack,HIGH,rule_engine,0.23948122560977936,0.15038493275642395,False,0.14711604522662294,,,True,ok,
2025-01-01T00:15:18,sensor_0,Noise Attack,HIGH,rule_engine,0.2340898960828781,0.15038493275642395,False,0.20509874598265324,,,True,ok,
2025-01-01T00:15:21,sensor_0,Injection Attack,HIGH,rule_engine,0.22868545353412628,0.15038493275642395,False,0.1513008828469109,,,True,ok,
2025-01-01T00:15:24,sensor_0,Injection Attack,HIGH,rule_engine,0.22715139389038086,0.15038493275642395,False,0.21333738872490896,,,True,ok,
2025-01-01T00:15:27,sensor_0,Injection Attack,HIGH,rule_engine,0.2200506329536438,0.15038493275642395,False,0.16077267071618392,,,True,ok,
2025-01-01T00:15:30,sensor_0,Injection Attack,HIGH,rule_engine,0.2146078646183014,0.15038493275642395,False,0.17631038548725014,,,True,ok,
2025-01-01T00:15:33,sensor_0,Injection Attack,HIGH,rule_engine,0.21057286858558655,0.15038493275642395,False,0.17331576151312406,,,True,ok,
2025-01-01T00:15:36,sensor_0,Injection Attack,HIGH,rule_engine,0.20380210876464844,0.15038493275642395,False,0.1682510607419783,,,True,ok,
2025-01-01T00:15:39,sensor_0,Injection Attack,HIGH,rule_engine,0.20059078931808472,0.15038493275642395,False,0.1686600357777018,,,True,ok,
2025-01-01T00:15:42,sensor_0,Injection Attack,HIGH,rule_engine,0.19658014178276062,0.15038493275642395,False,0.1947522526084292,,,True,ok,
2025-01-01T00:15:45,sensor_0,Injection Attack,HIGH,rule_engine,0.191179558634758,0.15038493275642395,False,0.24289904215708508,,,True,ok,
2025-01-01T00:15:48,sensor_0,Injection Attack,HIGH,rule_engine,0.1874188631772995,0.15038493275642395,False,0.23779263697715253,,,True,ok,
2025-01-01T00:15:51,sensor_0,Injection Attack,HIGH,rule_engine,0.1858266144990921,0.15038493275642395,False,0.1736124547228576,,,True,ok,
2025-01-01T00:15:54,sensor_0,Injection Attack,HIGH,rule_engine,0.18101826310157776,0.15038493275642395,False,0.17756782092711199,,,True,ok,
2025-01-01T00:15:57,sensor_0,Injection Attack,HIGH,rule_engine,0.18073193728923798,0.15038493275642395,False,0.2053561389230553,,,True,ok,
2025-01-01T00:16:00,sensor_0,Injection Attack,HIGH,rule_engine,0.17664378881454468,0.15038493275642395,False,0.1702492315876796,,,True,ok,
2025-01-01T00:16:03,sensor_0,Injection Attack,HIGH,rule_engine,0.17268343269824982,0.15038493275642395,False,0.18163541959330323,,,True,ok,
2025-01-01T00:16:06,sensor_0,Injection Attack,HIGH,rule_engine,0.17033535242080688,0.15038493275642395,False,0.33563495200080923,,,True,ok,
2025-01-01T00:16:09,sensor_0,Injection Attack,HIGH,rule_engine,0.16525031626224518,0.15038493275642395,False,0.32408519670548325,,,True,ok,
2025-01-01T00:16:12,sensor_0,Injection Attack,HIGH,rule_engine,0.16077761352062225,0.15038493275642395,False,0.29385288036890234,,,True,ok,
2025-01-01T00:16:15,sensor_0,Injection Attack,HIGH,rule_engine,0.1530357003211975,0.15038493275642395,False,0.3183646060647051,,,True,ok,
2025-01-01T00:16:18,sensor_0,Injection Attack,HIGH,rule_engine,0.15259455144405365,0.15038493275642395,False,0.31482993764947026,,,True,ok,
2025-01-01T00:16:21,sensor_0,Injection Attack,HIGH,rule_engine,0.14991851150989532,0.15038493275642395,False,0.3238844532662352,,,False,ok,
2025-01-01T00:16:24,sensor_0,Injection Attack,HIGH,rule_engine,0.14406272768974304,0.15038493275642395,False,0.303340298220074,,,False,ok,
2025-01-01T00:16:27,sensor_0,Replay Attack,HIGH,ensemble_voting_consensus,0.1282598376274109,0.15038493275642395,False,0.32326054660698406,,,False,ok,
2025-01-01T00:16:30,sensor_0,Replay Attack,HIGH,ensemble_voting_consensus,0.12992830574512482,0.15038493275642395,False,0.32597093109034986,,,False,ok,
2025-01-01T00:16:33,sensor_0,Injection Attack,HIGH,rule_engine,0.13830401003360748,0.15038493275642395,False,0.3225060263388227,,,False,ok,
2025-01-01T00:16:36,sensor_0,Injection Attack,HIGH,rule_engine,0.14450502395629883,0.15038493275642395,False,0.3013818170453708,,,False,ok,
2025-01-01T00:16:39,sensor_0,Injection Attack,HIGH,rule_engine,0.14799398183822632,0.15038493275642395,False,0.3567624845374117,,,False,ok,
2025-01-01T00:16:42,sensor_0,Injection Attack,HIGH,rule_engine,0.14962877333164215,0.15038493275642395,False,0.35194307170938344,,,False,ok,
2025-01-01T00:16:45,sensor_0,Injection Attack,HIGH,rule_engine,0.1530594527721405,0.15038493275642395,False,0.34397496526064286,,,True,ok,
2025-01-01T00:16:48,sensor_0,Injection Attack,HIGH,rule_engine,0.15883930027484894,0.15038493275642395,False,0.2978623663744318,,,True,ok,
2025-01-01T00:16:51,sensor_0,Injection Attack,HIGH,rule_engine,0.16724899411201477,0.15038493275642395,False,0.3022252499078342,,,True,ok,
2025-01-01T00:16:54,sensor_0,Injection Attack,HIGH,rule_engine,0.16699466109275818,0.15038493275642395,False,0.3184980848869462,,,True,ok,
2025-01-01T00:16:57,sensor_0,Injection Attack,HIGH,rule_engine,0.17210935056209564,0.15038493275642395,False,0.3099747586455037,,,True,ok,
2025-01-01T00:17:00,sensor_0,Injection Attack,HIGH,rule_engine,0.18097035586833954,0.15038493275642395,False,0.3547877419378057,,,True,ok,
2025-01-01T00:17:03,sensor_0,Injection Attack,HIGH,rule_engine,0.1857145130634308,0.15038493275642395,False,0.3509105089969513,,,True,ok,
2025-01-01T00:17:06,sensor_0,Injection Attack,HIGH,rule_engine,0.19087399542331696,0.15038493275642395,False,0.362936343207829,,,True,ok,
2025-01-01T00:17:09,sensor_0,Injection Attack,HIGH,rule_engine,0.19463787972927094,0.15038493275642395,False,0.36254686530349056,,,True,ok,
2025-01-01T00:17:12,sensor_0,Injection Attack,HIGH,rule_engine,0.19597889482975006,0.15038493275642395,False,0.3642399893331384,,,True,ok,
2025-01-01T00:17:15,sensor_0,Injection Attack,HIGH,rule_engine,0.202711284160614,0.15038493275642395,False,0.32064754023743275,,,True,ok,
2025-01-01T00:17:18,sensor_0,Injection Attack,HIGH,rule_engine,0.2049250304698944,0.15038493275642395,False,0.2894892378944033,,,True,ok,
2025-01-01T00:17:21,sensor_0,Injection Attack,HIGH,rule_engine,0.20882491767406464,0.15038493275642395,False,0.25310130552405385,,,True,ok,
2025-01-01T00:17:24,sensor_0,Injection Attack,HIGH,rule_engine,0.2134976089000702,0.15038493275642395,False,0.2533424028006961,,,True,ok,
2025-01-01T00:17:27,sensor_0,Injection Attack,HIGH,rule_engine,0.21779561042785645,0.15038493275642395,False,0.24800973159695217,,,True,ok,
2025-01-01T00:17:30,sensor_0,Injection Attack,HIGH,rule_engine,0.21887890994548798,0.15038493275642395,False,0.24857494270628688,,,True,ok,
2025-01-01T00:17:33,sensor_0,Injection Attack,HIGH,rule_engine,0.21911664307117462,0.15038493275642395,False,0.23140047514713563,,,True,ok,
2025-01-01T00:17:36,sensor_0,Injection Attack,HIGH,rule_engine,0.21236534416675568,0.15038493275642395,False,0.22407902341235686,,,True,ok,
2025-01-01T00:17:39,sensor_0,Injection Attack,HIGH,rule_engine,0.21115702390670776,0.15038493275642395,False,0.20970799365582185,,,True,ok,
2025-01-01T00:17:42,sensor_0,Injection Attack,HIGH,rule_engine,0.2148984968662262,0.15038493275642395,False,0.24250774307353434,,,True,ok,
2025-01-01T00:17:45,sensor_0,Injection Attack,HIGH,rule_engine,0.21727177500724792,0.15038493275642395,False,0.21658427905119826,,,True,ok,
2025-01-01T00:17:48,sensor_0,Injection Attack,HIGH,rule_engine,0.20925113558769226,0.15038493275642395,False,0.22371984495431588,,,True,ok,
2025-01-01T00:17:51,sensor_0,Injection Attack,HIGH,rule_engine,0.20173192024230957,0.15038493275642395,False,0.13943287308484983,,,True,ok,
2025-01-01T00:17:54,sensor_0,Injection Attack,HIGH,rule_engine,0.20213522017002106,0.15038493275642395,False,0.1818128210586751,,,True,ok,
2025-01-01T00:17:57,sensor_0,Injection Attack,HIGH,rule_engine,0.20510385930538177,0.15038493275642395,False,0.13937012508060118,,,True,ok,
2025-01-01T00:18:00,sensor_0,Injection Attack,HIGH,rule_engine,0.21130725741386414,0.15038493275642395,False,0.16431850003412707,,,True,ok,
2025-01-01T00:18:03,sensor_0,Injection Attack,HIGH,rule_engine,0.20841893553733826,0.15038493275642395,False,0.16153921562329465,,,True,ok,
2025-01-01T00:18:06,sensor_0,Injection Attack,HIGH,rule_engine,0.20576293766498566,0.15038493275642395,False,0.25503239801323696,,,True,ok,
2025-01-01T00:18:09,sensor_0,Injection Attack,HIGH,rule_engine,0.200674906373024,0.15038493275642395,False,0.17193124838641832,,,True,ok,
2025-01-01T00:18:12,sensor_0,Injection Attack,HIGH,rule_engine,0.19709473848342896,0.15038493275642395,False,0.1527277675566765,,,True,ok,
2025-01-01T00:18:15,sensor_0,Injection Attack,HIGH,rule_engine,0.18991808593273163,0.15038493275642395,False,0.13880823274875062,,,True,ok,
2025-01-01T00:18:18,sensor_0,Injection Attack,HIGH,rule_engine,0.18335609138011932,0.15038493275642395,False,0.13740550121154885,,,True,ok,
2025-01-01T00:18:21,sensor_0,Injection Attack,HIGH,rule_engine,0.1778789609670639,0.15038493275642395,False,0.14888328225365124,,,True,ok,
2025-01-01T00:18:24,sensor_0,Injection Attack,HIGH,rule_engine,0.16901175677776337,0.15038493275642395,False,0.17440235949810834,,,True,ok,
2025-01-01T00:18:27,sensor_0,Injection Attack,HIGH,rule_engine,0.1660381704568863,0.15038493275642395,False,0.1534566816081043,,,True,ok,
2025-01-01T00:18:30,sensor_0,Injection Attack,HIGH,rule_engine,0.1576719880104065,0.15038493275642395,False,0.16196629473798912,,,True,ok,
2025-01-01T00:18:33,sensor_0,Injection Attack,HIGH,rule_engine,0.1536456197500229,0.15038493275642395,False,0.14271114447939304,,,True,ok,
2025-01-01T00:18:36,sensor_0,Injection Attack,HIGH,rule_engine,0.15001225471496582,0.15038493275642395,False,0.18170403849382202,,,False,ok,
2025-01-01T00:18:39,sensor_0,Injection Attack,HIGH,rule_engine,0.14230826497077942,0.15038493275642395,False,0.20359409846011495,,,False,ok,
2025-01-01T00:18:42,sensor_0,Injection Attack,HIGH,rule_engine,0.13856738805770874,0.15038493275642395,False,0.18134139404760138,,,False,ok,
2025-01-01T00:18:45,sensor_0,Injection Attack,HIGH,rule_engine,0.1351042091846466,0.15038493275642395,False,0.18796969371911498,,,False,ok,
2025-01-01T00:18:48,sensor_0,Injection Attack,HIGH,rule_engine,0.1322830617427826,0.15038493275642395,False,0.2050436115407741,,,False,ok,
2025-01-01T00:18:51,sensor_0,Injection Attack,HIGH,rule_engine,0.12773269414901733,0.15038493275642395,False,0.2445726634305826,,,False,ok,
2025-01-01T00:18:54,sensor_0,Injection Attack,HIGH,rule_engine,0.12526573240756989,0.15038493275642395,False,0.21599637043941652,,,False,ok,
2025-01-01T00:18:57,sensor_0,Replay Attack,HIGH,ensemble_voting_consensus,0.11496119201183319,0.15038493275642395,False,0.2632077844768496,,,False,ok,
2025-01-01T00:19:00,sensor_0,Replay Attack,HIGH,ensemble_voting_consensus,0.11407749354839325,0.15038493275642395,False,0.2817421215436296,,,False,ok,
2025-01-01T00:19:03,sensor_0,Normal,HIGH,ensemble_voting_consensus,0.11228672415018082,0.15038493275642395,False,0.2926646552079556,,,False,ok,
2025-01-01T00:19:06,sensor_0,Normal,HIGH,ensemble_voting_consensus,0.10397898405790329,0.15038493275642395,False,0.31540527304412963,,,False,ok,
2025-01-01T00:19:09,sensor_0,Normal,HIGH,ensemble_voting_consensus,0.11133579164743423,0.15038493275642395,False,0.33647060885802066,,,False,ok,
2025-01-01T00:19:12,sensor_0,Normal,HIGH,ensemble_voting_consensus,0.10629478096961975,0.15038493275642395,False,0.30342187257616915,,,False,ok,
2025-01-01T00:19:15,sensor_0,Normal,HIGH,ensemble_voting_consensus,0.10450176894664764,0.15038493275642395,False,0.3057954975298849,,,False,ok,
2025-01-01T00:19:18,sensor_0,Normal,HIGH,ensemble_voting_consensus,0.10512863099575043,0.15038493275642395,False,0.2715518430965941,,,False,ok,
2025-01-01T00:19:21,sensor_0,Normal,HIGH,ensemble_voting_consensus,0.1077653095126152,0.15038493275642395,False,0.2765450374469075,,,False,ok,
2025-01-01T00:19:24,sensor_0,Normal,HIGH,ensemble_voting_consensus,0.10147063434123993,0.15038493275642395,False,0.27761901907343045,,,False,ok,
2025-01-01T00:19:27,sensor_0,Normal,HIGH,ensemble_voting_consensus,0.10214371979236603,0.15038493275642395,False,0.2644539853584316,,,False,ok,
2025-01-01T00:19:30,sensor_0,Normal,HIGH,ensemble_voting_consensus,0.09949730336666107,0.15038493275642395,False,0.2722897620662812,,,False,ok,
2025-01-01T00:19:33,sensor_0,Normal,HIGH,ensemble_voting_consensus,0.09150025993585587,0.15038493275642395,False,0.2564933568835082,,,False,ok,
2025-01-01T00:19:36,sensor_0,Normal,HIGH,ensemble_voting_consensus,0.08411756157875061,0.15038493275642395,False,0.2863606403362175,,,False,ok,
2025-01-01T00:19:39,sensor_0,Normal,HIGH,ensemble_voting_consensus,0.08454915881156921,0.15038493275642395,False,0.31120073996991376,,,False,ok,
2025-01-01T00:19:42,sensor_0,Normal,HIGH,ensemble_voting_consensus,0.0763842985033989,0.15038493275642395,False,0.36046707999560235,,,False,ok,
2025-01-01T00:19:45,sensor_0,Normal,HIGH,ensemble_voting_consensus,0.07581735402345657,0.15038493275642395,False,0.3377688603429608,,,False,ok,
2025-01-01T00:19:48,sensor_0,Normal,HIGH,ensemble_voting_consensus,0.07350845634937286,0.15038493275642395,False,0.317150498478401,,,False,ok,
2025-01-01T00:19:51,sensor_0,Normal,HIGH,ensemble_voting_consensus,0.07299723476171494,0.15038493275642395,False,0.379560047839351,,,False,ok,
2025-01-01T00:19:54,sensor_0,Normal,HIGH,ensemble_voting_consensus,0.07411789149045944,0.15038493275642395,False,0.3748822989506259,,,False,ok,
2025-01-01T00:19:57,sensor_0,Normal,HIGH,ensemble_voting_consensus,0.06689655035734177,0.15038493275642395,False,0.2904210615193564,,,False,ok,
2025-01-01T00:20:00,sensor_0,Normal,HIGH,ensemble_voting_consensus,0.06921619921922684,0.15038493275642395,False,0.29502023897799295,,,False,ok,
2025-01-01T00:20:03,sensor_0,Normal,HIGH,ensemble_voting_consensus,0.05993887037038803,0.15038493275642395,False,0.2497433395249607,,,False,ok,
2025-01-01T00:20:06,sensor_0,Normal,HIGH,ensemble_voting_consensus,0.05766485258936882,0.15038493275642395,False,0.26247141173779814,,,False,ok,
2025-01-01T00:20:09,sensor_0,Normal,HIGH,ensemble_voting_consensus,0.0615304596722126,0.15038493275642395,False,0.2629021701116403,,,False,ok,
2025-01-01T00:20:12,sensor_0,Normal,HIGH,ensemble_voting_consensus,0.057249411940574646,0.15038493275642395,False,0.22684586499086215,,,False,ok,
2025-01-01T00:20:15,sensor_0,Normal,HIGH,ensemble_voting_consensus,0.05187591165304184,0.15038493275642395,False,0.20675901107327896,,,False,ok,
2025-01-01T00:20:18,sensor_0,Normal,HIGH,ensemble_voting_consensus,0.04612518474459648,0.15038493275642395,False,0.2586065051008974,,,False,ok,
2025-01-01T00:20:21,sensor_0,Normal,HIGH,ensemble_voting_consensus,0.048427604138851166,0.15038493275642395,False,0.2273710158441565,,,False,ok,
2025-01-01T00:20:24,sensor_0,Normal,HIGH,ensemble_voting_consensus,0.037481825798749924,0.15038493275642395,False,0.2637026332943496,,,False,ok,
2025-01-01T00:20:27,sensor_0,Normal,HIGH,ensemble_voting_consensus,0.03332434594631195,0.15038493275642395,False,0.21481727631415093,,,False,ok,
2025-01-01T00:20:30,sensor_0,Normal,HIGH,ensemble_voting_consensus,0.03164009377360344,0.15038493275642395,False,0.2774222387593044,,,False,ok,
2025-01-01T00:20:33,sensor_0,Normal,HIGH,ensemble_voting_consensus,0.03340562805533409,0.15038493275642395,False,0.2702418371083983,,,False,ok,
2025-01-01T00:20:36,sensor_0,Normal,HIGH,ensemble_voting_consensus,0.03764408454298973,0.15038493275642395,False,0.29209913936874715,,,False,ok,
2025-01-01T00:20:39,sensor_0,Normal,HIGH,ensemble_voting_consensus,0.0277267973870039,0.15038493275642395,False,0.2292187590003767,,,False,ok,
2025-01-01T00:20:42,sensor_0,Normal,HIGH,ensemble_voting_consensus,0.026248367503285408,0.15038493275642395,False,0.259529963322202,,,False,ok,
2025-01-01T00:20:45,sensor_0,Normal,HIGH,ensemble_voting_consensus,0.026859024539589882,0.15038493275642395,False,0.259513555764413,,,False,ok,
2025-01-01T00:20:48,sensor_0,Normal,HIGH,ensemble_voting_consensus,0.025603102520108223,0.15038493275642395,False,0.29961633496570084,,,False,ok,
2025-01-01T00:20:51,sensor_0,Normal,HIGH,ensemble_voting_consensus,0.026976358145475388,0.15038493275642395,False,0.2750372946487877,,,False,ok,
2025-01-01T00:20:54,sensor_0,Normal,HIGH,ensemble_voting_consensus,0.025993742048740387,0.15038493275642395,False,0.32965625783527996,,,False,ok,
2025-01-01T00:20:57,sensor_0,Normal,HIGH,ensemble_voting_consensus,0.02818233147263527,0.15038493275642395,False,0.3485800343849877,,,False,ok,
2025-01-01T00:21:00,sensor_0,Normal,HIGH,ensemble_voting_consensus,0.028850343078374863,0.15038493275642395,False,0.34307731792006224,,,False,ok,
2025-01-01T00:21:03,sensor_0,Normal,HIGH,ensemble_voting_consensus,0.026560749858617783,0.15038493275642395,False,0.32293126173127895,,,False,ok,
2025-01-01T00:21:06,sensor_0,Normal,HIGH,ensemble_voting_consensus,0.027286969125270844,0.15038493275642395,False,0.3103150162592774,,,False,ok,
2025-01-01T00:21:09,sensor_0,Normal,HIGH,ensemble_voting_consensus,0.028632771223783493,0.15038493275642395,False,0.2826669761899124,,,False,ok,
2025-01-01T00:21:12,sensor_0,Normal,HIGH,ensemble_voting_consensus,0.030971257016062737,0.15038493275642395,False,0.2515695849961384,,,False,ok,
2025-01-01T00:21:15,sensor_0,Normal,HIGH,ensemble_voting_consensus,0.03661457449197769,0.15038493275642395,False,0.2846883968038307,,,False,ok,
2025-01-01T00:21:18,sensor_0,Normal,HIGH,ensemble_voting_consensus,0.038369063287973404,0.15038493275642395,False,0.3606878653924687,,,False,ok,
2025-01-01T00:21:21,sensor_0,Normal,HIGH,ensemble_voting_consensus,0.03525007888674736,0.15038493275642395,False,0.34360479452213455,,,False,ok,
2025-01-01T00:21:24,sensor_0,Normal,HIGH,ensemble_voting_consensus,0.03901884704828262,0.15038493275642395,False,0.3289073679858929,,,False,ok,
2025-01-01T00:21:27,sensor_0,Normal,HIGH,ensemble_voting_consensus,0.03830282762646675,0.15038493275642395,False,0.33041517203700305,,,False,ok,
2025-01-01T00:21:30,sensor_0,Normal,HIGH,ensemble_voting_consensus,0.037205711007118225,0.15038493275642395,False,0.3051111548038616,,,False,ok,
2025-01-01T00:21:33,sensor_0,Normal,HIGH,ensemble_voting_consensus,0.03742231801152229,0.15038493275642395,False,0.305634320895322,,,False,ok,
2025-01-01T00:21:36,sensor_0,Normal,HIGH,ensemble_voting_consensus,0.03657035529613495,0.15038493275642395,False,0.3110552889201576,,,False,ok,
2025-01-01T00:21:39,sensor_0,Normal,HIGH,ensemble_voting_consensus,0.03682791069149971,0.15038493275642395,False,0.30252053478732943,,,False,ok,
2025-01-01T00:21:42,sensor_0,Normal,HIGH,ensemble_voting_consensus,0.0368320494890213,0.15038493275642395,False,0.2855284808614397,,,False,ok,
2025-01-01T00:21:45,sensor_0,Normal,HIGH,ensemble_voting_consensus,0.03513335809111595,0.15038493275642395,False,0.2712393096940552,,,False,ok,
2025-01-01T00:21:48,sensor_0,Normal,HIGH,ensemble_voting_consensus,0.035353925079107285,0.15038493275642395,False,0.26109438390333123,,,False,ok,
2025-01-01T00:21:51,sensor_0,Normal,HIGH,ensemble_voting_consensus,0.03815418481826782,0.15038493275642395,False,0.27632636152674245,,,False,ok,
2025-01-01T00:21:54,sensor_0,Normal,HIGH,ensemble_voting_consensus,0.03793760761618614,0.15038493275642395,False,0.3249994363256447,,,False,ok,
2025-01-01T00:21:57,sensor_0,Normal,HIGH,ensemble_voting_consensus,0.0378945991396904,0.15038493275642395,False,0.3050707788397008,,,False,ok,
2025-01-01T00:22:00,sensor_0,Normal,HIGH,ensemble_voting_consensus,0.03729657828807831,0.15038493275642395,False,0.3083445698819392,,,False,ok,
2025-01-01T00:22:03,sensor_0,Normal,HIGH,ensemble_voting_consensus,0.03767569735646248,0.15038493275642395,False,0.2879669122374556,,,False,ok,
2025-01-01T00:22:06,sensor_0,Normal,HIGH,ensemble_voting_consensus,0.03757428377866745,0.15038493275642395,False,0.32576498577656093,,,False,ok,
2025-01-01T00:22:09,sensor_0,Normal,HIGH,ensemble_voting_consensus,0.037407759577035904,0.15038493275642395,False,0.34675876563003305,,,False,ok,
2025-01-01T00:22:12,sensor_0,Normal,HIGH,ensemble_voting_consensus,0.03754664584994316,0.15038493275642395,False,0.34834052237378293,,,False,ok,
2025-01-01T00:22:15,sensor_0,Normal,HIGH,ensemble_voting_consensus,0.03746667876839638,0.15038493275642395,False,0.32172039672386676,,,False,ok,
2025-01-01T00:22:18,sensor_0,Normal,HIGH,ensemble_voting_consensus,0.03616081550717354,0.15038493275642395,False,0.3432570931740559,,,False,ok,
2025-01-01T00:22:21,sensor_0,Normal,HIGH,ensemble_voting_consensus,0.03777775913476944,0.15038493275642395,False,0.2887375557347679,,,False,ok,
2025-01-01T00:22:24,sensor_0,Normal,HIGH,ensemble_voting_consensus,0.04093526676297188,0.15038493275642395,False,0.2805290804110115,,,False,ok,
2025-01-01T00:22:27,sensor_0,Normal,HIGH,ensemble_voting_consensus,0.036418456584215164,0.15038493275642395,False,0.25853767439901215,,,False,ok,
2025-01-01T00:22:30,sensor_0,Normal,HIGH,ensemble_voting_consensus,0.03534943237900734,0.15038493275642395,False,0.26547027392111994,,,False,ok,
2025-01-01T00:22:33,sensor_0,Normal,HIGH,ensemble_voting_consensus,0.03515259549021721,0.15038493275642395,False,0.2625783323019053,,,False,ok,
2025-01-01T00:22:36,sensor_0,Normal,HIGH,ensemble_voting_consensus,0.03809887170791626,0.15038493275642395,False,0.24245152410554713,,,False,ok,
2025-01-01T00:22:39,sensor_0,Normal,HIGH,ensemble_voting_consensus,0.030005697160959244,0.15038493275642395,False,0.34940955902278537,,,False,ok,
2025-01-01T00:22:42,sensor_0,Normal,HIGH,ensemble_voting_consensus,0.02913363091647625,0.15038493275642395,False,0.2591429024194666,,,False,ok,
2025-01-01T00:22:45,sensor_0,Normal,HIGH,ensemble_voting_consensus,0.02744755521416664,0.15038493275642395,False,0.27889240842692137,,,False,ok,
2025-01-01T00:22:48,sensor_0,Normal,HIGH,ensemble_voting_consensus,0.029539428651332855,0.15038493275642395,False,0.29874836178581465,,,False,ok,
2025-01-01T00:22:51,sensor_0,Normal,HIGH,ensemble_voting_consensus,0.030814368277788162,0.15038493275642395,False,0.3023568870394656,,,False,ok,
2025-01-01T00:22:54,sensor_0,Normal,HIGH,ensemble_voting_consensus,0.024128694087266922,0.15038493275642395,False,0.2727313397391887,,,False,ok,
2025-01-01T00:22:57,sensor_0,Normal,HIGH,ensemble_voting_consensus,0.022109458222985268,0.15038493275642395,False,0.2655754735596592,,,False,ok,
2025-01-01T00:23:00,sensor_0,Normal,HIGH,ensemble_voting_consensus,0.02312428131699562,0.15038493275642395,False,0.29576595993748594,,,False,ok,
2025-01-01T00:23:03,sensor_0,Normal,HIGH,ensemble_voting_consensus,0.024808453395962715,0.15038493275642395,False,0.2912099875576178,,,False,ok,
2025-01-01T00:23:06,sensor_0,Normal,HIGH,ensemble_voting_consensus,0.02212018333375454,0.15038493275642395,False,0.26165736859001576,,,False,ok,
2025-01-01T00:23:09,sensor_0,Normal,HIGH,ensemble_voting_consensus,0.022589828819036484,0.15038493275642395,False,0.2513260907804484,,,False,ok,
2025-01-01T00:23:12,sensor_0,Normal,HIGH,ensemble_voting_consensus,0.02119593694806099,0.15038493275642395,False,0.26065137151394135,,,False,ok,
2025-01-01T00:23:15,sensor_0,Normal,HIGH,ensemble_voting_consensus,0.02345072664320469,0.15038493275642395,False,0.2132797893570197,,,False,ok,
2025-01-01T00:23:18,sensor_0,Normal,HIGH,ensemble_voting_consensus,0.021666022017598152,0.15038493275642395,False,0.20656323430431908,,,False,ok,
2025-01-01T00:23:21,sensor_0,Normal,HIGH,ensemble_voting_consensus,0.02571919374167919,0.15038493275642395,False,0.23285857091317466,,,False,ok,
2025-01-01T00:23:24,sensor_0,Normal,HIGH,ensemble_voting_consensus,0.024840323254466057,0.15038493275642395,False,0.22012933914464697,,,False,ok,
2025-01-01T00:23:27,sensor_0,Normal,HIGH,ensemble_voting_consensus,0.02058376558125019,0.15038493275642395,False,0.23688804120885948,,,False,ok,
2025-01-01T00:23:30,sensor_0,Normal,HIGH,ensemble_voting_consensus,0.02317182533442974,0.15038493275642395,False,0.2423886956560882,,,False,ok,
2025-01-01T00:23:33,sensor_0,Normal,HIGH,ensemble_voting_consensus,0.023098254576325417,0.15038493275642395,False,0.2060695330454652,,,False,ok,
2025-01-01T00:23:36,sensor_0,Normal,HIGH,ensemble_voting_consensus,0.024829871952533722,0.15038493275642395,False,0.299328572848332,,,False,ok,
2025-01-01T00:23:39,sensor_0,Normal,HIGH,ensemble_voting_consensus,0.023903945460915565,0.15038493275642395,False,0.31595182982652265,,,False,ok,
2025-01-01T00:23:42,sensor_0,Normal,HIGH,ensemble_voting_consensus,0.023866361007094383,0.15038493275642395,False,0.3443377689003597,,,False,ok,
2025-01-01T00:23:45,sensor_0,Normal,HIGH,ensemble_voting_consensus,0.023843830451369286,0.15038493275642395,False,0.36278130063829817,,,False,ok,
2025-01-01T00:23:48,sensor_0,Normal,HIGH,ensemble_voting_consensus,0.025828031823039055,0.15038493275642395,False,0.3320154800908457,,,False,ok,
2025-01-01T00:23:51,sensor_0,Normal,HIGH,ensemble_voting_consensus,0.02636588178575039,0.15038493275642395,False,0.3224956479197439,,,False,ok,
2025-01-01T00:23:54,sensor_0,Normal,HIGH,ensemble_voting_consensus,0.025132525712251663,0.15038493275642395,False,0.3066310127243847,,,False,ok,
2025-01-01T00:23:57,sensor_0,Normal,HIGH,ensemble_voting_consensus,0.027911828830838203,0.15038493275642395,False,0.32333392895594526,,,False,ok,
2025-01-01T00:24:00,sensor_0,Normal,HIGH,ensemble_voting_consensus,0.028470780700445175,0.15038493275642395,False,0.32488847838023466,,,False,ok,
2025-01-01T00:24:03,sensor_0,Normal,HIGH,ensemble_voting_consensus,0.028123511001467705,0.15038493275642395,False,0.31543842186786,,,False,ok,
2025-01-01T00:24:06,sensor_0,Normal,HIGH,ensemble_voting_consensus,0.03133010491728783,0.15038493275642395,False,0.3074643651425356,,,False,ok,
2025-01-01T00:24:09,sensor_0,Normal,HIGH,ensemble_voting_consensus,0.03076852671802044,0.15038493275642395,False,0.2504493121850163,,,False,ok,
2025-01-01T00:24:12,sensor_0,Normal,HIGH,ensemble_voting_consensus,0.026223335415124893,0.15038493275642395,False,0.31145229328926083,,,False,ok,
2025-01-01T00:24:15,sensor_0,Normal,HIGH,ensemble_voting_consensus,0.027040747925639153,0.15038493275642395,False,0.2905433057774814,,,False,ok,
2025-01-01T00:24:18,sensor_0,Normal,HIGH,ensemble_voting_consensus,0.02678638882935047,0.15038493275642395,False,0.2637566996080845,,,False,ok,
2025-01-01T00:24:21,sensor_0,Normal,HIGH,ensemble_voting_consensus,0.028296824544668198,0.15038493275642395,False,0.31122706924440574,,,False,ok,
2025-01-01T00:24:24,sensor_0,Normal,HIGH,ensemble_voting_consensus,0.03063337691128254,0.15038493275642395,False,0.3300907636722542,,,False,ok,
2025-01-01T00:24:27,sensor_0,Normal,HIGH,ensemble_voting_consensus,0.03052109107375145,0.15038493275642395,False,0.34135379726715254,,,False,ok,
2025-01-01T00:24:30,sensor_0,Normal,HIGH,ensemble_voting_consensus,0.03260373696684837,0.15038493275642395,False,0.33604178316771044,,,False,ok,
2025-01-01T00:24:33,sensor_0,Normal,HIGH,ensemble_voting_consensus,0.03415219113230705,0.15038493275642395,False,0.3310710488964651,,,False,ok,
2025-01-01T00:24:36,sensor_0,Normal,HIGH,ensemble_voting_consensus,0.03414187207818031,0.15038493275642395,False,0.37394406379859196,,,False,ok,
2025-01-01T00:24:39,sensor_0,Normal,HIGH,ensemble_voting_consensus,0.035700757056474686,0.15038493275642395,False,0.3643366543163119,,,False,ok,
2025-01-01T00:24:42,sensor_0,Normal,HIGH,ensemble_voting_consensus,0.036678481847047806,0.15038493275642395,False,0.4262011353396407,,,False,ok,
2025-01-01T00:24:45,sensor_0,Normal,HIGH,ensemble_voting_consensus,0.03655482456088066,0.15038493275642395,False,0.4382007041153028,,,False,ok,
2025-01-01T00:24:48,sensor_0,Normal,HIGH,ensemble_voting_consensus,0.037797532975673676,0.15038493275642395,False,0.43279694125012824,,,False,ok,
2025-01-01T00:24:51,sensor_0,Normal,HIGH,ensemble_voting_consensus,0.042592696845531464,0.15038493275642395,False,0.3827001807087749,,,False,ok,
2025-01-01T00:24:54,sensor_0,Normal,HIGH,ensemble_voting_consensus,0.03857535496354103,0.15038493275642395,False,0.36413947816586256,,,False,ok,
2025-01-01T00:24:57,sensor_0,Normal,HIGH,ensemble_voting_consensus,0.042191971093416214,0.15038493275642395,False,0.362679437770664,,,False,ok,
2025-01-01T00:25:00,sensor_0,Normal,HIGH,ensemble_voting_consensus,0.04314914718270302,0.15038493275642395,False,0.39359040936509015,,,False,ok,
2025-01-01T00:25:03,sensor_0,Normal,HIGH,ensemble_voting_consensus,0.044155534356832504,0.15038493275642395,False,0.36033894019054297,,,False,ok,
2025-01-01T00:25:06,sensor_0,Normal,HIGH,ensemble_voting_consensus,0.03881985321640968,0.15038493275642395,False,0.41102093492993047,,,False,ok,
2025-01-01T00:25:09,sensor_0,Normal,HIGH,ensemble_voting_consensus,0.04057186469435692,0.15038493275642395,False,0.3697206903376664,,,False,ok,
2025-01-01T00:25:12,sensor_0,Normal,HIGH,ensemble_voting_consensus,0.04300877824425697,0.15038493275642395,False,0.3347301528786374,,,False,ok,
2025-01-01T00:25:15,sensor_0,Normal,HIGH,ensemble_voting_consensus,0.0434323288500309,0.15038493275642395,False,0.32971402015721607,,,False,ok,
2025-01-01T00:25:18,sensor_0,Normal,HIGH,ensemble_voting_consensus,0.04474961385130882,0.15038493275642395,False,0.3178714369812847,,,False,ok,
2025-01-01T00:25:21,sensor_0,Normal,HIGH,ensemble_voting_consensus,0.04199419915676117,0.15038493275642395,False,0.3102466454708832,,,False,ok,
2025-01-01T00:25:24,sensor_0,Normal,HIGH,ensemble_voting_consensus,0.04068569466471672,0.15038493275642395,False,0.2879499224839278,,,False,ok,
2025-01-01T00:25:27,sensor_0,Normal,HIGH,ensemble_voting_consensus,0.04015316069126129,0.15038493275642395,False,0.3093881402051478,,,False,ok,
2025-01-01T00:25:30,sensor_0,Normal,HIGH,ensemble_voting_consensus,0.041475117206573486,0.15038493275642395,False,0.27832312278652066,,,False,ok,
2025-01-01T00:25:33,sensor_0,Normal,HIGH,ensemble_voting_consensus,0.04092736542224884,0.15038493275642395,False,0.3145935241352832,,,False,ok,
2025-01-01T00:25:36,sensor_0,Normal,HIGH,ensemble_voting_consensus,0.03935360535979271,0.15038493275642395,False,0.31561924245061934,,,False,ok,
2025-01-01T00:25:39,sensor_0,Normal,HIGH,ensemble_voting_consensus,0.03837183862924576,0.15038493275642395,False,0.30587097645079253,,,False,ok,
2025-01-01T00:25:42,sensor_0,Normal,HIGH,ensemble_voting_consensus,0.04080430418252945,0.15038493275642395,False,0.3501724303531813,,,False,ok,
2025-01-01T00:25:45,sensor_0,Normal,HIGH,ensemble_voting_consensus,0.041429080069065094,0.15038493275642395,False,0.3793125307030498,,,False,ok,
2025-01-01T00:25:48,sensor_0,Normal,HIGH,ensemble_voting_consensus,0.04667752981185913,0.15038493275642395,False,0.3885438505399127,,,False,ok,
2025-01-01T00:25:51,sensor_0,Normal,HIGH,ensemble_voting_consensus,0.045535389333963394,0.15038493275642395,False,0.30986056926295485,,,False,ok,
2025-01-01T00:25:54,sensor_0,Normal,HIGH,ensemble_voting_consensus,0.04272443801164627,0.15038493275642395,False,0.2770603959737967,,,False,ok,
2025-01-01T00:25:57,sensor_0,Normal,HIGH,ensemble_voting_consensus,0.040247298777103424,0.15038493275642395,False,0.29676921724294975,,,False,ok,
2025-01-01T00:26:00,sensor_0,Normal,HIGH,ensemble_voting_consensus,0.04305282607674599,0.15038493275642395,False,0.2542460873486019,,,False,ok,
2025-01-01T00:26:03,sensor_0,Normal,HIGH,ensemble_voting_consensus,0.04440276697278023,0.15038493275642395,False,0.252696979934405,,,False,ok,
2025-01-01T00:26:06,sensor_0,Normal,HIGH,ensemble_voting_consensus,0.04339801147580147,0.15038493275642395,False,0.24816406804689,,,False,ok,
2025-01-01T00:26:09,sensor_0,Normal,HIGH,ensemble_voting_consensus,0.03980100154876709,0.15038493275642395,False,0.21809821859383402,,,False,ok,
2025-01-01T00:26:12,sensor_0,Normal,HIGH,ensemble_voting_consensus,0.04169028252363205,0.15038493275642395,False,0.25466757130962947,,,False,ok,
2025-01-01T00:26:15,sensor_0,Normal,HIGH,ensemble_voting_consensus,0.04178334400057793,0.15038493275642395,False,0.22250496027526653,,,False,ok,
2025-01-01T00:26:18,sensor_0,Normal,HIGH,ensemble_voting_consensus,0.04067124426364899,0.15038493275642395,False,0.23072002659970708,,,False,ok,
2025-01-01T00:26:21,sensor_0,Normal,HIGH,ensemble_voting_consensus,0.035616882145404816,0.15038493275642395,False,0.2082706561716007,,,False,ok,
2025-01-01T00:26:24,sensor_0,Normal,HIGH,ensemble_voting_consensus,0.03452660143375397,0.15038493275642395,False,0.217424730049405,,,False,ok,
2025-01-01T00:26:27,sensor_0,Normal,HIGH,ensemble_voting_consensus,0.03506818041205406,0.15038493275642395,False,0.2267653854531866,,,False,ok,
2025-01-01T00:26:30,sensor_0,Normal,HIGH,ensemble_voting_consensus,0.033750392496585846,0.15038493275642395,False,0.19964641025702823,,,False,ok,
2025-01-01T00:26:33,sensor_0,Normal,HIGH,ensemble_voting_consensus,0.0366867296397686,0.15038493275642395,False,0.2520618363303706,,,False,ok,
2025-01-01T00:26:36,sensor_0,Normal,HIGH,ensemble_voting_consensus,0.03360965475440025,0.15038493275642395,False,0.2607103983636819,,,False,ok,
2025-01-01T00:26:39,sensor_0,Normal,HIGH,ensemble_voting_consensus,0.03103061206638813,0.15038493275642395,False,0.22706229803518346,,,False,ok,
2025-01-01T00:26:42,sensor_0,Normal,HIGH,ensemble_voting_consensus,0.030947348102927208,0.15038493275642395,False,0.25085637671018457,,,False,ok,
2025-01-01T00:26:45,sensor_0,Normal,HIGH,ensemble_voting_consensus,0.03239463269710541,0.15038493275642395,False,0.25360463267040584,,,False,ok,
2025-01-01T00:26:48,sensor_0,Normal,HIGH,ensemble_voting_consensus,0.03545009344816208,0.15038493275642395,False,0.24671039694814875,,,False,ok,
2025-01-01T00:26:51,sensor_0,Normal,HIGH,ensemble_voting_consensus,0.03517542779445648,0.15038493275642395,False,0.24373671376203318,,,False,ok,
2025-01-01T00:26:54,sensor_0,Normal,HIGH,ensemble_voting_consensus,0.03335261344909668,0.15038493275642395,False,0.26220056202244657,,,False,ok,
2025-01-01T00:26:57,sensor_0,Normal,HIGH,ensemble_voting_consensus,0.039509449154138565,0.15038493275642395,False,0.20842861818513614,,,False,ok,
2025-01-01T00:27:00,sensor_0,Normal,HIGH,ensemble_voting_consensus,0.03693424537777901,0.15038493275642395,False,0.21328386645488842,,,False,ok,
2025-01-01T00:27:03,sensor_0,Normal,HIGH,ensemble_voting_consensus,0.035201575607061386,0.15038493275642395,False,0.22387299075180092,,,False,ok,
2025-01-01T00:27:06,sensor_0,Normal,HIGH,ensemble_voting_consensus,0.03643638268113136,0.15038493275642395,False,0.20480372940196395,,,False,ok,
2025-01-01T00:27:09,sensor_0,Normal,HIGH,ensemble_voting_consensus,0.03741864860057831,0.15038493275642395,False,0.19732869695226793,,,False,ok,
2025-01-01T00:27:12,sensor_0,Normal,HIGH,ensemble_voting_consensus,0.039109982550144196,0.15038493275642395,False,0.20588225026300272,,,False,ok,
2025-01-01T00:27:15,sensor_0,Normal,HIGH,ensemble_voting_consensus,0.04005863144993782,0.15038493275642395,False,0.2054204011413771,,,False,ok,
2025-01-01T00:27:18,sensor_0,Normal,HIGH,ensemble_voting_consensus,0.038429420441389084,0.15038493275642395,False,0.2384835432196287,,,False,ok,
2025-01-01T00:27:21,sensor_0,Normal,HIGH,ensemble_voting_consensus,0.038143839687108994,0.15038493275642395,False,0.2349923729136763,,,False,ok,
2025-01-01T00:27:24,sensor_0,Normal,HIGH,ensemble_voting_consensus,0.03731406480073929,0.15038493275642395,False,0.24614555286768186,,,False,ok,
2025-01-01T00:27:27,sensor_0,Normal,HIGH,ensemble_voting_consensus,0.0364810973405838,0.15038493275642395,False,0.24288080359829353,,,False,ok,
2025-01-01T00:27:30,sensor_0,Normal,HIGH,ensemble_voting_consensus,0.03406550735235214,0.15038493275642395,False,0.221560717464224,,,False,ok,
2025-01-01T00:27:33,sensor_0,Normal,HIGH,ensemble_voting_consensus,0.03578535094857216,0.15038493275642395,False,0.23317395423475168,,,False,ok,
2025-01-01T00:27:36,sensor_0,Normal,HIGH,ensemble_voting_consensus,0.039882414042949677,0.15038493275642395,False,0.24318919013146287,,,False,ok,
2025-01-01T00:27:39,sensor_0,Normal,HIGH,ensemble_voting_consensus,0.04024375230073929,0.15038493275642395,False,0.23055953791661868,,,False,ok,
2025-01-01T00:27:42,sensor_0,Normal,HIGH,ensemble_voting_consensus,0.0388299785554409,0.15038493275642395,False,0.24484789006276952,,,False,ok,
2025-01-01T00:27:45,sensor_0,Normal,HIGH,ensemble_voting_consensus,0.0393308661878109,0.15038493275642395,False,0.1987631989918185,,,False,ok,
2025-01-01T00:27:48,sensor_0,Normal,HIGH,ensemble_voting_consensus,0.04077502340078354,0.15038493275642395,False,0.19334954280772637,,,False,ok,
2025-01-01T00:27:51,sensor_0,Normal,HIGH,ensemble_voting_consensus,0.04006490856409073,0.15038493275642395,False,0.19793478343270585,,,False,ok,
2025-01-01T00:27:54,sensor_0,Normal,HIGH,ensemble_voting_consensus,0.042262036353349686,0.15038493275642395,False,0.2129308674139741,,,False,ok,
2025-01-01T00:27:57,sensor_0,Normal,HIGH,ensemble_voting_consensus,0.041689883917570114,0.15038493275642395,False,0.20790424105735766,,,False,ok,
2025-01-01T00:28:00,sensor_0,Normal,HIGH,ensemble_voting_consensus,0.04363417252898216,0.15038493275642395,False,0.21158880991494372,,,False,ok,
2025-01-01T00:28:03,sensor_0,Normal,HIGH,ensemble_voting_consensus,0.04067365452647209,0.15038493275642395,False,0.24544958970692166,,,False,ok,
2025-01-01T00:28:06,sensor_0,Normal,HIGH,ensemble_voting_consensus,0.03952735662460327,0.15038493275642395,False,0.2678673320104283,,,False,ok,
2025-01-01T00:28:09,sensor_0,Normal,HIGH,ensemble_voting_consensus,0.041153062134981155,0.15038493275642395,False,0.30666267557069393,,,False,ok,
2025-01-01T00:28:12,sensor_0,Normal,HIGH,ensemble_voting_consensus,0.03908419981598854,0.15038493275642395,False,0.29836313427206745,,,False,ok,
2025-01-01T00:28:15,sensor_0,Normal,HIGH,ensemble_voting_consensus,0.04285992681980133,0.15038493275642395,False,0.29671521594092226,,,False,ok,
2025-01-01T00:28:18,sensor_0,Normal,HIGH,ensemble_voting_consensus,0.03974116966128349,0.15038493275642395,False,0.2688624652053938,,,False,ok,
2025-01-01T00:28:21,sensor_0,Normal,HIGH,ensemble_voting_consensus,0.039523057639598846,0.15038493275642395,False,0.24502395145628403,,,False,ok,
2025-01-01T00:28:24,sensor_0,Normal,HIGH,ensemble_voting_consensus,0.041344594210386276,0.15038493275642395,False,0.2718723862723558,,,False,ok,
2025-01-01T00:28:27,sensor_0,Normal,HIGH,ensemble_voting_consensus,0.036169685423374176,0.15038493275642395,False,0.2764251126597097,,,False,ok,
2025-01-01T00:28:30,sensor_0,Normal,HIGH,ensemble_voting_consensus,0.03875192627310753,0.15038493275642395,False,0.259526326130981,,,False,ok,
2025-01-01T00:28:33,sensor_0,Normal,HIGH,ensemble_voting_consensus,0.03928763419389725,0.15038493275642395,False,0.24983038596834753,,,False,ok,
2025-01-01T00:28:36,sensor_0,Normal,HIGH,ensemble_voting_consensus,0.03810359165072441,0.15038493275642395,False,0.23834306713490847,,,False,ok,
2025-01-01T00:28:39,sensor_0,Normal,HIGH,ensemble_voting_consensus,0.03448251262307167,0.15038493275642395,False,0.24504260547399473,,,False,ok,
2025-01-01T00:28:42,sensor_0,Normal,HIGH,ensemble_voting_consensus,0.036499302834272385,0.15038493275642395,False,0.21160722294285214,,,False,ok,
2025-01-01T00:28:45,sensor_0,Normal,HIGH,ensemble_voting_consensus,0.03264946490526199,0.15038493275642395,False,0.21619022254767595,,,False,ok,
2025-01-01T00:28:48,sensor_0,Normal,HIGH,ensemble_voting_consensus,0.03043879009783268,0.15038493275642395,False,0.20771996569347928,,,False,ok,
2025-01-01T00:28:51,sensor_0,Normal,HIGH,ensemble_voting_consensus,0.02894885279238224,0.15038493275642395,False,0.199461503125831,,,False,ok,
2025-01-01T00:28:54,sensor_0,Normal,HIGH,ensemble_voting_consensus,0.0303361676633358,0.15038493275642395,False,0.17960341300721872,,,False,ok,
2025-01-01T00:28:57,sensor_0,Normal,HIGH,ensemble_voting_consensus,0.03393411636352539,0.15038493275642395,False,0.23480498469434982,,,False,ok,
2025-01-01T00:29:00,sensor_0,Normal,HIGH,ensemble_voting_consensus,0.0370107963681221,0.15038493275642395,False,0.2267491560565471,,,False,ok,
2025-01-01T00:29:03,sensor_0,Normal,HIGH,ensemble_voting_consensus,0.03544741868972778,0.15038493275642395,False,0.18790968241970363,,,False,ok,
2025-01-01T00:29:06,sensor_0,Normal,HIGH,ensemble_voting_consensus,0.03107745200395584,0.15038493275642395,False,0.19695614969359018,,,False,ok,
2025-01-01T00:29:09,sensor_0,Normal,HIGH,ensemble_voting_consensus,0.029264386743307114,0.15038493275642395,False,0.19571547742309725,,,False,ok,
2025-01-01T00:29:12,sensor_0,Normal,HIGH,ensemble_voting_consensus,0.027144240215420723,0.15038493275642395,False,0.18871701132631943,,,False,ok,
2025-01-01T00:29:15,sensor_0,Normal,HIGH,ensemble_voting_consensus,0.027982687577605247,0.15038493275642395,False,0.23685461131265087,,,False,ok,
2025-01-01T00:29:18,sensor_0,Normal,HIGH,ensemble_voting_consensus,0.02947458252310753,0.15038493275642395,False,0.2662442929434133,,,False,ok,
2025-01-01T00:29:21,sensor_0,Normal,HIGH,ensemble_voting_consensus,0.029416797682642937,0.15038493275642395,False,0.3014078163375173,,,False,ok,
2025-01-01T00:29:24,sensor_0,Normal,HIGH,ensemble_voting_consensus,0.03163066878914833,0.15038493275642395,False,0.2699051984719986,,,False,ok,
2025-01-01T00:29:27,sensor_0,Normal,HIGH,ensemble_voting_consensus,0.03342242166399956,0.15038493275642395,False,0.28455310577632664,,,False,ok,
2025-01-01T00:29:30,sensor_0,Normal,HIGH,ensemble_voting_consensus,0.03791447728872299,0.15038493275642395,False,0.2694817679588008,,,False,ok,
2025-01-01T00:29:33,sensor_0,Normal,HIGH,ensemble_voting_consensus,0.03599081188440323,0.15038493275642395,False,0.32620277858830415,,,False,ok,
2025-01-01T00:29:36,sensor_0,Normal,HIGH,ensemble_voting_consensus,0.03639981895685196,0.15038493275642395,False,0.3144726286955886,,,False,ok,
2025-01-01T00:29:39,sensor_0,Normal,HIGH,ensemble_voting_consensus,0.03329656273126602,0.15038493275642395,False,0.30636051837249584,,,False,ok,
2025-01-01T00:29:42,sensor_0,Normal,HIGH,ensemble_voting_consensus,0.036322664469480515,0.15038493275642395,False,0.27749453042558503,,,False,ok,
2025-01-01T00:29:45,sensor_0,Normal,HIGH,ensemble_voting_consensus,0.03441532328724861,0.15038493275642395,False,0.30190065162618396,,,False,ok,
2025-01-01T00:29:48,sensor_0,Normal,HIGH,ensemble_voting_consensus,0.03749730810523033,0.15038493275642395,False,0.3110705089877229,,,False,ok,
2025-01-01T00:29:51,sensor_0,Normal,HIGH,ensemble_voting_consensus,0.03446868807077408,0.15038493275642395,False,0.3241713259067674,,,False,ok,
2025-01-01T00:29:54,sensor_0,Normal,HIGH,ensemble_voting_consensus,0.036315079778432846,0.15038493275642395,False,0.27306799610371596,,,False,ok,
2025-01-01T00:29:57,sensor_0,Normal,HIGH,ensemble_voting_consensus,0.03855319321155548,0.15038493275642395,False,0.271006177524268,,,False,ok,
2025-01-01T00:30:00,sensor_0,Normal,HIGH,ensemble_voting_consensus,0.037759486585855484,0.15038493275642395,False,0.2788276084007887,,,False,ok,
2025-01-01T00:30:03,sensor_0,Normal,HIGH,ensemble_voting_consensus,0.03600049391388893,0.15038493275642395,False,0.2778124845651594,,,False,ok,
2025-01-01T00:30:06,sensor_0,Normal,HIGH,ensemble_voting_consensus,0.03751618042588234,0.15038493275642395,False,0.2690908864260632,,,False,ok,
2025-01-01T00:30:09,sensor_0,Normal,HIGH,ensemble_voting_consensus,0.0381927564740181,0.15038493275642395,False,0.21952173637630581,,,False,ok,
2025-01-01T00:30:12,sensor_0,Normal,HIGH,ensemble_voting_consensus,0.04034356027841568,0.15038493275642395,False,0.217313863669402,,,False,ok,
2025-01-01T00:30:15,sensor_0,Normal,HIGH,ensemble_voting_consensus,0.03941475227475166,0.15038493275642395,False,0.22851392154066935,,,False,ok,
2025-01-01T00:30:18,sensor_0,Normal,HIGH,ensemble_voting_consensus,0.037629030644893646,0.15038493275642395,False,0.23215398337943466,,,False,ok,
2025-01-01T00:30:21,sensor_0,Normal,HIGH,ensemble_voting_consensus,0.03666544705629349,0.15038493275642395,False,0.259351898905899,,,False,ok,
2025-01-01T00:30:24,sensor_0,Normal,HIGH,ensemble_voting_consensus,0.036336932331323624,0.15038493275642395,False,0.24549099841420963,,,False,ok,
2025-01-01T00:30:27,sensor_0,Normal,HIGH,ensemble_voting_consensus,0.037824079394340515,0.15038493275642395,False,0.2853305609193082,,,False,ok,
2025-01-01T00:30:30,sensor_0,Normal,HIGH,ensemble_voting_consensus,0.03481481224298477,0.15038493275642395,False,0.23470151025600722,,,False,ok,
2025-01-01T00:30:33,sensor_0,Normal,HIGH,ensemble_voting_consensus,0.034972790628671646,0.15038493275642395,False,0.1809543587255466,,,False,ok,
2025-01-01T00:30:36,sensor_0,Normal,HIGH,ensemble_voting_consensus,0.03512287512421608,0.15038493275642395,False,0.2109357535952403,,,False,ok,
2025-01-01T00:30:39,sensor_0,Normal,HIGH,ensemble_voting_consensus,0.03663022443652153,0.15038493275642395,False,0.20523297507849322,,,False,ok,
2025-01-01T00:30:42,sensor_0,Normal,HIGH,ensemble_voting_consensus,0.034149784594774246,0.15038493275642395,False,0.1912545780738192,,,False,ok,
2025-01-01T00:30:45,sensor_0,Normal,HIGH,ensemble_voting_consensus,0.03345877304673195,0.15038493275642395,False,0.21479904409438175,,,False,ok,
2025-01-01T00:30:48,sensor_0,Normal,HIGH,ensemble_voting_consensus,0.03028387390077114,0.15038493275642395,False,0.19428494060089357,,,False,ok,
2025-01-01T00:30:51,sensor_0,Normal,HIGH,ensemble_voting_consensus,0.033951327204704285,0.15038493275642395,False,0.18736057347186813,,,False,ok,
2025-01-01T00:30:54,sensor_0,Normal,HIGH,ensemble_voting_consensus,0.028679942712187767,0.15038493275642395,False,0.1912628027637268,,,False,ok,
2025-01-01T00:30:57,sensor_0,Normal,HIGH,ensemble_voting_consensus,0.030319571495056152,0.15038493275642395,False,0.20719484711054367,,,False,ok,
2025-01-01T00:31:00,sensor_0,Normal,HIGH,ensemble_voting_consensus,0.02958884835243225,0.15038493275642395,False,0.23103732943232771,,,False,ok,
2025-01-01T00:31:03,sensor_0,Normal,HIGH,ensemble_voting_consensus,0.026460064575076103,0.15038493275642395,False,0.2042332472870372,,,False,ok,
2025-01-01T00:31:06,sensor_0,Normal,HIGH,ensemble_voting_consensus,0.02836332842707634,0.15038493275642395,False,0.21805996515461173,,,False,ok,
2025-01-01T00:31:09,sensor_0,Normal,HIGH,ensemble_voting_consensus,0.027186790481209755,0.15038493275642395,False,0.21108483475303455,,,False,ok,
2025-01-01T00:31:12,sensor_0,Normal,HIGH,ensemble_voting_consensus,0.025167187675833702,0.15038493275642395,False,0.18779126703333285,,,False,ok,
2025-01-01T00:31:15,sensor_0,Normal,HIGH,ensemble_voting_consensus,0.02999497577548027,0.15038493275642395,False,0.17961018007004168,,,False,ok,
2025-01-01T00:31:18,sensor_0,Normal,HIGH,ensemble_voting_consensus,0.028221461921930313,0.15038493275642395,False,0.14980754541825544,,,False,ok,
2025-01-01T00:31:21,sensor_0,Normal,HIGH,ensemble_voting_consensus,0.02790510281920433,0.15038493275642395,False,0.179273260123369,,,False,ok,
2025-01-01T00:31:24,sensor_0,Normal,HIGH,ensemble_voting_consensus,0.024616418406367302,0.15038493275642395,False,0.18476839478584384,,,False,ok,
2025-01-01T00:31:27,sensor_0,Normal,HIGH,ensemble_voting_consensus,0.024967079982161522,0.15038493275642395,False,0.20305490193078465,,,False,ok,
2025-01-01T00:31:30,sensor_0,Normal,HIGH,ensemble_voting_consensus,0.024919098243117332,0.15038493275642395,False,0.25385395503965597,,,False,ok,
2025-01-01T00:31:33,sensor_0,Normal,HIGH,ensemble_voting_consensus,0.02707771025598049,0.15038493275642395,False,0.2623549577878083,,,False,ok,
2025-01-01T00:31:36,sensor_0,Normal,HIGH,ensemble_voting_consensus,0.026528842747211456,0.15038493275642395,False,0.2556257468661213,,,False,ok,
2025-01-01T00:31:39,sensor_0,Normal,HIGH,ensemble_voting_consensus,0.02339468151330948,0.15038493275642395,False,0.24994372991893338,,,False,ok,
2025-01-01T00:31:42,sensor_0,Normal,HIGH,ensemble_voting_consensus,0.023031199350953102,0.15038493275642395,False,0.28173734963337704,,,False,ok,
2025-01-01T00:31:45,sensor_0,Normal,HIGH,ensemble_voting_consensus,0.022133825346827507,0.15038493275642395,False,0.287429028141101,,,False,ok,
2025-01-01T00:31:48,sensor_0,Normal,HIGH,ensemble_voting_consensus,0.023402223363518715,0.15038493275642395,False,0.2833012916897243,,,False,ok,
2025-01-01T00:31:51,sensor_0,Normal,HIGH,ensemble_voting_consensus,0.023479366675019264,0.15038493275642395,False,0.29859880464597643,,,False,ok,
2025-01-01T00:31:54,sensor_0,Normal,HIGH,ensemble_voting_consensus,0.02293584495782852,0.15038493275642395,False,0.32679818909041297,,,False,ok,
2025-01-01T00:31:57,sensor_0,Normal,HIGH,ensemble_voting_consensus,0.024711856618523598,0.15038493275642395,False,0.3299267812521685,,,False,ok,
2025-01-01T00:32:00,sensor_0,Normal,HIGH,ensemble_voting_consensus,0.023176610469818115,0.15038493275642395,False,0.2794767717407027,,,False,ok,
2025-01-01T00:32:03,sensor_0,Normal,HIGH,ensemble_voting_consensus,0.025555888190865517,0.15038493275642395,False,0.26867258617845113,,,False,ok,
2025-01-01T00:32:06,sensor_0,Normal,HIGH,ensemble_voting_consensus,0.024176202714443207,0.15038493275642395,False,0.2996045578529171,,,False,ok,
2025-01-01T00:32:09,sensor_0,Normal,HIGH,ensemble_voting_consensus,0.024529404938220978,0.15038493275642395,False,0.2998944460083356,,,False,ok,
2025-01-01T00:32:12,sensor_0,Normal,HIGH,ensemble_voting_consensus,0.02310793660581112,0.15038493275642395,False,0.25904744635838656,,,False,ok,
2025-01-01T00:32:15,sensor_0,Normal,HIGH,ensemble_voting_consensus,0.022446243092417717,0.15038493275642395,False,0.2330349155293657,,,False,ok,
2025-01-01T00:32:18,sensor_0,Normal,HIGH,ensemble_voting_consensus,0.026353569701313972,0.15038493275642395,False,0.22815858914915838,,,False,ok,
2025-01-01T00:32:21,sensor_0,Normal,HIGH,ensemble_voting_consensus,0.02796957828104496,0.15038493275642395,False,0.22929064522020512,,,False,ok,
2025-01-01T00:32:24,sensor_0,Normal,HIGH,ensemble_voting_consensus,0.029488347470760345,0.15038493275642395,False,0.28920568258713336,,,False,ok,
2025-01-01T00:32:27,sensor_0,Normal,HIGH,ensemble_voting_consensus,0.02615366503596306,0.15038493275642395,False,0.3210949243990759,,,False,ok,
2025-01-01T00:32:30,sensor_0,Normal,HIGH,ensemble_voting_consensus,0.023442000150680542,0.15038493275642395,False,0.3492083363628413,,,False,ok,
2025-01-01T00:32:33,sensor_0,Normal,HIGH,ensemble_voting_consensus,0.022471560165286064,0.15038493275642395,False,0.33915504749532593,,,False,ok,
2025-01-01T00:32:36,sensor_0,Normal,HIGH,ensemble_voting_consensus,0.022136827930808067,0.15038493275642395,False,0.31311967874233737,,,False,ok,
2025-01-01T00:32:39,sensor_0,Normal,HIGH,ensemble_voting_consensus,0.022678785026073456,0.15038493275642395,False,0.30499862311792486,,,False,ok,
2025-01-01T00:32:42,sensor_0,Normal,HIGH,ensemble_voting_consensus,0.02565801329910755,0.15038493275642395,False,0.28532203842413656,,,False,ok,
2025-01-01T00:32:45,sensor_0,Normal,HIGH,ensemble_voting_consensus,0.023486988618969917,0.15038493275642395,False,0.286398372165893,,,False,ok,
2025-01-01T00:32:48,sensor_0,Normal,HIGH,ensemble_voting_consensus,0.025603681802749634,0.15038493275642395,False,0.3156114922741293,,,False,ok,
2025-01-01T00:32:51,sensor_0,Normal,HIGH,ensemble_voting_consensus,0.02372175082564354,0.15038493275642395,False,0.33125963324522933,,,False,ok,
2025-01-01T00:32:54,sensor_0,Normal,HIGH,ensemble_voting_consensus,0.023536385968327522,0.15038493275642395,False,0.3183139497745891,,,False,ok,
2025-01-01T00:32:57,sensor_0,Normal,HIGH,ensemble_voting_consensus,0.02621803805232048,0.15038493275642395,False,0.3256092491392314,,,False,ok,
2025-01-01T00:33:00,sensor_0,Normal,HIGH,ensemble_voting_consensus,0.0272069051861763,0.15038493275642395,False,0.3301038389486388,,,False,ok,
2025-01-01T00:33:03,sensor_0,Normal,HIGH,ensemble_voting_consensus,0.025259925052523613,0.15038493275642395,False,0.2989294741794097,,,False,ok,
2025-01-01T00:33:06,sensor_0,Normal,HIGH,ensemble_voting_consensus,0.02552955411374569,0.15038493275642395,False,0.2719187050296053,,,False,ok,
2025-01-01T00:33:09,sensor_0,Normal,HIGH,ensemble_voting_consensus,0.026155272498726845,0.15038493275642395,False,0.2768046249517396,,,False,ok,
2025-01-01T00:33:12,sensor_0,Normal,HIGH,ensemble_voting_consensus,0.02767251804471016,0.15038493275642395,False,0.2592715631055643,,,False,ok,
2025-01-01T00:33:15,sensor_0,Normal,HIGH,ensemble_voting_consensus,0.0312031339854002,0.15038493275642395,False,0.2983537073195241,,,False,ok,
2025-01-01T00:33:18,sensor_0,Normal,HIGH,ensemble_voting_consensus,0.03254202380776405,0.15038493275642395,False,0.311379989428761,,,False,ok,
2025-01-01T00:01:28,sensor_1,Normal,HIGH,ensemble_voting_consensus,0.0301800724118948,0.15038493275642395,False,0.24373995037566912,,,False,ok,
2025-01-01T00:01:31,sensor_1,Normal,HIGH,ensemble_voting_consensus,0.030380340293049812,0.15038493275642395,False,0.31111767344789387,,,False,ok,
2025-01-01T00:01:34,sensor_1,Normal,HIGH,ensemble_voting_consensus,0.03155682608485222,0.15038493275642395,False,0.2917401127958896,,,False,ok,
2025-01-01T00:01:37,sensor_1,Normal,HIGH,ensemble_voting_consensus,0.028630567714571953,0.15038493275642395,False,0.2823799578140144,,,False,ok,
2025-01-01T00:01:40,sensor_1,Normal,HIGH,ensemble_voting_consensus,0.02798980288207531,0.15038493275642395,False,0.2723997440533876,,,False,ok,
2025-01-01T00:01:43,sensor_1,Normal,HIGH,ensemble_voting_consensus,0.026640644297003746,0.15038493275642395,False,0.26475521016560266,,,False,ok,
2025-01-01T00:01:46,sensor_1,Normal,HIGH,ensemble_voting_consensus,0.025369005277752876,0.15038493275642395,False,0.2652777376402847,,,False,ok,
2025-01-01T00:01:49,sensor_1,Normal,HIGH,ensemble_voting_consensus,0.0259722787886858,0.15038493275642395,False,0.25052838371881686,,,False,ok,
2025-01-01T00:01:52,sensor_1,Normal,HIGH,ensemble_voting_consensus,0.024965809658169746,0.15038493275642395,False,0.23650928029839965,,,False,ok,
2025-01-01T00:01:55,sensor_1,Normal,HIGH,ensemble_voting_consensus,0.026220034807920456,0.15038493275642395,False,0.20531229342375998,,,False,ok,
2025-01-01T00:01:58,sensor_1,Normal,HIGH,ensemble_voting_consensus,0.025845786556601524,0.15038493275642395,False,0.22056463994149486,,,False,ok,
2025-01-01T00:02:01,sensor_1,Normal,HIGH,ensemble_voting_consensus,0.024355286732316017,0.15038493275642395,False,0.2118269230223208,,,False,ok,
2025-01-01T00:02:04,sensor_1,Normal,HIGH,ensemble_voting_consensus,0.02451215870678425,0.15038493275642395,False,0.26417001487838204,,,False,ok,
2025-01-01T00:02:07,sensor_1,Normal,HIGH,ensemble_voting_consensus,0.026179220527410507,0.15038493275642395,False,0.248915424241532,,,False,ok,
2025-01-01T00:02:10,sensor_1,Normal,HIGH,ensemble_voting_consensus,0.025978373363614082,0.15038493275642395,False,0.33882990296874665,,,False,ok,
2025-01-01T00:02:13,sensor_1,Normal,HIGH,ensemble_voting_consensus,0.026537833735346794,0.15038493275642395,False,0.34306094184125674,,,False,ok,
2025-01-01T00:02:16,sensor_1,Normal,HIGH,ensemble_voting_consensus,0.026230579242110252,0.15038493275642395,False,0.3554058357464974,,,False,ok,
2025-01-01T00:02:19,sensor_1,Normal,HIGH,ensemble_voting_consensus,0.02736664190888405,0.15038493275642395,False,0.3636137946073087,,,False,ok,
2025-01-01T00:02:22,sensor_1,Normal,HIGH,ensemble_voting_consensus,0.026931218802928925,0.15038493275642395,False,0.33654651167278765,,,False,ok,
2025-01-01T00:02:25,sensor_1,Normal,HIGH,ensemble_voting_consensus,0.027690168470144272,0.15038493275642395,False,0.33865433992731225,,,False,ok,
2025-01-01T00:02:28,sensor_1,Normal,HIGH,ensemble_voting_consensus,0.025456387549638748,0.15038493275642395,False,0.329130386811945,,,False,ok,
2025-01-01T00:02:31,sensor_1,Normal,HIGH,ensemble_voting_consensus,0.02558114007115364,0.15038493275642395,False,0.35074948153390173,,,False,ok,
2025-01-01T00:02:34,sensor_1,Normal,HIGH,ensemble_voting_consensus,0.025386596098542213,0.15038493275642395,False,0.333293984354435,,,False,ok,
2025-01-01T00:02:37,sensor_1,Normal,HIGH,ensemble_voting_consensus,0.0222004484385252,0.15038493275642395,False,0.38224123294022644,,,False,ok,
2025-01-01T00:02:40,sensor_1,Normal,HIGH,ensemble_voting_consensus,0.021785536780953407,0.15038493275642395,False,0.3748279692528916,,,False,ok,
2025-01-01T00:02:43,sensor_1,Normal,HIGH,ensemble_voting_consensus,0.02168607898056507,0.15038493275642395,False,0.394227702521764,,,False,ok,
2025-01-01T00:02:46,sensor_1,Normal,HIGH,ensemble_voting_consensus,0.022601956501603127,0.15038493275642395,False,0.40157872410443285,,,False,ok,
2025-01-01T00:02:49,sensor_1,Normal,HIGH,ensemble_voting_consensus,0.02042577415704727,0.15038493275642395,False,0.39976867318235193,,,False,ok,
2025-01-01T00:02:52,sensor_1,Normal,HIGH,ensemble_voting_consensus,0.021598415449261665,0.15038493275642395,False,0.35148805452358695,,,False,ok,
2025-01-01T00:02:55,sensor_1,Normal,HIGH,ensemble_voting_consensus,0.019157128408551216,0.15038493275642395,False,0.3539131602187609,,,False,ok,
2025-01-01T00:02:58,sensor_1,Normal,HIGH,ensemble_voting_consensus,0.01759837009012699,0.15038493275642395,False,0.36242856659478495,,,False,ok,
2025-01-01T00:03:01,sensor_1,Normal,HIGH,ensemble_voting_consensus,0.018260622397065163,0.15038493275642395,False,0.36009977220976713,,,False,ok,
2025-01-01T00:03:04,sensor_1,Normal,HIGH,ensemble_voting_consensus,0.020710540935397148,0.15038493275642395,False,0.38591065590335827,,,False,ok,
2025-01-01T00:03:07,sensor_1,Normal,HIGH,ensemble_voting_consensus,0.022073185071349144,0.15038493275642395,False,0.3897403908747888,,,False,ok,
2025-01-01T00:03:10,sensor_1,Normal,HIGH,ensemble_voting_consensus,0.023460891097784042,0.15038493275642395,False,0.3585919433636052,,,False,ok,
2025-01-01T00:03:13,sensor_1,Normal,HIGH,ensemble_voting_consensus,0.023720230907201767,0.15038493275642395,False,0.34000014608590606,,,False,ok,
2025-01-01T00:03:16,sensor_1,Normal,HIGH,ensemble_voting_consensus,0.024113425984978676,0.15038493275642395,False,0.3412748013520149,,,False,ok,
2025-01-01T00:03:19,sensor_1,Normal,HIGH,ensemble_voting_consensus,0.02268628403544426,0.15038493275642395,False,0.3357737134046305,,,False,ok,
2025-01-01T00:03:22,sensor_1,Normal,HIGH,ensemble_voting_consensus,0.02187134511768818,0.15038493275642395,False,0.3471994861700053,,,False,ok,
2025-01-01T00:03:25,sensor_1,Normal,HIGH,ensemble_voting_consensus,0.02333599515259266,0.15038493275642395,False,0.24629631291454282,,,False,ok,
2025-01-01T00:03:28,sensor_1,Normal,HIGH,ensemble_voting_consensus,0.023991737514734268,0.15038493275642395,False,0.24145525675925253,,,False,ok,
2025-01-01T00:03:31,sensor_1,Normal,HIGH,ensemble_voting_consensus,0.020531106740236282,0.15038493275642395,False,0.2696738766857807,,,False,ok,
2025-01-01T00:03:34,sensor_1,Normal,HIGH,ensemble_voting_consensus,0.020403185859322548,0.15038493275642395,False,0.2653774019651104,,,False,ok,
2025-01-01T00:03:37,sensor_1,Normal,HIGH,ensemble_voting_consensus,0.021764855831861496,0.15038493275642395,False,0.26648122881402425,,,False,ok,
2025-01-01T00:03:40,sensor_1,Normal,HIGH,ensemble_voting_consensus,0.02047532983124256,0.15038493275642395,False,0.31606143535276676,,,False,ok,
2025-01-01T00:03:43,sensor_1,Normal,HIGH,ensemble_voting_consensus,0.019821008667349815,0.15038493275642395,False,0.3647044420361091,,,False,ok,
2025-01-01T00:03:46,sensor_1,Normal,HIGH,ensemble_voting_consensus,0.021766914054751396,0.15038493275642395,False,0.325289478419013,,,False,ok,
2025-01-01T00:03:49,sensor_1,Normal,HIGH,ensemble_voting_consensus,0.01699405163526535,0.15038493275642395,False,0.22921518793712575,,,False,ok,
2025-01-01T00:03:52,sensor_1,Normal,HIGH,ensemble_voting_consensus,0.020698975771665573,0.15038493275642395,False,0.21858552356400068,,,False,ok,
2025-01-01T00:03:55,sensor_1,Normal,HIGH,ensemble_voting_consensus,0.0205288864672184,0.15038493275642395,False,0.2515969945474464,,,False,ok,
2025-01-01T00:03:58,sensor_1,Normal,HIGH,ensemble_voting_consensus,0.021790239959955215,0.15038493275642395,False,0.24438380239727847,,,False,ok,
2025-01-01T00:04:01,sensor_1,Normal,HIGH,ensemble_voting_consensus,0.023653265088796616,0.15038493275642395,False,0.2816515288764514,,,False,ok,
2025-01-01T00:04:04,sensor_1,Normal,HIGH,ensemble_voting_consensus,0.023290041834115982,0.15038493275642395,False,0.29600024171894856,,,False,ok,
2025-01-01T00:04:07,sensor_1,Normal,HIGH,ensemble_voting_consensus,0.025491049513220787,0.15038493275642395,False,0.27570921176709584,,,False,ok,
2025-01-01T00:04:10,sensor_1,Normal,HIGH,ensemble_voting_consensus,0.024037117138504982,0.15038493275642395,False,0.26093663780223214,,,False,ok,
2025-01-01T00:04:13,sensor_1,Normal,HIGH,ensemble_voting_consensus,0.024555128067731857,0.15038493275642395,False,0.23696715832663523,,,False,ok,
2025-01-01T00:04:16,sensor_1,Normal,HIGH,ensemble_voting_consensus,0.024106496945023537,0.15038493275642395,False,0.2526314663945373,,,False,ok,
2025-01-01T00:04:19,sensor_1,Normal,HIGH,ensemble_voting_consensus,0.027135618031024933,0.15038493275642395,False,0.23460954700101697,,,False,ok,
2025-01-01T00:04:22,sensor_1,Normal,HIGH,ensemble_voting_consensus,0.026689259335398674,0.15038493275642395,False,0.2977091815648148,,,False,ok,
2025-01-01T00:04:25,sensor_1,Normal,HIGH,ensemble_voting_consensus,0.027518603950738907,0.15038493275642395,False,0.2589806048239585,,,False,ok,
2025-01-01T00:04:28,sensor_1,Normal,HIGH,ensemble_voting_consensus,0.028035389259457588,0.15038493275642395,False,0.2536442068129644,,,False,ok,
2025-01-01T00:04:31,sensor_1,Normal,HIGH,ensemble_voting_consensus,0.029600011184811592,0.15038493275642395,False,0.2512724534230482,,,False,ok,
2025-01-01T00:04:34,sensor_1,Normal,HIGH,ensemble_voting_consensus,0.02496001124382019,0.15038493275642395,False,0.23873350792124212,,,False,ok,
2025-01-01T00:04:37,sensor_1,Normal,HIGH,ensemble_voting_consensus,0.027402592822909355,0.15038493275642395,False,0.18120422060721753,,,False,ok,
2025-01-01T00:04:40,sensor_1,Normal,HIGH,ensemble_voting_consensus,0.02792440541088581,0.15038493275642395,False,0.21266746900149097,,,False,ok,
2025-01-01T00:04:43,sensor_1,Normal,HIGH,ensemble_voting_consensus,0.026567252352833748,0.15038493275642395,False,0.23083868233793425,,,False,ok,
2025-01-01T00:04:46,sensor_1,Normal,HIGH,ensemble_voting_consensus,0.027312999591231346,0.15038493275642395,False,0.2137015994359733,,,False,ok,
2025-01-01T00:04:49,sensor_1,Normal,HIGH,ensemble_voting_consensus,0.027636397629976273,0.15038493275642395,False,0.20211449114130234,,,False,ok,
2025-01-01T00:04:52,sensor_1,Normal,HIGH,ensemble_voting_consensus,0.02847093529999256,0.15038493275642395,False,0.19169019779787091,,,False,ok,
2025-01-01T00:04:55,sensor_1,Normal,HIGH,ensemble_voting_consensus,0.02710174210369587,0.15038493275642395,False,0.17349775928092817,,,False,ok,
2025-01-01T00:04:58,sensor_1,Normal,HIGH,ensemble_voting_consensus,0.027880068868398666,0.15038493275642395,False,0.2115057409481273,,,False,ok,
2025-01-01T00:05:01,sensor_1,Normal,HIGH,ensemble_voting_consensus,0.030396001413464546,0.15038493275642395,False,0.2195435705837363,,,False,ok,
2025-01-01T00:05:04,sensor_1,Normal,HIGH,ensemble_voting_consensus,0.030812671408057213,0.15038493275642395,False,0.23854225978622065,,,False,ok,
2025-01-01T00:05:07,sensor_1,Normal,HIGH,ensemble_voting_consensus,0.030832085758447647,0.15038493275642395,False,0.20647755167943346,,,False,ok,
2025-01-01T00:05:10,sensor_1,Normal,HIGH,ensemble_voting_consensus,0.030304821208119392,0.15038493275642395,False,0.2022659771633342,,,False,ok,
2025-01-01T00:05:13,sensor_1,Normal,HIGH,ensemble_voting_consensus,0.029286693781614304,0.15038493275642395,False,0.2586302304887111,,,False,ok,
2025-01-01T00:05:16,sensor_1,Normal,HIGH,ensemble_voting_consensus,0.03073786571621895,0.15038493275642395,False,0.2809914035275926,,,False,ok,
2025-01-01T00:05:19,sensor_1,Normal,HIGH,ensemble_voting_consensus,0.02958252839744091,0.15038493275642395,False,0.28098043651829385,,,False,ok,
2025-01-01T00:05:22,sensor_1,Normal,HIGH,ensemble_voting_consensus,0.030005650594830513,0.15038493275642395,False,0.213410922522471,,,False,ok,
2025-01-01T00:05:25,sensor_1,Normal,HIGH,ensemble_voting_consensus,0.028238410130143166,0.15038493275642395,False,0.21315419209444894,,,False,ok,
2025-01-01T00:05:28,sensor_1,Normal,HIGH,ensemble_voting_consensus,0.030908171087503433,0.15038493275642395,False,0.27815609560574844,,,False,ok,
2025-01-01T00:05:31,sensor_1,Normal,HIGH,ensemble_voting_consensus,0.03452849015593529,0.15038493275642395,False,0.29657562592832726,,,False,ok,
2025-01-01T00:05:34,sensor_1,Normal,HIGH,ensemble_voting_consensus,0.035461317747831345,0.15038493275642395,False,0.333442326105955,,,False,ok,
2025-01-01T00:05:37,sensor_1,Normal,HIGH,ensemble_voting_consensus,0.032144609838724136,0.15038493275642395,False,0.40006047085550733,,,False,ok,
2025-01-01T00:05:40,sensor_1,Normal,HIGH,ensemble_voting_consensus,0.0321088507771492,0.15038493275642395,False,0.38016771935335947,,,False,ok,
2025-01-01T00:05:43,sensor_1,Normal,HIGH,ensemble_voting_consensus,0.03325970098376274,0.15038493275642395,False,0.37290288603602784,,,False,ok,
2025-01-01T00:05:46,sensor_1,Normal,HIGH,ensemble_voting_consensus,0.0312426146119833,0.15038493275642395,False,0.31533136472522033,,,False,ok,
2025-01-01T00:05:49,sensor_1,Normal,HIGH,ensemble_voting_consensus,0.032115641981363297,0.15038493275642395,False,0.2648368051628078,,,False,ok,
2025-01-01T00:05:52,sensor_1,Normal,HIGH,ensemble_voting_consensus,0.030204590409994125,0.15038493275642395,False,0.25465049903483117,,,False,ok,
2025-01-01T00:05:55,sensor_1,Normal,HIGH,ensemble_voting_consensus,0.03180454298853874,0.15038493275642395,False,0.2617784768882985,,,False,ok,
2025-01-01T00:05:58,sensor_1,Normal,HIGH,ensemble_voting_consensus,0.031752221286296844,0.15038493275642395,False,0.24300915731937364,,,False,ok,
2025-01-01T00:06:01,sensor_1,Normal,HIGH,ensemble_voting_consensus,0.03261442482471466,0.15038493275642395,False,0.24176401882282356,,,False,ok,
2025-01-01T00:06:04,sensor_1,Normal,HIGH,ensemble_voting_consensus,0.0332803800702095,0.15038493275642395,False,0.2372654512909914,,,False,ok,
2025-01-01T00:06:07,sensor_1,Normal,HIGH,ensemble_voting_consensus,0.031379301100969315,0.15038493275642395,False,0.29092624033315406,,,False,ok,
2025-01-01T00:06:10,sensor_1,Normal,HIGH,ensemble_voting_consensus,0.031034298241138458,0.15038493275642395,False,0.34561984517475136,,,False,ok,
2025-01-01T00:06:13,sensor_1,Normal,HIGH,ensemble_voting_consensus,0.030889935791492462,0.15038493275642395,False,0.3416828937945922,,,False,ok,
2025-01-01T00:06:16,sensor_1,Normal,HIGH,ensemble_voting_consensus,0.030969563871622086,0.15038493275642395,False,0.344452066849772,,,False,ok,
2025-01-01T00:06:19,sensor_1,Normal,HIGH,ensemble_voting_consensus,0.030925534665584564,0.15038493275642395,False,0.35781154859288855,,,False,ok,
2025-01-01T00:06:22,sensor_1,Normal,HIGH,ensemble_voting_consensus,0.03070916049182415,0.15038493275642395,False,0.36486893726098996,,,False,ok,
2025-01-01T00:06:25,sensor_1,Normal,HIGH,ensemble_voting_consensus,0.03266400843858719,0.15038493275642395,False,0.3417473659165803,,,False,ok,
2025-01-01T00:06:28,sensor_1,Normal,HIGH,ensemble_voting_consensus,0.03031577728688717,0.15038493275642395,False,0.2643769374931891,,,False,ok,
2025-01-01T00:06:31,sensor_1,Normal,HIGH,ensemble_voting_consensus,0.03259067237377167,0.15038493275642395,False,0.20936825488895908,,,False,ok,
2025-01-01T00:06:34,sensor_1,Normal,HIGH,ensemble_voting_consensus,0.028291532769799232,0.15038493275642395,False,0.25992943936268464,,,False,ok,
2025-01-01T00:06:37,sensor_1,Normal,HIGH,ensemble_voting_consensus,0.02750965766608715,0.15038493275642395,False,0.254067853055356,,,False,ok,
2025-01-01T00:06:40,sensor_1,Normal,HIGH,ensemble_voting_consensus,0.027018288150429726,0.15038493275642395,False,0.27482537089248293,,,False,ok,
2025-01-01T00:06:43,sensor_1,Normal,HIGH,ensemble_voting_consensus,0.025830131024122238,0.15038493275642395,False,0.2589407167584593,,,False,ok,
2025-01-01T00:06:46,sensor_1,Normal,HIGH,ensemble_voting_consensus,0.026379378512501717,0.15038493275642395,False,0.3084396498014039,,,False,ok,
2025-01-01T00:06:49,sensor_1,Normal,HIGH,ensemble_voting_consensus,0.029977671802043915,0.15038493275642395,False,0.33072970756098163,,,False,ok,
2025-01-01T00:06:52,sensor_1,Normal,HIGH,ensemble_voting_consensus,0.02804184891283512,0.15038493275642395,False,0.24872037956675092,,,False,ok,
2025-01-01T00:06:55,sensor_1,Normal,HIGH,ensemble_voting_consensus,0.02846381813287735,0.15038493275642395,False,0.22733297778917858,,,False,ok,
2025-01-01T00:06:58,sensor_1,Normal,HIGH,ensemble_voting_consensus,0.02699773572385311,0.15038493275642395,False,0.23859305271888456,,,False,ok,
2025-01-01T00:07:01,sensor_1,Normal,HIGH,ensemble_voting_consensus,0.02372812293469906,0.15038493275642395,False,0.2470429141824199,,,False,ok,
2025-01-01T00:07:04,sensor_1,Normal,HIGH,ensemble_voting_consensus,0.024670375511050224,0.15038493275642395,False,0.2767025724611964,,,False,ok,
2025-01-01T00:07:07,sensor_1,Normal,HIGH,ensemble_voting_consensus,0.02425788901746273,0.15038493275642395,False,0.2626150161573364,,,False,ok,
2025-01-01T00:07:10,sensor_1,Normal,HIGH,ensemble_voting_consensus,0.023878512904047966,0.15038493275642395,False,0.2868253596741419,,,False,ok,
2025-01-01T00:07:13,sensor_1,Normal,HIGH,ensemble_voting_consensus,0.02600214071571827,0.15038493275642395,False,0.2577881741701752,,,False,ok,
2025-01-01T00:07:16,sensor_1,Normal,HIGH,ensemble_voting_consensus,0.02418556995689869,0.15038493275642395,False,0.2279312180205975,,,False,ok,
2025-01-01T00:07:19,sensor_1,Normal,HIGH,ensemble_voting_consensus,0.02508590556681156,0.15038493275642395,False,0.2199652282379992,,,False,ok,
2025-01-01T00:07:22,sensor_1,Normal,HIGH,ensemble_voting_consensus,0.02503725327551365,0.15038493275642395,False,0.228841877346599,,,False,ok,
2025-01-01T00:07:25,sensor_1,Normal,HIGH,ensemble_voting_consensus,0.023908885195851326,0.15038493275642395,False,0.2268346639529603,,,False,ok,
2025-01-01T00:07:28,sensor_1,Normal,HIGH,ensemble_voting_consensus,0.023454638198018074,0.15038493275642395,False,0.24015077582670982,,,False,ok,
2025-01-01T00:07:31,sensor_1,Normal,HIGH,ensemble_voting_consensus,0.02574247680604458,0.15038493275642395,False,0.25806125202481756,,,False,ok,
2025-01-01T00:07:34,sensor_1,Normal,HIGH,ensemble_voting_consensus,0.021792272105813026,0.15038493275642395,False,0.2399736775628746,,,False,ok,
2025-01-01T00:07:37,sensor_1,Normal,HIGH,ensemble_voting_consensus,0.021685099229216576,0.15038493275642395,False,0.28133572678295543,,,False,ok,
2025-01-01T00:07:40,sensor_1,Normal,HIGH,ensemble_voting_consensus,0.02124997042119503,0.15038493275642395,False,0.2851619153845642,,,False,ok,
2025-01-01T00:07:43,sensor_1,Normal,HIGH,ensemble_voting_consensus,0.024067524820566177,0.15038493275642395,False,0.25239806888208455,,,False,ok,
2025-01-01T00:07:46,sensor_1,Normal,HIGH,ensemble_voting_consensus,0.025062205269932747,0.15038493275642395,False,0.2515023194402534,,,False,ok,
2025-01-01T00:07:49,sensor_1,Normal,HIGH,ensemble_voting_consensus,0.025545841082930565,0.15038493275642395,False,0.31073666762698,,,False,ok,
2025-01-01T00:07:52,sensor_1,Normal,HIGH,ensemble_voting_consensus,0.024238159880042076,0.15038493275642395,False,0.30080927879078795,,,False,ok,
2025-01-01T00:07:55,sensor_1,Normal,HIGH,ensemble_voting_consensus,0.024889593943953514,0.15038493275642395,False,0.3024392433251615,,,False,ok,
2025-01-01T00:07:58,sensor_1,Normal,HIGH,ensemble_voting_consensus,0.02313203550875187,0.15038493275642395,False,0.30831089033770803,,,False,ok,
2025-01-01T00:08:01,sensor_1,Normal,HIGH,ensemble_voting_consensus,0.023162273690104485,0.15038493275642395,False,0.2822600043164703,,,False,ok,
2025-01-01T00:08:04,sensor_1,Normal,HIGH,ensemble_voting_consensus,0.025163285434246063,0.15038493275642395,False,0.23592826661936567,,,False,ok,
2025-01-01T00:08:07,sensor_1,Normal,HIGH,ensemble_voting_consensus,0.024593377485871315,0.15038493275642395,False,0.24879848593473006,,,False,ok,
2025-01-01T00:08:10,sensor_1,Normal,HIGH,ensemble_voting_consensus,0.026971902698278427,0.15038493275642395,False,0.23803562543200785,,,False,ok,
2025-01-01T00:08:13,sensor_1,Normal,HIGH,ensemble_voting_consensus,0.025884749367833138,0.15038493275642395,False,0.2626929845453121,,,False,ok,
2025-01-01T00:08:16,sensor_1,Normal,HIGH,ensemble_voting_consensus,0.02534358762204647,0.15038493275642395,False,0.27589368522002766,,,False,ok,
2025-01-01T00:08:19,sensor_1,Normal,HIGH,ensemble_voting_consensus,0.022937843576073647,0.15038493275642395,False,0.25926365258889217,,,False,ok,
2025-01-01T00:08:22,sensor_1,Normal,HIGH,ensemble_voting_consensus,0.024234579876065254,0.15038493275642395,False,0.3080919704669258,,,False,ok,
2025-01-01T00:08:25,sensor_1,Normal,HIGH,ensemble_voting_consensus,0.021348929032683372,0.15038493275642395,False,0.3074226237718335,,,False,ok,
2025-01-01T00:08:28,sensor_1,Normal,HIGH,ensemble_voting_consensus,0.022139858454465866,0.15038493275642395,False,0.24357323154010557,,,False,ok,
2025-01-01T00:08:31,sensor_1,Normal,HIGH,ensemble_voting_consensus,0.024035047739744186,0.15038493275642395,False,0.2752123342346907,,,False,ok,
2025-01-01T00:08:34,sensor_1,Normal,HIGH,ensemble_voting_consensus,0.02242910861968994,0.15038493275642395,False,0.2564815472715858,,,False,ok,
2025-01-01T00:08:37,sensor_1,Normal,HIGH,ensemble_voting_consensus,0.022684412077069283,0.15038493275642395,False,0.2553961833030168,,,False,ok,
2025-01-01T00:08:40,sensor_1,Normal,HIGH,ensemble_voting_consensus,0.02166331559419632,0.15038493275642395,False,0.23320676379354416,,,False,ok,
2025-01-01T00:08:43,sensor_1,Normal,HIGH,ensemble_voting_consensus,0.0225032027810812,0.15038493275642395,False,0.22265331315506054,,,False,ok,
2025-01-01T00:08:46,sensor_1,Normal,HIGH,ensemble_voting_consensus,0.02341315895318985,0.15038493275642395,False,0.22531262418067377,,,False,ok,
2025-01-01T00:08:49,sensor_1,Normal,HIGH,ensemble_voting_consensus,0.02262655831873417,0.15038493275642395,False,0.24011899482312618,,,False,ok,
2025-01-01T00:08:52,sensor_1,Normal,HIGH,ensemble_voting_consensus,0.021490423008799553,0.15038493275642395,False,0.23257153616535808,,,False,ok,
2025-01-01T00:08:55,sensor_1,Normal,HIGH,ensemble_voting_consensus,0.02438470907509327,0.15038493275642395,False,0.23750194240951952,,,False,ok,
2025-01-01T00:08:58,sensor_1,Normal,HIGH,ensemble_voting_consensus,0.0265654344111681,0.15038493275642395,False,0.2715283139393588,,,False,ok,
2025-01-01T00:09:01,sensor_1,Normal,HIGH,ensemble_voting_consensus,0.024064820259809494,0.15038493275642395,False,0.2637523734969293,,,False,ok,
2025-01-01T00:09:04,sensor_1,Normal,HIGH,ensemble_voting_consensus,0.024531077593564987,0.15038493275642395,False,0.27420041782886706,,,False,ok,
2025-01-01T00:09:07,sensor_1,Normal,HIGH,ensemble_voting_consensus,0.025713713839650154,0.15038493275642395,False,0.25032386148179614,,,False,ok,
2025-01-01T00:09:10,sensor_1,Normal,HIGH,ensemble_voting_consensus,0.023843824863433838,0.15038493275642395,False,0.21467869457805264,,,False,ok,
2025-01-01T00:09:13,sensor_1,Normal,HIGH,ensemble_voting_consensus,0.023206638172268867,0.15038493275642395,False,0.24224479279890365,,,False,ok,
2025-01-01T00:09:16,sensor_1,Normal,HIGH,ensemble_voting_consensus,0.024545330554246902,0.15038493275642395,False,0.24250590349341097,,,False,ok,
2025-01-01T00:09:19,sensor_1,Normal,HIGH,ensemble_voting_consensus,0.02301345393061638,0.15038493275642395,False,0.3131758762692595,,,False,ok,
2025-01-01T00:09:22,sensor_1,Normal,HIGH,ensemble_voting_consensus,0.023639976978302002,0.15038493275642395,False,0.31452525156433425,,,False,ok,
2025-01-01T00:09:25,sensor_1,Normal,HIGH,ensemble_voting_consensus,0.024440066888928413,0.15038493275642395,False,0.3108910332480771,,,False,ok,
2025-01-01T00:09:28,sensor_1,Normal,HIGH,ensemble_voting_consensus,0.022775819525122643,0.15038493275642395,False,0.3113876297903234,,,False,ok,
2025-01-01T00:09:31,sensor_1,Normal,HIGH,ensemble_voting_consensus,0.02247624844312668,0.15038493275642395,False,0.35694658089462994,,,False,ok,
2025-01-01T00:09:34,sensor_1,Normal,HIGH,ensemble_voting_consensus,0.024364877492189407,0.15038493275642395,False,0.34423153139925433,,,False,ok,
2025-01-01T00:09:37,sensor_1,Normal,HIGH,ensemble_voting_consensus,0.030233094468712807,0.15038493275642395,False,0.3185846389475366,,,False,ok,
2025-01-01T00:09:40,sensor_1,Normal,HIGH,ensemble_voting_consensus,0.027274901047348976,0.15038493275642395,False,0.3133133040079898,,,False,ok,
2025-01-01T00:09:43,sensor_1,Normal,HIGH,ensemble_voting_consensus,0.02730700373649597,0.15038493275642395,False,0.29966854834807516,,,False,ok,
2025-01-01T00:09:46,sensor_1,Normal,HIGH,ensemble_voting_consensus,0.029788849875330925,0.15038493275642395,False,0.3202254018835686,,,False,ok,
2025-01-01T00:09:49,sensor_1,Normal,HIGH,ensemble_voting_consensus,0.030886458232998848,0.15038493275642395,False,0.29658372772066594,,,False,ok,
2025-01-01T00:09:52,sensor_1,Normal,HIGH,ensemble_voting_consensus,0.02907179668545723,0.15038493275642395,False,0.27185252997295606,,,False,ok,
2025-01-01T00:09:55,sensor_1,Normal,HIGH,ensemble_voting_consensus,0.030337344855070114,0.15038493275642395,False,0.2916626589782144,,,False,ok,
2025-01-01T00:09:58,sensor_1,Normal,HIGH,ensemble_voting_consensus,0.02820109948515892,0.15038493275642395,False,0.2753114592209707,,,False,ok,
2025-01-01T00:10:01,sensor_1,Normal,HIGH,ensemble_voting_consensus,0.030346333980560303,0.15038493275642395,False,0.319431197256492,,,False,ok,
2025-01-01T00:10:04,sensor_1,Normal,HIGH,ensemble_voting_consensus,0.031239058822393417,0.15038493275642395,False,0.29662327459816623,,,False,ok,
2025-01-01T00:10:07,sensor_1,Normal,HIGH,ensemble_voting_consensus,0.029910562559962273,0.15038493275642395,False,0.28415072118936463,,,False,ok,
2025-01-01T00:10:10,sensor_1,Normal,HIGH,ensemble_voting_consensus,0.029636714607477188,0.15038493275642395,False,0.2683619918811128,,,False,ok,
2025-01-01T00:10:13,sensor_1,Normal,HIGH,ensemble_voting_consensus,0.031285360455513,0.15038493275642395,False,0.23612398341543683,,,False,ok,
2025-01-01T00:10:16,sensor_1,Normal,HIGH,ensemble_voting_consensus,0.03058168664574623,0.15038493275642395,False,0.22259118711266657,,,False,ok,
2025-01-01T00:10:19,sensor_1,Normal,HIGH,ensemble_voting_consensus,0.03146641328930855,0.15038493275642395,False,0.2209212002206352,,,False,ok,
2025-01-01T00:10:22,sensor_1,Normal,HIGH,ensemble_voting_consensus,0.029636887833476067,0.15038493275642395,False,0.22315134695519992,,,False,ok,
2025-01-01T00:10:25,sensor_1,Normal,HIGH,ensemble_voting_consensus,0.031001323834061623,0.15038493275642395,False,0.2137908924884662,,,False,ok,
2025-01-01T00:10:28,sensor_1,Normal,HIGH,ensemble_voting_consensus,0.029188672080636024,0.15038493275642395,False,0.27125816368977657,,,False,ok,
2025-01-01T00:10:31,sensor_1,Normal,HIGH,ensemble_voting_consensus,0.03070991113781929,0.15038493275642395,False,0.2845830191811588,,,False,ok,
2025-01-01T00:10:34,sensor_1,Normal,HIGH,ensemble_voting_consensus,0.029758509248495102,0.15038493275642395,False,0.29924907979659027,,,False,ok,
2025-01-01T00:10:37,sensor_1,Normal,HIGH,ensemble_voting_consensus,0.026627061888575554,0.15038493275642395,False,0.25195719873527134,,,False,ok,
2025-01-01T00:10:40,sensor_1,Normal,HIGH,ensemble_voting_consensus,0.02925417572259903,0.15038493275642395,False,0.24667211410633985,,,False,ok,
2025-01-01T00:10:43,sensor_1,Normal,HIGH,ensemble_voting_consensus,0.029025234282016754,0.15038493275642395,False,0.22807663314897283,,,False,ok,
2025-01-01T00:10:46,sensor_1,Normal,HIGH,ensemble_voting_consensus,0.029192358255386353,0.15038493275642395,False,0.24024147735771284,,,False,ok,
2025-01-01T00:10:49,sensor_1,Normal,HIGH,ensemble_voting_consensus,0.027550144121050835,0.15038493275642395,False,0.2783263874499345,,,False,ok,
2025-01-01T00:10:52,sensor_1,Normal,HIGH,ensemble_voting_consensus,0.027668530121445656,0.15038493275642395,False,0.2796757507604845,,,False,ok,
2025-01-01T00:10:55,sensor_1,Normal,HIGH,ensemble_voting_consensus,0.027124842628836632,0.15038493275642395,False,0.2677355170105397,,,False,ok,
2025-01-01T00:10:58,sensor_1,Normal,HIGH,ensemble_voting_consensus,0.028868626803159714,0.15038493275642395,False,0.2667175902797343,,,False,ok,
2025-01-01T00:11:01,sensor_1,Normal,HIGH,ensemble_voting_consensus,0.02939029410481453,0.15038493275642395,False,0.30664440240412044,,,False,ok,
2025-01-01T00:11:04,sensor_1,Normal,HIGH,ensemble_voting_consensus,0.025455674156546593,0.15038493275642395,False,0.29084243165146295,,,False,ok,
2025-01-01T00:11:07,sensor_1,Normal,HIGH,ensemble_voting_consensus,0.023435527458786964,0.15038493275642395,False,0.2519772353038961,,,False,ok,
2025-01-01T00:11:10,sensor_1,Normal,HIGH,ensemble_voting_consensus,0.025051601231098175,0.15038493275642395,False,0.2596235882195775,,,False,ok,
2025-01-01T00:11:13,sensor_1,Normal,HIGH,ensemble_voting_consensus,0.023398859426379204,0.15038493275642395,False,0.254518974031981,,,False,ok,
2025-01-01T00:11:16,sensor_1,Normal,HIGH,ensemble_voting_consensus,0.024374183267354965,0.15038493275642395,False,0.26039692310938456,,,False,ok,
2025-01-01T00:11:19,sensor_1,Normal,HIGH,ensemble_voting_consensus,0.023929420858621597,0.15038493275642395,False,0.2793464113182813,,,False,ok,
2025-01-01T00:11:22,sensor_1,Normal,HIGH,ensemble_voting_consensus,0.024759355932474136,0.15038493275642395,False,0.22040473476248007,,,False,ok,
2025-01-01T00:11:25,sensor_1,Normal,HIGH,ensemble_voting_consensus,0.025318847969174385,0.15038493275642395,False,0.21955211128857607,,,False,ok,
2025-01-01T00:11:28,sensor_1,Normal,HIGH,ensemble_voting_consensus,0.026139747351408005,0.15038493275642395,False,0.27332180997043853,,,False,ok,
2025-01-01T00:11:31,sensor_1,Normal,HIGH,ensemble_voting_consensus,0.024779589846730232,0.15038493275642395,False,0.2718051568673031,,,False,ok,
2025-01-01T00:11:34,sensor_1,Normal,HIGH,ensemble_voting_consensus,0.02298898622393608,0.15038493275642395,False,0.26964531087344845,,,False,ok,
2025-01-01T00:11:37,sensor_1,Normal,HIGH,ensemble_voting_consensus,0.024034572765231133,0.15038493275642395,False,0.30695703260491136,,,False,ok,
2025-01-01T00:11:40,sensor_1,Normal,HIGH,ensemble_voting_consensus,0.02731015719473362,0.15038493275642395,False,0.2668280898660732,,,False,ok,
2025-01-01T00:11:43,sensor_1,Normal,HIGH,ensemble_voting_consensus,0.026407428085803986,0.15038493275642395,False,0.30165840316767417,,,False,ok,
2025-01-01T00:11:46,sensor_1,Normal,HIGH,ensemble_voting_consensus,0.02395421639084816,0.15038493275642395,False,0.28591404865253955,,,False,ok,
2025-01-01T00:11:49,sensor_1,Normal,HIGH,ensemble_voting_consensus,0.02775256521999836,0.15038493275642395,False,0.3073185455567209,,,False,ok,
2025-01-01T00:11:52,sensor_1,Normal,HIGH,ensemble_voting_consensus,0.028888963162899017,0.15038493275642395,False,0.3112722772982736,,,False,ok,
2025-01-01T00:11:55,sensor_1,Normal,HIGH,ensemble_voting_consensus,0.02700798399746418,0.15038493275642395,False,0.2867245998697436,,,False,ok,
2025-01-01T00:11:58,sensor_1,Normal,HIGH,ensemble_voting_consensus,0.027460360899567604,0.15038493275642395,False,0.30195336260269984,,,False,ok,
2025-01-01T00:12:01,sensor_1,Normal,HIGH,ensemble_voting_consensus,0.02844003029167652,0.15038493275642395,False,0.26123467169823517,,,False,ok,
2025-01-01T00:12:04,sensor_1,Normal,HIGH,ensemble_voting_consensus,0.02779809758067131,0.15038493275642395,False,0.22227124685387054,,,False,ok,
2025-01-01T00:12:07,sensor_1,Normal,HIGH,ensemble_voting_consensus,0.027024174109101295,0.15038493275642395,False,0.2155430276487606,,,False,ok,
2025-01-01T00:12:10,sensor_1,Normal,HIGH,ensemble_voting_consensus,0.027876345440745354,0.15038493275642395,False,0.2391850718062708,,,False,ok,
2025-01-01T00:12:13,sensor_1,Normal,HIGH,ensemble_voting_consensus,0.028000133112072945,0.15038493275642395,False,0.23993940605966116,,,False,ok,
2025-01-01T00:12:16,sensor_1,Normal,HIGH,ensemble_voting_consensus,0.028696803376078606,0.15038493275642395,False,0.27501699047402284,,,False,ok,
2025-01-01T00:12:19,sensor_1,Normal,HIGH,ensemble_voting_consensus,0.028418319299817085,0.15038493275642395,False,0.24676759555472508,,,False,ok,
2025-01-01T00:12:22,sensor_1,Normal,HIGH,ensemble_voting_consensus,0.029093949124217033,0.15038493275642395,False,0.25405768562422504,,,False,ok,
2025-01-01T00:12:25,sensor_1,Normal,HIGH,ensemble_voting_consensus,0.031121693551540375,0.15038493275642395,False,0.25827381047581816,,,False,ok,
2025-01-01T00:12:28,sensor_1,Normal,HIGH,ensemble_voting_consensus,0.030693870037794113,0.15038493275642395,False,0.27705642353762244,,,False,ok,
2025-01-01T00:12:31,sensor_1,Normal,HIGH,ensemble_voting_consensus,0.031080078333616257,0.15038493275642395,False,0.29324521847919405,,,False,ok,
2025-01-01T00:12:34,sensor_1,Normal,HIGH,ensemble_voting_consensus,0.03064815327525139,0.15038493275642395,False,0.29037784595968513,,,False,ok,
2025-01-01T00:12:37,sensor_1,Normal,HIGH,ensemble_voting_consensus,0.028870610520243645,0.15038493275642395,False,0.2791645067109412,,,False,ok,
2025-01-01T00:12:40,sensor_1,Normal,HIGH,ensemble_voting_consensus,0.02915690653026104,0.15038493275642395,False,0.2788975551259846,,,False,ok,
2025-01-01T00:12:43,sensor_1,Normal,HIGH,ensemble_voting_consensus,0.026973508298397064,0.15038493275642395,False,0.2821998408848419,,,False,ok,
2025-01-01T00:12:46,sensor_1,Normal,HIGH,ensemble_voting_consensus,0.03252147510647774,0.15038493275642395,False,0.3257710754087099,,,False,ok,
2025-01-01T00:12:49,sensor_1,Normal,HIGH,ensemble_voting_consensus,0.031992778182029724,0.15038493275642395,False,0.34399116745731423,,,False,ok,
2025-01-01T00:12:52,sensor_1,Normal,HIGH,ensemble_voting_consensus,0.031007500365376472,0.15038493275642395,False,0.3377347240588038,,,False,ok,
2025-01-01T00:12:55,sensor_1,Normal,HIGH,ensemble_voting_consensus,0.03288089856505394,0.15038493275642395,False,0.33139442153186704,,,False,ok,
2025-01-01T00:12:58,sensor_1,Normal,HIGH,ensemble_voting_consensus,0.03235838562250137,0.15038493275642395,False,0.2930737348088813,,,False,ok,
2025-01-01T00:13:01,sensor_1,Normal,HIGH,ensemble_voting_consensus,0.033529672771692276,0.15038493275642395,False,0.277395811156604,,,False,ok,
2025-01-01T00:13:04,sensor_1,Normal,HIGH,ensemble_voting_consensus,0.03252926468849182,0.15038493275642395,False,0.2740369153790343,,,False,ok,
2025-01-01T00:13:07,sensor_1,Normal,HIGH,ensemble_voting_consensus,0.032400719821453094,0.15038493275642395,False,0.2653709622571866,,,False,ok,
2025-01-01T00:13:10,sensor_1,Normal,HIGH,ensemble_voting_consensus,0.033154066652059555,0.15038493275642395,False,0.2329365184119086,,,False,ok,
2025-01-01T00:13:13,sensor_1,Normal,HIGH,ensemble_voting_consensus,0.031735751777887344,0.15038493275642395,False,0.24299600178221792,,,False,ok,
2025-01-01T00:13:16,sensor_1,Normal,HIGH,ensemble_voting_consensus,0.027686718851327896,0.15038493275642395,False,0.24036698759305453,,,False,ok,
2025-01-01T00:13:19,sensor_1,Normal,HIGH,ensemble_voting_consensus,0.02858739346265793,0.15038493275642395,False,0.23271033110622796,,,False,ok,
2025-01-01T00:13:22,sensor_1,Normal,HIGH,ensemble_voting_consensus,0.029515832662582397,0.15038493275642395,False,0.23101850466475862,,,False,ok,
2025-01-01T00:13:25,sensor_1,Normal,HIGH,ensemble_voting_consensus,0.028411002829670906,0.15038493275642395,False,0.21064010460941776,,,False,ok,
2025-01-01T00:13:28,sensor_1,Normal,HIGH,ensemble_voting_consensus,0.02957838773727417,0.15038493275642395,False,0.20250311187426906,,,False,ok,
2025-01-01T00:13:31,sensor_1,Normal,HIGH,ensemble_voting_consensus,0.027598459273576736,0.15038493275642395,False,0.19935065172221536,,,False,ok,
2025-01-01T00:13:34,sensor_1,Normal,HIGH,ensemble_voting_consensus,0.026433603838086128,0.15038493275642395,False,0.22497510998258619,,,False,ok,
2025-01-01T00:13:37,sensor_1,Normal,HIGH,ensemble_voting_consensus,0.02849530428647995,0.15038493275642395,False,0.22691029056466702,,,False,ok,
2025-01-01T00:13:40,sensor_1,Normal,HIGH,ensemble_voting_consensus,0.025423582643270493,0.15038493275642395,False,0.2321606857411926,,,False,ok,
2025-01-01T00:13:43,sensor_1,Normal,HIGH,ensemble_voting_consensus,0.024390507489442825,0.15038493275642395,False,0.22360894315024057,,,False,ok,
2025-01-01T00:13:46,sensor_1,Normal,HIGH,ensemble_voting_consensus,0.026467224583029747,0.15038493275642395,False,0.22117004858318978,,,False,ok,
2025-01-01T00:13:49,sensor_1,Normal,HIGH,ensemble_voting_consensus,0.027269570156931877,0.15038493275642395,False,0.21963076228499762,,,False,ok,
2025-01-01T00:13:52,sensor_1,Normal,HIGH,ensemble_voting_consensus,0.026875020936131477,0.15038493275642395,False,0.2528837934161029,,,False,ok,
2025-01-01T00:13:55,sensor_1,Normal,HIGH,ensemble_voting_consensus,0.022544579580426216,0.15038493275642395,False,0.29068236624287475,,,False,ok,
2025-01-01T00:13:58,sensor_1,Normal,HIGH,ensemble_voting_consensus,0.024111760780215263,0.15038493275642395,False,0.23281253859068632,,,False,ok,
2025-01-01T00:14:01,sensor_1,Normal,HIGH,ensemble_voting_consensus,0.023171313107013702,0.15038493275642395,False,0.23138870254460625,,,False,ok,
2025-01-01T00:14:04,sensor_1,Normal,HIGH,ensemble_voting_consensus,0.026614423841238022,0.15038493275642395,False,0.15674341211738416,,,False,ok,
2025-01-01T00:14:07,sensor_1,Normal,HIGH,ensemble_voting_consensus,0.027520906180143356,0.15038493275642395,False,0.15146477337586953,,,False,ok,
2025-01-01T00:14:10,sensor_1,Normal,HIGH,ensemble_voting_consensus,0.02391699329018593,0.15038493275642395,False,0.18485079260874365,,,False,ok,
2025-01-01T00:14:13,sensor_1,Normal,HIGH,ensemble_voting_consensus,0.024219054728746414,0.15038493275642395,False,0.20813563796695383,,,False,ok,
2025-01-01T00:14:16,sensor_1,Normal,HIGH,ensemble_voting_consensus,0.022235753014683723,0.15038493275642395,False,0.20349667141214167,,,False,ok,
2025-01-01T00:14:19,sensor_1,Normal,HIGH,ensemble_voting_consensus,0.023265531286597252,0.15038493275642395,False,0.20230092609161918,,,False,ok,
2025-01-01T00:14:22,sensor_1,Normal,HIGH,ensemble_voting_consensus,0.02352534607052803,0.15038493275642395,False,0.19162265629492406,,,False,ok,
2025-01-01T00:14:25,sensor_1,Normal,HIGH,ensemble_voting_consensus,0.021379966288805008,0.15038493275642395,False,0.20042801464807927,,,False,ok,
2025-01-01T00:14:28,sensor_1,Normal,HIGH,ensemble_voting_consensus,0.018310947343707085,0.15038493275642395,False,0.356677343356899,,,False,ok,
2025-01-01T00:14:31,sensor_1,Normal,HIGH,ensemble_voting_consensus,0.019104432314634323,0.15038493275642395,False,0.3343075934847923,,,False,ok,
2025-01-01T00:14:34,sensor_1,Normal,HIGH,ensemble_voting_consensus,0.01993093639612198,0.15038493275642395,False,0.33538129786790283,,,False,ok,
2025-01-01T00:14:37,sensor_1,Normal,HIGH,ensemble_voting_consensus,0.0201443899422884,0.15038493275642395,False,0.3435280136289154,,,False,ok,
2025-01-01T00:14:40,sensor_1,Normal,HIGH,ensemble_voting_consensus,0.022570153698325157,0.15038493275642395,False,0.34960891158081076,,,False,ok,
2025-01-01T00:14:43,sensor_1,Normal,HIGH,ensemble_voting_consensus,0.021419532597064972,0.15038493275642395,False,0.3125289625022976,,,False,ok,
2025-01-01T00:14:46,sensor_1,Normal,HIGH,ensemble_voting_consensus,0.020722974091768265,0.15038493275642395,False,0.3048554653437307,,,False,ok,
2025-01-01T00:14:49,sensor_1,Normal,HIGH,ensemble_voting_consensus,0.020824750885367393,0.15038493275642395,False,0.26798650900956833,,,False,ok,
2025-01-01T00:14:52,sensor_1,Normal,HIGH,ensemble_voting_consensus,0.022904930636286736,0.15038493275642395,False,0.30109620350924104,,,False,ok,
2025-01-01T00:14:55,sensor_1,Normal,HIGH,ensemble_voting_consensus,0.02380991540849209,0.15038493275642395,False,0.30536910132959055,,,False,ok,
2025-01-01T00:14:58,sensor_1,Normal,HIGH,ensemble_voting_consensus,0.0245797261595726,0.15038493275642395,False,0.3186363672347723,,,False,ok,
2025-01-01T00:15:01,sensor_1,Injection Attack,HIGH,rule_engine,0.03252743184566498,0.15038493275642395,False,0.3409101324292934,,,False,ok,
2025-01-01T00:15:04,sensor_1,Injection Attack,HIGH,rule_engine,0.04097922891378403,0.15038493275642395,False,0.19567287796790708,,,False,ok,
2025-01-01T00:15:07,sensor_1,Injection Attack,HIGH,rule_engine,0.044747497886419296,0.15038493275642395,False,0.23728588953725308,,,False,ok,
2025-01-01T00:15:10,sensor_1,Injection Attack,HIGH,rule_engine,0.05154448002576828,0.15038493275642395,False,0.22746368042534468,,,False,ok,
2025-01-01T00:15:13,sensor_1,Injection Attack,HIGH,rule_engine,0.05871526151895523,0.15038493275642395,False,0.23784706961708965,,,False,ok,
2025-01-01T00:15:16,sensor_1,Injection Attack,HIGH,rule_engine,0.06680400669574738,0.15038493275642395,False,0.21536482224818737,,,False,ok,
2025-01-01T00:15:19,sensor_1,Injection Attack,HIGH,rule_engine,0.0739525705575943,0.15038493275642395,False,0.1934862741123188,,,False,ok,
2025-01-01T00:15:22,sensor_1,Injection Attack,HIGH,rule_engine,0.08329770714044571,0.15038493275642395,False,0.22456798154180183,,,False,ok,
2025-01-01T00:15:25,sensor_1,Injection Attack,HIGH,rule_engine,0.08564335852861404,0.15038493275642395,False,0.22452979413263197,,,False,ok,
2025-01-01T00:15:28,sensor_1,Injection Attack,HIGH,rule_engine,0.09365151822566986,0.15038493275642395,False,0.22993570309583652,,,False,ok,
2025-01-01T00:15:31,sensor_1,Injection Attack,HIGH,rule_engine,0.1022425964474678,0.15038493275642395,False,0.21909088265276516,,,False,ok,
2025-01-01T00:15:34,sensor_1,Injection Attack,HIGH,rule_engine,0.10873084515333176,0.15038493275642395,False,0.15697511087767949,,,False,ok,
2025-01-01T00:15:37,sensor_1,Injection Attack,HIGH,rule_engine,0.11828990280628204,0.15038493275642395,False,0.14571109638066143,,,False,ok,
2025-01-01T00:15:40,sensor_1,Injection Attack,HIGH,rule_engine,0.11828745156526566,0.15038493275642395,False,0.14034857801401981,,,False,ok,
2025-01-01T00:15:43,sensor_1,Injection Attack,HIGH,rule_engine,0.12636806070804596,0.15038493275642395,False,0.18175879626494343,,,False,ok,
2025-01-01T00:15:46,sensor_1,Injection Attack,HIGH,rule_engine,0.1325313001871109,0.15038493275642395,False,0.17651507532094146,,,False,ok,
2025-01-01T00:15:49,sensor_1,Noise Attack,HIGH,rule_engine,0.1350909024477005,0.15038493275642395,False,0.23314686444811325,,,False,ok,
2025-01-01T00:15:52,sensor_1,Noise Attack,HIGH,rule_engine,0.1425025761127472,0.15038493275642395,False,0.20586805528875585,,,False,ok,
2025-01-01T00:15:55,sensor_1,Noise Attack,HIGH,rule_engine,0.15000806748867035,0.15038493275642395,False,0.24353459489530324,,,False,ok,
2025-01-01T00:15:58,sensor_1,Noise Attack,HIGH,rule_engine,0.15416619181632996,0.15038493275642395,False,0.2445117700319956,,,True,ok,
2025-01-01T00:16:01,sensor_1,Noise Attack,HIGH,rule_engine,0.16006959974765778,0.15038493275642395,False,0.2541131697096347,,,True,ok,
2025-01-01T00:16:04,sensor_1,Noise Attack,HIGH,rule_engine,0.16869516670703888,0.15038493275642395,False,0.232253608824541,,,True,ok,
2025-01-01T00:16:07,sensor_1,Noise Attack,HIGH,rule_engine,0.1768070012331009,0.15038493275642395,False,0.22811863192445014,,,True,ok,
2025-01-01T00:16:10,sensor_1,Noise Attack,HIGH,rule_engine,0.1799062341451645,0.15038493275642395,False,0.22960365353283727,,,True,ok,
2025-01-01T00:16:13,sensor_1,Noise Attack,HIGH,rule_engine,0.1879643052816391,0.15038493275642395,False,0.20027051129971643,,,True,ok,
2025-01-01T00:16:16,sensor_1,Noise Attack,HIGH,rule_engine,0.19409897923469543,0.15038493275642395,False,0.19737453434372476,,,True,ok,
2025-01-01T00:16:19,sensor_1,Noise Attack,HIGH,rule_engine,0.19856932759284973,0.15038493275642395,False,0.1968976792613555,,,True,ok,
2025-01-01T00:16:22,sensor_1,Noise Attack,HIGH,rule_engine,0.20062775909900665,0.15038493275642395,False,0.2018089419811721,,,True,ok,
2025-01-01T00:16:25,sensor_1,Noise Attack,HIGH,rule_engine,0.20754367113113403,0.15038493275642395,False,0.24058132482069408,,,True,ok,
2025-01-01T00:16:28,sensor_1,Injection Attack,HIGH,rule_engine,0.22006770968437195,0.15038493275642395,False,0.24912586541475246,,,True,ok,
2025-01-01T00:16:31,sensor_1,Injection Attack,HIGH,rule_engine,0.215873584151268,0.15038493275642395,False,0.21778392709063954,,,True,ok,
2025-01-01T00:16:34,sensor_1,Injection Attack,HIGH,rule_engine,0.21781940758228302,0.15038493275642395,False,0.22263556733014295,,,True,ok,
2025-01-01T00:16:37,sensor_1,Injection Attack,HIGH,rule_engine,0.2195652425289154,0.15038493275642395,False,0.22860304498864345,,,True,ok,
2025-01-01T00:16:40,sensor_1,Injection Attack,HIGH,rule_engine,0.2192668914794922,0.15038493275642395,False,0.2002545545662485,,,True,ok,
2025-01-01T00:16:43,sensor_1,Injection Attack,HIGH,rule_engine,0.2197135090827942,0.15038493275642395,False,0.20366351756651963,,,True,ok,
2025-01-01T00:16:46,sensor_1,Injection Attack,HIGH,rule_engine,0.2227698415517807,0.15038493275642395,False,0.2327359850028776,,,True,ok,
2025-01-01T00:16:49,sensor_1,Injection Attack,HIGH,rule_engine,0.215225949883461,0.15038493275642395,False,0.2300247120586279,,,True,ok,
2025-01-01T00:16:52,sensor_1,Injection Attack,HIGH,rule_engine,0.21753434836864471,0.15038493275642395,False,0.24629287409295128,,,True,ok,
2025-01-01T00:16:55,sensor_1,Injection Attack,HIGH,rule_engine,0.21746201813220978,0.15038493275642395,False,0.23801709786777528,,,True,ok,
2025-01-01T00:16:58,sensor_1,Injection Attack,HIGH,rule_engine,0.2162557989358902,0.15038493275642395,False,0.23305829871138237,,,True,ok,
2025-01-01T00:17:01,sensor_1,Injection Attack,HIGH,rule_engine,0.2091335654258728,0.15038493275642395,False,0.25550450859620094,,,True,ok,
2025-01-01T00:17:04,sensor_1,Injection Attack,HIGH,rule_engine,0.20640252530574799,0.15038493275642395,False,0.23643488660157433,,,True,ok,
2025-01-01T00:17:07,sensor_1,Injection Attack,HIGH,rule_engine,0.19596734642982483,0.15038493275642395,False,0.23211936357981708,,,True,ok,
2025-01-01T00:17:10,sensor_1,Injection Attack,HIGH,rule_engine,0.19710059463977814,0.15038493275642395,False,0.1975206733643199,,,True,ok,
2025-01-01T00:17:13,sensor_1,Injection Attack,HIGH,rule_engine,0.18497015535831451,0.15038493275642395,False,0.1787002182472158,,,True,ok,
2025-01-01T00:17:16,sensor_1,Injection Attack,HIGH,rule_engine,0.1795990765094757,0.15038493275642395,False,0.2158980990120664,,,True,ok,
2025-01-01T00:17:19,sensor_1,Injection Attack,HIGH,rule_engine,0.17789436876773834,0.15038493275642395,False,0.18330909994335226,,,True,ok,
2025-01-01T00:17:22,sensor_1,Noise Attack,HIGH,rule_engine,0.1659490466117859,0.15038493275642395,False,0.19904536098987666,,,True,ok,
2025-01-01T00:17:25,sensor_1,Injection Attack,HIGH,rule_engine,0.16146333515644073,0.15038493275642395,False,0.23217965458157797,,,True,ok,
2025-01-01T00:17:28,sensor_1,Injection Attack,HIGH,rule_engine,0.15832766890525818,0.15038493275642395,False,0.2276561608881882,,,True,ok,
2025-01-01T00:17:31,sensor_1,Injection Attack,HIGH,rule_engine,0.15177075564861298,0.15038493275642395,False,0.2498003899794775,,,True,ok,
2025-01-01T00:17:34,sensor_1,Injection Attack,HIGH,rule_engine,0.1475047618150711,0.15038493275642395,False,0.27153432577027187,,,False,ok,
2025-01-01T00:17:37,sensor_1,Injection Attack,HIGH,rule_engine,0.13817216455936432,0.15038493275642395,False,0.261501442919527,,,False,ok,
2025-01-01T00:17:40,sensor_1,Injection Attack,HIGH,rule_engine,0.1350843459367752,0.15038493275642395,False,0.23564738226986356,,,False,ok,
2025-01-01T00:17:43,sensor_1,Injection Attack,HIGH,rule_engine,0.12301793694496155,0.15038493275642395,False,0.24506219357215517,,,False,ok,
2025-01-01T00:17:46,sensor_1,Injection Attack,HIGH,rule_engine,0.11795409023761749,0.15038493275642395,False,0.20940549812635828,,,False,ok,
2025-01-01T00:17:49,sensor_1,Injection Attack,HIGH,rule_engine,0.11219607293605804,0.15038493275642395,False,0.1720969875616638,,,False,ok,
2025-01-01T00:17:52,sensor_1,Injection Attack,HIGH,rule_engine,0.10747326910495758,0.15038493275642395,False,0.21411621558134686,,,False,ok,
2025-01-01T00:17:55,sensor_1,Injection Attack,HIGH,rule_engine,0.09996526688337326,0.15038493275642395,False,0.2529580815970265,,,False,ok,
2025-01-01T00:17:58,sensor_1,Injection Attack,HIGH,rule_engine,0.09251458942890167,0.15038493275642395,False,0.22980974544970598,,,False,ok,
2025-01-01T00:18:01,sensor_1,Injection Attack,HIGH,rule_engine,0.08569178730249405,0.15038493275642395,False,0.22695463339544575,,,False,ok,
2025-01-01T00:18:04,sensor_1,Injection Attack,HIGH,rule_engine,0.08309943974018097,0.15038493275642395,False,0.247901644240383,,,False,ok,
2025-01-01T00:18:07,sensor_1,Injection Attack,HIGH,rule_engine,0.07105975598096848,0.15038493275642395,False,0.2061110668727102,,,False,ok,
2025-01-01T00:18:10,sensor_1,Injection Attack,HIGH,rule_engine,0.06489861011505127,0.15038493275642395,False,0.20134057912715783,,,False,ok,
2025-01-01T00:18:13,sensor_1,Injection Attack,HIGH,rule_engine,0.05996876582503319,0.15038493275642395,False,0.2562951625633704,,,False,ok,
2025-01-01T00:18:16,sensor_1,Injection Attack,HIGH,rule_engine,0.05484594404697418,0.15038493275642395,False,0.26297915524078247,,,False,ok,
2025-01-01T00:18:19,sensor_1,Injection Attack,HIGH,rule_engine,0.05095592513680458,0.15038493275642395,False,0.21662435934904145,,,False,ok,
2025-01-01T00:18:22,sensor_1,Injection Attack,HIGH,rule_engine,0.04843953996896744,0.15038493275642395,False,0.24525332823734808,,,False,ok,
2025-01-01T00:18:25,sensor_1,Injection Attack,HIGH,rule_engine,0.0367102175951004,0.15038493275642395,False,0.2071910749165305,,,False,ok,
2025-01-01T00:18:28,sensor_1,Normal,HIGH,ensemble_voting_consensus,0.02732507325708866,0.15038493275642395,False,0.22413850410401437,,,False,ok,
2025-01-01T00:18:31,sensor_1,Normal,HIGH,ensemble_voting_consensus,0.02843867987394333,0.15038493275642395,False,0.2592585208056049,,,False,ok,
2025-01-01T00:18:34,sensor_1,Normal,HIGH,ensemble_voting_consensus,0.0299067422747612,0.15038493275642395,False,0.252238580308034,,,False,ok,
2025-01-01T00:18:37,sensor_1,Normal,HIGH,ensemble_voting_consensus,0.026579152792692184,0.15038493275642395,False,0.2568941341937786,,,False,ok,
2025-01-01T00:18:40,sensor_1,Normal,HIGH,ensemble_voting_consensus,0.027117013931274414,0.15038493275642395,False,0.215224957553612,,,False,ok,
2025-01-01T00:18:43,sensor_1,Normal,HIGH,ensemble_voting_consensus,0.02778213657438755,0.15038493275642395,False,0.20387782027574808,,,False,ok,
2025-01-01T00:18:46,sensor_1,Normal,HIGH,ensemble_voting_consensus,0.03090425208210945,0.15038493275642395,False,0.19286987701699854,,,False,ok,
2025-01-01T00:18:49,sensor_1,Normal,HIGH,ensemble_voting_consensus,0.03172729164361954,0.15038493275642395,False,0.20932333071358325,,,False,ok,
2025-01-01T00:18:52,sensor_1,Normal,HIGH,ensemble_voting_consensus,0.03131813183426857,0.15038493275642395,False,0.22300709993267176,,,False,ok,
2025-01-01T00:18:55,sensor_1,Normal,HIGH,ensemble_voting_consensus,0.030689995735883713,0.15038493275642395,False,0.24788252379472464,,,False,ok,
2025-01-01T00:18:58,sensor_1,Normal,HIGH,ensemble_voting_consensus,0.0310816653072834,0.15038493275642395,False,0.25107225620921697,,,False,ok,
2025-01-01T00:19:01,sensor_1,Normal,HIGH,ensemble_voting_consensus,0.03300897032022476,0.15038493275642395,False,0.24949392945623214,,,False,ok,
2025-01-01T00:19:04,sensor_1,Normal,HIGH,ensemble_voting_consensus,0.03552668169140816,0.15038493275642395,False,0.24273091226176577,,,False,ok,
2025-01-01T00:19:07,sensor_1,Normal,HIGH,ensemble_voting_consensus,0.030822936445474625,0.15038493275642395,False,0.32400269367965306,,,False,ok,
2025-01-01T00:19:10,sensor_1,Normal,HIGH,ensemble_voting_consensus,0.030685903504490852,0.15038493275642395,False,0.31702046373307824,,,False,ok,
2025-01-01T00:19:13,sensor_1,Normal,HIGH,ensemble_voting_consensus,0.027759818360209465,0.15038493275642395,False,0.3124431939174528,,,False,ok,
2025-01-01T00:19:16,sensor_1,Normal,HIGH,ensemble_voting_consensus,0.029069339856505394,0.15038493275642395,False,0.3490424498077942,,,False,ok,
2025-01-01T00:19:19,sensor_1,Normal,HIGH,ensemble_voting_consensus,0.028508266434073448,0.15038493275642395,False,0.25159020374054203,,,False,ok,
2025-01-01T00:19:22,sensor_1,Normal,HIGH,ensemble_voting_consensus,0.027033952996134758,0.15038493275642395,False,0.23148988432035206,,,False,ok,
2025-01-01T00:19:25,sensor_1,Normal,HIGH,ensemble_voting_consensus,0.028339289128780365,0.15038493275642395,False,0.24633780328626614,,,False,ok,
2025-01-01T00:19:28,sensor_1,Normal,HIGH,ensemble_voting_consensus,0.027274377644062042,0.15038493275642395,False,0.20987975356972938,,,False,ok,
2025-01-01T00:19:31,sensor_1,Normal,HIGH,ensemble_voting_consensus,0.027437524870038033,0.15038493275642395,False,0.20291870046289953,,,False,ok,
2025-01-01T00:19:34,sensor_1,Normal,HIGH,ensemble_voting_consensus,0.025217179208993912,0.15038493275642395,False,0.2222043258693149,,,False,ok,
2025-01-01T00:19:37,sensor_1,Normal,HIGH,ensemble_voting_consensus,0.02605261281132698,0.15038493275642395,False,0.22790495027042906,,,False,ok,
2025-01-01T00:19:40,sensor_1,Normal,HIGH,ensemble_voting_consensus,0.029159938916563988,0.15038493275642395,False,0.21239883913871999,,,False,ok,
2025-01-01T00:19:43,sensor_1,Normal,HIGH,ensemble_voting_consensus,0.024924669414758682,0.15038493275642395,False,0.2649995745859098,,,False,ok,
2025-01-01T00:19:46,sensor_1,Normal,HIGH,ensemble_voting_consensus,0.024267157539725304,0.15038493275642395,False,0.26635811517877245,,,False,ok,
2025-01-01T00:19:49,sensor_1,Normal,HIGH,ensemble_voting_consensus,0.02371829003095627,0.15038493275642395,False,0.3017200889877647,,,False,ok,
2025-01-01T00:19:52,sensor_1,Normal,HIGH,ensemble_voting_consensus,0.026071052998304367,0.15038493275642395,False,0.298039203569225,,,False,ok,
2025-01-01T00:19:55,sensor_1,Normal,HIGH,ensemble_voting_consensus,0.027963900938630104,0.15038493275642395,False,0.2978195102553303,,,False,ok,
2025-01-01T00:19:58,sensor_1,Normal,HIGH,ensemble_voting_consensus,0.026196595281362534,0.15038493275642395,False,0.2797035933523336,,,False,ok,
2025-01-01T00:20:01,sensor_1,Normal,HIGH,ensemble_voting_consensus,0.025378918275237083,0.15038493275642395,False,0.2170315691273428,,,False,ok,
2025-01-01T00:20:04,sensor_1,Normal,HIGH,ensemble_voting_consensus,0.025430284440517426,0.15038493275642395,False,0.26507318626212667,,,False,ok,
2025-01-01T00:20:07,sensor_1,Normal,HIGH,ensemble_voting_consensus,0.02358073554933071,0.15038493275642395,False,0.2233020733868159,,,False,ok,
2025-01-01T00:20:10,sensor_1,Normal,HIGH,ensemble_voting_consensus,0.02142629772424698,0.15038493275642395,False,0.192486753040125,,,False,ok,
2025-01-01T00:20:13,sensor_1,Normal,HIGH,ensemble_voting_consensus,0.019255686551332474,0.15038493275642395,False,0.18183923348054679,,,False,ok,
2025-01-01T00:20:16,sensor_1,Normal,HIGH,ensemble_voting_consensus,0.02046944573521614,0.15038493275642395,False,0.19169106170708294,,,False,ok,
2025-01-01T00:20:19,sensor_1,Normal,HIGH,ensemble_voting_consensus,0.019315270707011223,0.15038493275642395,False,0.21246428723576943,,,False,ok,
2025-01-01T00:20:22,sensor_1,Normal,HIGH,ensemble_voting_consensus,0.020432356745004654,0.15038493275642395,False,0.22811901034952434,,,False,ok,
2025-01-01T00:20:25,sensor_1,Normal,HIGH,ensemble_voting_consensus,0.02056385949254036,0.15038493275642395,False,0.1784397252131622,,,False,ok,
2025-01-01T00:20:28,sensor_1,Normal,HIGH,ensemble_voting_consensus,0.01957022212445736,0.15038493275642395,False,0.17185078075140187,,,False,ok,
2025-01-01T00:20:31,sensor_1,Normal,HIGH,ensemble_voting_consensus,0.018345577642321587,0.15038493275642395,False,0.19376673583035153,,,False,ok,
2025-01-01T00:20:34,sensor_1,Normal,HIGH,ensemble_voting_consensus,0.019134286791086197,0.15038493275642395,False,0.15956553784660316,,,False,ok,
2025-01-01T00:20:37,sensor_1,Normal,HIGH,ensemble_voting_consensus,0.01954118348658085,0.15038493275642395,False,0.20166421211069124,,,False,ok,
2025-01-01T00:20:40,sensor_1,Normal,HIGH,ensemble_voting_consensus,0.01933584176003933,0.15038493275642395,False,0.19028593830088006,,,False,ok,
2025-01-01T00:20:43,sensor_1,Normal,HIGH,ensemble_voting_consensus,0.018607836216688156,0.15038493275642395,False,0.18008377302373949,,,False,ok,
2025-01-01T00:20:46,sensor_1,Normal,HIGH,ensemble_voting_consensus,0.018979346379637718,0.15038493275642395,False,0.166853798816548,,,False,ok,
2025-01-01T00:20:49,sensor_1,Normal,HIGH,ensemble_voting_consensus,0.019690057262778282,0.15038493275642395,False,0.20986909286943542,,,False,ok,
2025-01-01T00:20:52,sensor_1,Normal,HIGH,ensemble_voting_consensus,0.020520655438303947,0.15038493275642395,False,0.21292448377070486,,,False,ok,
2025-01-01T00:20:55,sensor_1,Normal,HIGH,ensemble_voting_consensus,0.022684073075652122,0.15038493275642395,False,0.22303174876742685,,,False,ok,
2025-01-01T00:20:58,sensor_1,Normal,HIGH,ensemble_voting_consensus,0.023314764723181725,0.15038493275642395,False,0.19269129948039798,,,False,ok,
2025-01-01T00:21:01,sensor_1,Normal,HIGH,ensemble_voting_consensus,0.025735963135957718,0.15038493275642395,False,0.2111180230673393,,,False,ok,
2025-01-01T00:21:04,sensor_1,Normal,HIGH,ensemble_voting_consensus,0.022507894784212112,0.15038493275642395,False,0.22023321151661923,,,False,ok,
2025-01-01T00:21:07,sensor_1,Normal,HIGH,ensemble_voting_consensus,0.022663896903395653,0.15038493275642395,False,0.19652100312385942,,,False,ok,
2025-01-01T00:21:10,sensor_1,Normal,HIGH,ensemble_voting_consensus,0.02446700818836689,0.15038493275642395,False,0.1834034645065614,,,False,ok,
2025-01-01T00:21:13,sensor_1,Normal,HIGH,ensemble_voting_consensus,0.024966945871710777,0.15038493275642395,False,0.22624312942403008,,,False,ok,
2025-01-01T00:21:16,sensor_1,Normal,HIGH,ensemble_voting_consensus,0.02428709715604782,0.15038493275642395,False,0.23562580112203388,,,False,ok,
2025-01-01T00:21:19,sensor_1,Normal,HIGH,ensemble_voting_consensus,0.022318154573440552,0.15038493275642395,False,0.21576472880984424,,,False,ok,
2025-01-01T00:21:22,sensor_1,Normal,HIGH,ensemble_voting_consensus,0.02123759128153324,0.15038493275642395,False,0.22765778290549155,,,False,ok,
2025-01-01T00:21:25,sensor_1,Normal,HIGH,ensemble_voting_consensus,0.021510524675250053,0.15038493275642395,False,0.2505465994527068,,,False,ok,
2025-01-01T00:21:28,sensor_1,Normal,HIGH,ensemble_voting_consensus,0.02272733859717846,0.15038493275642395,False,0.24526361020144588,,,False,ok,
2025-01-01T00:21:31,sensor_1,Normal,HIGH,ensemble_voting_consensus,0.023900309577584267,0.15038493275642395,False,0.25306320416393935,,,False,ok,
2025-01-01T00:21:34,sensor_1,Normal,HIGH,ensemble_voting_consensus,0.026725348085165024,0.15038493275642395,False,0.31990620264877423,,,False,ok,
2025-01-01T00:21:37,sensor_1,Normal,HIGH,ensemble_voting_consensus,0.027568962424993515,0.15038493275642395,False,0.2921721506794012,,,False,ok,
2025-01-01T00:21:40,sensor_1,Normal,HIGH,ensemble_voting_consensus,0.02919614501297474,0.15038493275642395,False,0.30873394761106787,,,False,ok,
2025-01-01T00:21:43,sensor_1,Normal,HIGH,ensemble_voting_consensus,0.028065752238035202,0.15038493275642395,False,0.30970767427567547,,,False,ok,
2025-01-01T00:21:46,sensor_1,Normal,HIGH,ensemble_voting_consensus,0.027599047869443893,0.15038493275642395,False,0.27482377229153726,,,False,ok,
2025-01-01T00:21:49,sensor_1,Normal,HIGH,ensemble_voting_consensus,0.026611050590872765,0.15038493275642395,False,0.2812018499319148,,,False,ok,
2025-01-01T00:21:52,sensor_1,Normal,HIGH,ensemble_voting_consensus,0.02630510739982128,0.15038493275642395,False,0.29229095439281577,,,False,ok,
2025-01-01T00:21:55,sensor_1,Normal,HIGH,ensemble_voting_consensus,0.026615414768457413,0.15038493275642395,False,0.3338162692331077,,,False,ok,
2025-01-01T00:21:58,sensor_1,Normal,HIGH,ensemble_voting_consensus,0.027543770149350166,0.15038493275642395,False,0.3278676839522788,,,False,ok,
2025-01-01T00:22:01,sensor_1,Normal,HIGH,ensemble_voting_consensus,0.02764958329498768,0.15038493275642395,False,0.33832391220482566,,,False,ok,
2025-01-01T00:22:04,sensor_1,Normal,HIGH,ensemble_voting_consensus,0.027601586654782295,0.15038493275642395,False,0.3473737493665198,,,False,ok,
2025-01-01T00:22:07,sensor_1,Normal,HIGH,ensemble_voting_consensus,0.02740873210132122,0.15038493275642395,False,0.3614421224988049,,,False,ok,
2025-01-01T00:22:10,sensor_1,Normal,HIGH,ensemble_voting_consensus,0.028887396678328514,0.15038493275642395,False,0.35341719220722134,,,False,ok,
2025-01-01T00:22:13,sensor_1,Normal,HIGH,ensemble_voting_consensus,0.028702151030302048,0.15038493275642395,False,0.3672058659734408,,,False,ok,
2025-01-01T00:22:16,sensor_1,Normal,HIGH,ensemble_voting_consensus,0.02642962336540222,0.15038493275642395,False,0.3639336537710515,,,False,ok,
2025-01-01T00:22:19,sensor_1,Normal,HIGH,ensemble_voting_consensus,0.027127714827656746,0.15038493275642395,False,0.37750100739302017,,,False,ok,
2025-01-01T00:22:22,sensor_1,Normal,HIGH,ensemble_voting_consensus,0.02648083306849003,0.15038493275642395,False,0.3668807338797672,,,False,ok,
2025-01-01T00:22:25,sensor_1,Normal,HIGH,ensemble_voting_consensus,0.02711152285337448,0.15038493275642395,False,0.3418569427592473,,,False,ok,
2025-01-01T00:22:28,sensor_1,Normal,HIGH,ensemble_voting_consensus,0.02978278324007988,0.15038493275642395,False,0.28685800651115906,,,False,ok,
2025-01-01T00:22:31,sensor_1,Normal,HIGH,ensemble_voting_consensus,0.025958441197872162,0.15038493275642395,False,0.28037897062046896,,,False,ok,
2025-01-01T00:22:34,sensor_1,Normal,HIGH,ensemble_voting_consensus,0.026347501203417778,0.15038493275642395,False,0.30050984958033256,,,False,ok,
2025-01-01T00:22:37,sensor_1,Normal,HIGH,ensemble_voting_consensus,0.02671949192881584,0.15038493275642395,False,0.3148134659910826,,,False,ok,
2025-01-01T00:22:40,sensor_1,Normal,HIGH,ensemble_voting_consensus,0.02966703660786152,0.15038493275642395,False,0.31723764525141734,,,False,ok,
2025-01-01T00:22:43,sensor_1,Normal,HIGH,ensemble_voting_consensus,0.027295386418700218,0.15038493275642395,False,0.3028585634783061,,,False,ok,
2025-01-01T00:22:46,sensor_1,Normal,HIGH,ensemble_voting_consensus,0.026039475575089455,0.15038493275642395,False,0.2788080250884943,,,False,ok,
2025-01-01T00:22:49,sensor_1,Normal,HIGH,ensemble_voting_consensus,0.030238768085837364,0.15038493275642395,False,0.35923797110849015,,,False,ok,
2025-01-01T00:22:52,sensor_1,Normal,HIGH,ensemble_voting_consensus,0.03368149325251579,0.15038493275642395,False,0.2994607015783449,,,False,ok,
2025-01-01T00:22:55,sensor_1,Normal,HIGH,ensemble_voting_consensus,0.03176077455282211,0.15038493275642395,False,0.2936555652983561,,,False,ok,
2025-01-01T00:22:58,sensor_1,Normal,HIGH,ensemble_voting_consensus,0.030514581128954887,0.15038493275642395,False,0.3026191681166556,,,False,ok,
2025-01-01T00:23:01,sensor_1,Normal,HIGH,ensemble_voting_consensus,0.030489342287182808,0.15038493275642395,False,0.2961884905509668,,,False,ok,
2025-01-01T00:23:04,sensor_1,Normal,HIGH,ensemble_voting_consensus,0.02668093517422676,0.15038493275642395,False,0.28922173606150037,,,False,ok,
2025-01-01T00:23:07,sensor_1,Normal,HIGH,ensemble_voting_consensus,0.024621210992336273,0.15038493275642395,False,0.2712572279199611,,,False,ok,
2025-01-01T00:23:10,sensor_1,Normal,HIGH,ensemble_voting_consensus,0.02516399510204792,0.15038493275642395,False,0.26766752048382075,,,False,ok,
2025-01-01T00:23:13,sensor_1,Normal,HIGH,ensemble_voting_consensus,0.027136651799082756,0.15038493275642395,False,0.2533411122242198,,,False,ok,
2025-01-01T00:23:16,sensor_1,Normal,HIGH,ensemble_voting_consensus,0.025864582508802414,0.15038493275642395,False,0.24445523607831948,,,False,ok,
2025-01-01T00:23:19,sensor_1,Normal,HIGH,ensemble_voting_consensus,0.027639184147119522,0.15038493275642395,False,0.2956723260733267,,,False,ok,
2025-01-01T00:23:22,sensor_1,Normal,HIGH,ensemble_voting_consensus,0.027883151546120644,0.15038493275642395,False,0.302574761005401,,,False,ok,
2025-01-01T00:23:25,sensor_1,Normal,HIGH,ensemble_voting_consensus,0.026100775226950645,0.15038493275642395,False,0.29310754206828776,,,False,ok,
2025-01-01T00:23:28,sensor_1,Normal,HIGH,ensemble_voting_consensus,0.027731798589229584,0.15038493275642395,False,0.317240874583817,,,False,ok,
2025-01-01T00:23:31,sensor_1,Normal,HIGH,ensemble_voting_consensus,0.026771780103445053,0.15038493275642395,False,0.33776138713669274,,,False,ok,
2025-01-01T00:23:34,sensor_1,Normal,HIGH,ensemble_voting_consensus,0.025180649012327194,0.15038493275642395,False,0.34364687590796905,,,False,ok,
2025-01-01T00:23:37,sensor_1,Normal,HIGH,ensemble_voting_consensus,0.026591964066028595,0.15038493275642395,False,0.36023736213599944,,,False,ok,
2025-01-01T00:23:40,sensor_1,Normal,HIGH,ensemble_voting_consensus,0.026112109422683716,0.15038493275642395,False,0.2988526789352605,,,False,ok,
2025-01-01T00:23:43,sensor_1,Normal,HIGH,ensemble_voting_consensus,0.02675202675163746,0.15038493275642395,False,0.29360470685242734,,,False,ok,
2025-01-01T00:23:46,sensor_1,Normal,HIGH,ensemble_voting_consensus,0.027003027498722076,0.15038493275642395,False,0.2851940123051876,,,False,ok,
2025-01-01T00:23:49,sensor_1,Normal,HIGH,ensemble_voting_consensus,0.025472765788435936,0.15038493275642395,False,0.30820046399297973,,,False,ok,
2025-01-01T00:23:52,sensor_1,Normal,HIGH,ensemble_voting_consensus,0.027069471776485443,0.15038493275642395,False,0.2843994622379054,,,False,ok,
2025-01-01T00:23:55,sensor_1,Normal,HIGH,ensemble_voting_consensus,0.02883371338248253,0.15038493275642395,False,0.28099463607281616,,,False,ok,
2025-01-01T00:23:58,sensor_1,Normal,HIGH,ensemble_voting_consensus,0.025215981528162956,0.15038493275642395,False,0.34079506380985125,,,False,ok,
2025-01-01T00:24:01,sensor_1,Normal,HIGH,ensemble_voting_consensus,0.023959340527653694,0.15038493275642395,False,0.33752382944068654,,,False,ok,
2025-01-01T00:24:04,sensor_1,Normal,HIGH,ensemble_voting_consensus,0.029566200450062752,0.15038493275642395,False,0.2589910592776422,,,False,ok,
2025-01-01T00:24:07,sensor_1,Normal,HIGH,ensemble_voting_consensus,0.028230570256710052,0.15038493275642395,False,0.2319918667328559,,,False,ok,
2025-01-01T00:24:10,sensor_1,Normal,HIGH,ensemble_voting_consensus,0.02731923572719097,0.15038493275642395,False,0.24440988288966828,,,False,ok,
2025-01-01T00:24:13,sensor_1,Normal,HIGH,ensemble_voting_consensus,0.028555890545248985,0.15038493275642395,False,0.2610353603118095,,,False,ok,
2025-01-01T00:24:16,sensor_1,Normal,HIGH,ensemble_voting_consensus,0.024102281779050827,0.15038493275642395,False,0.23878071213401758,,,False,ok,
2025-01-01T00:24:19,sensor_1,Normal,HIGH,ensemble_voting_consensus,0.025443272665143013,0.15038493275642395,False,0.19602952941255739,,,False,ok,
2025-01-01T00:24:22,sensor_1,Normal,HIGH,ensemble_voting_consensus,0.02169078402221203,0.15038493275642395,False,0.2686505554009237,,,False,ok,
2025-01-01T00:24:25,sensor_1,Normal,HIGH,ensemble_voting_consensus,0.02251206524670124,0.15038493275642395,False,0.2742239419918838,,,False,ok,
2025-01-01T00:24:28,sensor_1,Normal,HIGH,ensemble_voting_consensus,0.0209807138890028,0.15038493275642395,False,0.2749167922624906,,,False,ok,
2025-01-01T00:24:31,sensor_1,Normal,HIGH,ensemble_voting_consensus,0.02223091386258602,0.15038493275642395,False,0.3148651381785161,,,False,ok,
2025-01-01T00:24:34,sensor_1,Normal,HIGH,ensemble_voting_consensus,0.024394037202000618,0.15038493275642395,False,0.2864431474283766,,,False,ok,
2025-01-01T00:24:37,sensor_1,Normal,HIGH,ensemble_voting_consensus,0.02273833192884922,0.15038493275642395,False,0.2813144445491858,,,False,ok,
2025-01-01T00:24:40,sensor_1,Normal,HIGH,ensemble_voting_consensus,0.022083381190896034,0.15038493275642395,False,0.27188218507839973,,,False,ok,
2025-01-01T00:24:43,sensor_1,Normal,HIGH,ensemble_voting_consensus,0.02425909973680973,0.15038493275642395,False,0.23014746940417857,,,False,ok,
2025-01-01T00:24:46,sensor_1,Normal,HIGH,ensemble_voting_consensus,0.023296061903238297,0.15038493275642395,False,0.22098181499883932,,,False,ok,
2025-01-01T00:24:49,sensor_1,Normal,HIGH,ensemble_voting_consensus,0.024841757491230965,0.15038493275642395,False,0.21710004588480789,,,False,ok,
2025-01-01T00:24:52,sensor_1,Normal,HIGH,ensemble_voting_consensus,0.02623588591814041,0.15038493275642395,False,0.19012540563050598,,,False,ok,
2025-01-01T00:24:55,sensor_1,Normal,HIGH,ensemble_voting_consensus,0.025928406044840813,0.15038493275642395,False,0.1709350614096442,,,False,ok,
2025-01-01T00:24:58,sensor_1,Normal,HIGH,ensemble_voting_consensus,0.027650123462080956,0.15038493275642395,False,0.15683592040983532,,,False,ok,
2025-01-01T00:25:01,sensor_1,Injection Attack,HIGH,rule_engine,0.035112522542476654,0.15038493275642395,False,0.18206336600060596,,,False,ok,
2025-01-01T00:25:04,sensor_1,Injection Attack,HIGH,rule_engine,0.03868670389056206,0.15038493275642395,False,0.2129701713017904,,,False,ok,
2025-01-01T00:25:07,sensor_1,Injection Attack,HIGH,rule_engine,0.04579245671629906,0.15038493275642395,False,0.27765889710872044,,,False,ok,
2025-01-01T00:25:10,sensor_1,Injection Attack,HIGH,rule_engine,0.05298610404133797,0.15038493275642395,False,0.31607308142939555,,,False,ok,
2025-01-01T00:25:13,sensor_1,Injection Attack,HIGH,rule_engine,0.061532702296972275,0.15038493275642395,False,0.25575875952067995,,,False,ok,
2025-01-01T00:25:16,sensor_1,Injection Attack,HIGH,rule_engine,0.06427668035030365,0.15038493275642395,False,0.2571270452077221,,,False,ok,
2025-01-01T00:25:19,sensor_1,Injection Attack,HIGH,rule_engine,0.0706651508808136,0.15038493275642395,False,0.26203678559976873,,,False,ok,
2025-01-01T00:25:22,sensor_1,Injection Attack,HIGH,rule_engine,0.07688342779874802,0.15038493275642395,False,0.2381800125355879,,,False,ok,
2025-01-01T00:25:25,sensor_1,Injection Attack,HIGH,rule_engine,0.08435746282339096,0.15038493275642395,False,0.23673463179915466,,,False,ok,
2025-01-01T00:25:28,sensor_1,Injection Attack,HIGH,rule_engine,0.09230923652648926,0.15038493275642395,False,0.24152804198999425,,,False,ok,
2025-01-01T00:25:31,sensor_1,Injection Attack,HIGH,rule_engine,0.10150332748889923,0.15038493275642395,False,0.2584893238718557,,,False,ok,
2025-01-01T00:25:34,sensor_1,Injection Attack,HIGH,rule_engine,0.09402938932180405,0.15038493275642395,False,0.3185826986764581,,,False,ok,
2025-01-01T00:25:37,sensor_1,Injection Attack,HIGH,rule_engine,0.10053782165050507,0.15038493275642395,False,0.337634201543036,,,False,ok,
2025-01-01T00:25:40,sensor_1,Noise Attack,HIGH,rule_engine,0.1080649271607399,0.15038493275642395,False,0.32967566471804693,,,False,ok,
2025-01-01T00:25:43,sensor_1,Noise Attack,HIGH,rule_engine,0.11780330538749695,0.15038493275642395,False,0.31790702869329773,,,False,ok,
2025-01-01T00:25:46,sensor_1,Noise Attack,HIGH,rule_engine,0.12507063150405884,0.15038493275642395,False,0.31477279679631154,,,False,ok,
2025-01-01T00:25:49,sensor_1,Noise Attack,HIGH,rule_engine,0.13457007706165314,0.15038493275642395,False,0.2745042878221366,,,False,ok,
2025-01-01T00:25:52,sensor_1,Noise Attack,HIGH,rule_engine,0.14225202798843384,0.15038493275642395,False,0.2510667756402636,,,False,ok,
2025-01-01T00:25:55,sensor_1,Noise Attack,HIGH,rule_engine,0.1490354686975479,0.15038493275642395,False,0.2531660427926225,,,False,ok,
2025-01-01T00:25:58,sensor_1,Noise Attack,HIGH,rule_engine,0.15508197247982025,0.15038493275642395,False,0.25529101432035617,,,True,ok,
2025-01-01T00:26:01,sensor_1,Noise Attack,HIGH,rule_engine,0.16200080513954163,0.15038493275642395,False,0.2701828778514982,,,True,ok,
2025-01-01T00:26:04,sensor_1,Noise Attack,HIGH,rule_engine,0.16846877336502075,0.15038493275642395,False,0.252502692165574,,,True,ok,
2025-01-01T00:26:07,sensor_1,Noise Attack,HIGH,rule_engine,0.1749640554189682,0.15038493275642395,False,0.26156442747269737,,,True,ok,
2025-01-01T00:26:10,sensor_1,Noise Attack,HIGH,rule_engine,0.17870208621025085,0.15038493275642395,False,0.30428083772114733,,,True,ok,
2025-01-01T00:26:13,sensor_1,Noise Attack,HIGH,rule_engine,0.1843126267194748,0.15038493275642395,False,0.32719879117417205,,,True,ok,
2025-01-01T00:26:16,sensor_1,Noise Attack,HIGH,rule_engine,0.18931812047958374,0.15038493275642395,False,0.3039089210366852,,,True,ok,
2025-01-01T00:26:19,sensor_1,Noise Attack,HIGH,rule_engine,0.19515357911586761,0.15038493275642395,False,0.2572226935135654,,,True,ok,
2025-01-01T00:26:22,sensor_1,Noise Attack,HIGH,rule_engine,0.19841578602790833,0.15038493275642395,False,0.24772186224370382,,,True,ok,
2025-01-01T00:26:25,sensor_1,Noise Attack,HIGH,rule_engine,0.20696011185646057,0.15038493275642395,False,0.25252369737936164,,,True,ok,
2025-01-01T00:26:28,sensor_1,Noise Attack,HIGH,rule_engine,0.2186560183763504,0.15038493275642395,False,0.27636791153634355,,,True,ok,
2025-01-01T00:26:31,sensor_1,Noise Attack,HIGH,rule_engine,0.20918898284435272,0.15038493275642395,False,0.2612176837780061,,,True,ok,
2025-01-01T00:26:34,sensor_1,Noise Attack,HIGH,rule_engine,0.2220756560564041,0.15038493275642395,False,0.2670058967192622,,,True,ok,
2025-01-01T00:26:37,sensor_1,Noise Attack,HIGH,rule_engine,0.21902047097682953,0.15038493275642395,False,0.23895838144841702,,,True,ok,
2025-01-01T00:26:40,sensor_1,Noise Attack,HIGH,rule_engine,0.2191954106092453,0.15038493275642395,False,0.23316305902785955,,,True,ok,
2025-01-01T00:26:43,sensor_1,Noise Attack,HIGH,rule_engine,0.22236748039722443,0.15038493275642395,False,0.21417948998392544,,,True,ok,
2025-01-01T00:26:46,sensor_1,Noise Attack,HIGH,rule_engine,0.22787314653396606,0.15038493275642395,False,0.22329799881878723,,,True,ok,
2025-01-01T00:26:49,sensor_1,Noise Attack,HIGH,rule_engine,0.2196158468723297,0.15038493275642395,False,0.17453859428654014,,,True,ok,
2025-01-01T00:26:52,sensor_1,Noise Attack,HIGH,rule_engine,0.21710261702537537,0.15038493275642395,False,0.2219816727337662,,,True,ok,
2025-01-01T00:26:55,sensor_1,Noise Attack,HIGH,rule_engine,0.2158689945936203,0.15038493275642395,False,0.21510949230845536,,,True,ok,
2025-01-01T00:26:58,sensor_1,Noise Attack,HIGH,rule_engine,0.21454663574695587,0.15038493275642395,False,0.23015541151639418,,,True,ok,
2025-01-01T00:27:01,sensor_1,Noise Attack,HIGH,rule_engine,0.21972206234931946,0.15038493275642395,False,0.2517926083903647,,,True,ok,
2025-01-01T00:27:04,sensor_1,Noise Attack,HIGH,rule_engine,0.22388526797294617,0.15038493275642395,False,0.2273239294033572,,,True,ok,
2025-01-01T00:27:07,sensor_1,Noise Attack,HIGH,rule_engine,0.21911655366420746,0.15038493275642395,False,0.20993462825702644,,,True,ok,
2025-01-01T00:27:10,sensor_1,Noise Attack,HIGH,rule_engine,0.22353443503379822,0.15038493275642395,False,0.22852674082978075,,,True,ok,
2025-01-01T00:27:13,sensor_1,Noise Attack,HIGH,rule_engine,0.226963609457016,0.15038493275642395,False,0.25472788975036903,,,True,ok,
2025-01-01T00:27:16,sensor_1,Noise Attack,HIGH,rule_engine,0.21775150299072266,0.15038493275642395,False,0.22317959360943324,,,True,ok,
2025-01-01T00:27:19,sensor_1,Noise Attack,HIGH,rule_engine,0.21017912030220032,0.15038493275642395,False,0.2069707109299851,,,True,ok,
2025-01-01T00:27:22,sensor_1,Noise Attack,HIGH,rule_engine,0.21085752546787262,0.15038493275642395,False,0.2071004491893839,,,True,ok,
2025-01-01T00:27:25,sensor_1,Noise Attack,HIGH,rule_engine,0.2046724408864975,0.15038493275642395,False,0.16718440776635526,,,True,ok,
2025-01-01T00:27:28,sensor_1,Noise Attack,HIGH,rule_engine,0.20266152918338776,0.15038493275642395,False,0.17412233198799493,,,True,ok,
2025-01-01T00:27:31,sensor_1,Noise Attack,HIGH,rule_engine,0.20968817174434662,0.15038493275642395,False,0.21312700606328872,,,True,ok,
2025-01-01T00:27:34,sensor_1,Noise Attack,HIGH,rule_engine,0.20825855433940887,0.15038493275642395,False,0.1672276894719069,,,True,ok,
2025-01-01T00:27:37,sensor_1,Noise Attack,HIGH,rule_engine,0.2014789879322052,0.15038493275642395,False,0.19382985698528346,,,True,ok,
2025-01-01T00:27:40,sensor_1,Noise Attack,HIGH,rule_engine,0.19826602935791016,0.15038493275642395,False,0.16904998236027285,,,True,ok,
2025-01-01T00:27:43,sensor_1,Noise Attack,HIGH,rule_engine,0.1984521597623825,0.15038493275642395,False,0.21320342696879402,,,True,ok,
2025-01-01T00:27:46,sensor_1,Noise Attack,HIGH,rule_engine,0.20402231812477112,0.15038493275642395,False,0.200874180569641,,,True,ok,
2025-01-01T00:27:49,sensor_1,Noise Attack,HIGH,rule_engine,0.20531074702739716,0.15038493275642395,False,0.15892486362207503,,,True,ok,
2025-01-01T00:27:52,sensor_1,Noise Attack,HIGH,rule_engine,0.20515082776546478,0.15038493275642395,False,0.16983905916289355,,,True,ok,
2025-01-01T00:27:55,sensor_1,Noise Attack,HIGH,rule_engine,0.21082302927970886,0.15038493275642395,False,0.13364036743055382,,,True,ok,
2025-01-01T00:27:58,sensor_1,Noise Attack,HIGH,rule_engine,0.19992655515670776,0.15038493275642395,False,0.13684000432140891,,,True,ok,
2025-01-01T00:28:01,sensor_1,Noise Attack,HIGH,rule_engine,0.19807447493076324,0.15038493275642395,False,0.14919273312654177,,,True,ok,
2025-01-01T00:28:04,sensor_1,Noise Attack,HIGH,rule_engine,0.19686134159564972,0.15038493275642395,False,0.17864194094906133,,,True,ok,
2025-01-01T00:28:07,sensor_1,Noise Attack,HIGH,rule_engine,0.18314839899539948,0.15038493275642395,False,0.17650381357514275,,,True,ok,
2025-01-01T00:28:10,sensor_1,Noise Attack,HIGH,rule_engine,0.17411814630031586,0.15038493275642395,False,0.20387733989995654,,,True,ok,
2025-01-01T00:28:13,sensor_1,Noise Attack,HIGH,rule_engine,0.1657319962978363,0.15038493275642395,False,0.1602688275128929,,,True,ok,
2025-01-01T00:28:16,sensor_1,Noise Attack,HIGH,rule_engine,0.16281390190124512,0.15038493275642395,False,0.21575452966007347,,,True,ok,
2025-01-01T00:28:19,sensor_1,Noise Attack,HIGH,rule_engine,0.15271037817001343,0.15038493275642395,False,0.22151977076076185,,,True,ok,
2025-01-01T00:28:22,sensor_1,Noise Attack,HIGH,rule_engine,0.15357892215251923,0.15038493275642395,False,0.2538894024992854,,,True,ok,
2025-01-01T00:28:25,sensor_1,Noise Attack,HIGH,rule_engine,0.15742285549640656,0.15038493275642395,False,0.21014516527220206,,,True,ok,
2025-01-01T00:28:28,sensor_1,Noise Attack,HIGH,rule_engine,0.14883463084697723,0.15038493275642395,False,0.22055892104665634,,,False,ok,
2025-01-01T00:28:31,sensor_1,Noise Attack,HIGH,rule_engine,0.1361653059720993,0.15038493275642395,False,0.2055443498314535,,,False,ok,
2025-01-01T00:28:34,sensor_1,Noise Attack,HIGH,rule_engine,0.12968184053897858,0.15038493275642395,False,0.2349927582810552,,,False,ok,
2025-01-01T00:28:37,sensor_1,Noise Attack,HIGH,rule_engine,0.1177363321185112,0.15038493275642395,False,0.22814926272244865,,,False,ok,
2025-01-01T00:28:40,sensor_1,Noise Attack,HIGH,rule_engine,0.11500319838523865,0.15038493275642395,False,0.23320750140852586,,,False,ok,
2025-01-01T00:28:43,sensor_1,Noise Attack,HIGH,rule_engine,0.1037939116358757,0.15038493275642395,False,0.21857519056427613,,,False,ok,
2025-01-01T00:28:46,sensor_1,Noise Attack,HIGH,rule_engine,0.10566563904285431,0.15038493275642395,False,0.23724444910975698,,,False,ok,
2025-01-01T00:28:49,sensor_1,Noise Attack,HIGH,rule_engine,0.10896139591932297,0.15038493275642395,False,0.24005609303520273,,,False,ok,
2025-01-01T00:28:52,sensor_1,Injection Attack,HIGH,rule_engine,0.09598895162343979,0.15038493275642395,False,0.2602086050681218,,,False,ok,
2025-01-01T00:28:55,sensor_1,Injection Attack,HIGH,rule_engine,0.08753965049982071,0.15038493275642395,False,0.22357078231042132,,,False,ok,
2025-01-01T00:28:58,sensor_1,Injection Attack,HIGH,rule_engine,0.08945681154727936,0.15038493275642395,False,0.26579281648536407,,,False,ok,
2025-01-01T00:29:01,sensor_1,Injection Attack,HIGH,rule_engine,0.08555559068918228,0.15038493275642395,False,0.27245310311828086,,,False,ok,
2025-01-01T00:29:04,sensor_1,Injection Attack,HIGH,rule_engine,0.0795975849032402,0.15038493275642395,False,0.24809238161092054,,,False,ok,
2025-01-01T00:29:07,sensor_1,Injection Attack,HIGH,rule_engine,0.08340776711702347,0.15038493275642395,False,0.27938897907242594,,,False,ok,
2025-01-01T00:29:10,sensor_1,Injection Attack,HIGH,rule_engine,0.07089643180370331,0.15038493275642395,False,0.3092858874907936,,,False,ok,
2025-01-01T00:29:13,sensor_1,Injection Attack,HIGH,rule_engine,0.06234071031212807,0.15038493275642395,False,0.2859555223187471,,,False,ok,
2025-01-01T00:29:16,sensor_1,Injection Attack,HIGH,rule_engine,0.05468769371509552,0.15038493275642395,False,0.33555519567937564,,,False,ok,
2025-01-01T00:29:19,sensor_1,Injection Attack,HIGH,rule_engine,0.04373488202691078,0.15038493275642395,False,0.3408381401188234,,,False,ok,
2025-01-01T00:29:22,sensor_1,Normal,HIGH,ensemble_voting_consensus,0.04364241659641266,0.15038493275642395,False,0.32652712060278305,,,False,ok,
2025-01-01T00:29:25,sensor_1,Normal,HIGH,ensemble_voting_consensus,0.041910283267498016,0.15038493275642395,False,0.32441305515655033,,,False,ok,
2025-01-01T00:29:28,sensor_1,Normal,HIGH,ensemble_voting_consensus,0.0310793649405241,0.15038493275642395,False,0.3411015028620995,,,False,ok,
2025-01-01T00:29:31,sensor_1,Normal,HIGH,ensemble_voting_consensus,0.030026189982891083,0.15038493275642395,False,0.3559802251210681,,,False,ok,
2025-01-01T00:29:34,sensor_1,Normal,HIGH,ensemble_voting_consensus,0.034433864057064056,0.15038493275642395,False,0.4013823856160229,,,False,ok,
2025-01-01T00:29:37,sensor_1,Normal,HIGH,ensemble_voting_consensus,0.029246896505355835,0.15038493275642395,False,0.3403748946432143,,,False,ok,
2025-01-01T00:29:40,sensor_1,Normal,HIGH,ensemble_voting_consensus,0.030088888481259346,0.15038493275642395,False,0.3352482155441139,,,False,ok,
2025-01-01T00:29:43,sensor_1,Normal,HIGH,ensemble_voting_consensus,0.03186218440532684,0.15038493275642395,False,0.3295229369532949,,,False,ok,
2025-01-01T00:29:46,sensor_1,Normal,HIGH,ensemble_voting_consensus,0.027771225199103355,0.15038493275642395,False,0.3253707598487606,,,False,ok,
2025-01-01T00:29:49,sensor_1,Normal,HIGH,ensemble_voting_consensus,0.025758743286132812,0.15038493275642395,False,0.32299100675378295,,,False,ok,
2025-01-01T00:29:52,sensor_1,Normal,HIGH,ensemble_voting_consensus,0.027262473478913307,0.15038493275642395,False,0.327921942377937,,,False,ok,
2025-01-01T00:29:55,sensor_1,Normal,HIGH,ensemble_voting_consensus,0.028054438531398773,0.15038493275642395,False,0.3931061860112245,,,False,ok,
2025-01-01T00:29:58,sensor_1,Normal,HIGH,ensemble_voting_consensus,0.030589379370212555,0.15038493275642395,False,0.4194859844830668,,,False,ok,
2025-01-01T00:30:01,sensor_1,Injection Attack,HIGH,rule_engine,0.039704374969005585,0.15038493275642395,False,0.37766956387496914,,,False,ok,
2025-01-01T00:30:04,sensor_1,Injection Attack,HIGH,rule_engine,0.03496699407696724,0.15038493275642395,False,0.36534149502299273,,,False,ok,
2025-01-01T00:30:07,sensor_1,Injection Attack,HIGH,rule_engine,0.035706792026758194,0.15038493275642395,False,0.33353274653024534,,,False,ok,
2025-01-01T00:30:10,sensor_1,Injection Attack,HIGH,rule_engine,0.03601764887571335,0.15038493275642395,False,0.34012914767426733,,,False,ok,
2025-01-01T00:30:13,sensor_1,Injection Attack,HIGH,rule_engine,0.035757895559072495,0.15038493275642395,False,0.33495275731730517,,,False,ok,
2025-01-01T00:30:16,sensor_1,Injection Attack,HIGH,rule_engine,0.04269644245505333,0.15038493275642395,False,0.37293972008769144,,,False,ok,
2025-01-01T00:30:19,sensor_1,Injection Attack,HIGH,rule_engine,0.043387506157159805,0.15038493275642395,False,0.3267854261080942,,,False,ok,
2025-01-01T00:30:22,sensor_1,Injection Attack,HIGH,rule_engine,0.04317450895905495,0.15038493275642395,False,0.32506065309822496,,,False,ok,
2025-01-01T00:30:25,sensor_1,Injection Attack,HIGH,rule_engine,0.04198576137423515,0.15038493275642395,False,0.297995713547401,,,False,ok,
2025-01-01T00:30:28,sensor_1,Injection Attack,HIGH,rule_engine,0.04068434610962868,0.15038493275642395,False,0.3219654837277051,,,False,ok,
2025-01-01T00:30:31,sensor_1,Injection Attack,HIGH,rule_engine,0.05102664232254028,0.15038493275642395,False,0.33345811257780644,,,False,ok,
2025-01-01T00:30:34,sensor_1,Injection Attack,HIGH,rule_engine,0.04957083612680435,0.15038493275642395,False,0.33490811279129235,,,False,ok,
2025-01-01T00:30:37,sensor_1,Injection Attack,HIGH,rule_engine,0.049689073115587234,0.15038493275642395,False,0.3140282659507652,,,False,ok,
2025-01-01T00:30:40,sensor_1,Injection Attack,HIGH,rule_engine,0.052480265498161316,0.15038493275642395,False,0.30051653156902564,,,False,ok,
2025-01-01T00:30:43,sensor_1,Injection Attack,HIGH,rule_engine,0.04978390038013458,0.15038493275642395,False,0.2701808685041274,,,False,ok,
2025-01-01T00:30:46,sensor_1,Injection Attack,HIGH,rule_engine,0.05403541028499603,0.15038493275642395,False,0.24797361303389304,,,False,ok,
2025-01-01T00:30:49,sensor_1,Injection Attack,HIGH,rule_engine,0.0568319670855999,0.15038493275642395,False,0.3089387226014316,,,False,ok,
2025-01-01T00:30:52,sensor_1,Injection Attack,HIGH,rule_engine,0.05568612739443779,0.15038493275642395,False,0.32748892405988594,,,False,ok,
2025-01-01T00:30:55,sensor_1,Injection Attack,HIGH,rule_engine,0.06064971163868904,0.15038493275642395,False,0.3346655617685701,,,False,ok,
2025-01-01T00:30:58,sensor_1,Injection Attack,HIGH,rule_engine,0.06114140525460243,0.15038493275642395,False,0.3575225520643825,,,False,ok,
2025-01-01T00:31:01,sensor_1,Injection Attack,HIGH,rule_engine,0.06700889021158218,0.15038493275642395,False,0.3256257556267264,,,False,ok,
2025-01-01T00:31:04,sensor_1,Injection Attack,HIGH,rule_engine,0.06687451899051666,0.15038493275642395,False,0.3504111995579968,,,False,ok,
2025-01-01T00:31:07,sensor_1,Injection Attack,HIGH,rule_engine,0.06795424968004227,0.15038493275642395,False,0.35281512005372156,,,False,ok,
2025-01-01T00:31:10,sensor_1,Injection Attack,HIGH,rule_engine,0.0698859691619873,0.15038493275642395,False,0.31107364267242416,,,False,ok,
2025-01-01T00:31:13,sensor_1,Injection Attack,HIGH,rule_engine,0.06841763108968735,0.15038493275642395,False,0.4402238570074233,,,False,ok,
2025-01-01T00:31:16,sensor_1,Injection Attack,HIGH,rule_engine,0.07564899325370789,0.15038493275642395,False,0.4264498507959564,,,False,ok,
2025-01-01T00:31:19,sensor_1,Injection Attack,HIGH,rule_engine,0.07638580352067947,0.15038493275642395,False,0.4521400006578172,,,False,ok,
2025-01-01T00:31:22,sensor_1,Injection Attack,HIGH,rule_engine,0.07513080537319183,0.15038493275642395,False,0.45411559922487366,,,False,ok,
2025-01-01T00:31:25,sensor_1,Injection Attack,HIGH,rule_engine,0.0802542120218277,0.15038493275642395,False,0.4598765180597717,,,False,ok,
2025-01-01T00:31:28,sensor_1,Injection Attack,HIGH,rule_engine,0.08036740124225616,0.15038493275642395,False,0.44834171746558915,,,False,ok,
2025-01-01T00:31:31,sensor_1,Injection Attack,HIGH,rule_engine,0.07995685935020447,0.15038493275642395,False,0.4122090617110203,,,False,ok,
2025-01-01T00:31:34,sensor_1,Injection Attack,HIGH,rule_engine,0.07747411727905273,0.15038493275642395,False,0.40730656409070837,,,False,ok,
2025-01-01T00:31:37,sensor_1,Injection Attack,HIGH,rule_engine,0.07950903475284576,0.15038493275642395,False,0.4051345587528384,,,False,ok,
2025-01-01T00:31:40,sensor_1,Injection Attack,HIGH,rule_engine,0.08160244673490524,0.15038493275642395,False,0.42190368569493886,,,False,ok,
2025-01-01T00:31:43,sensor_1,Injection Attack,HIGH,rule_engine,0.08330799639225006,0.15038493275642395,False,0.43983286590452536,,,False,ok,
2025-01-01T00:31:46,sensor_1,Injection Attack,HIGH,rule_engine,0.07981009781360626,0.15038493275642395,False,0.3739567081413509,,,False,ok,
2025-01-01T00:31:49,sensor_1,Injection Attack,HIGH,rule_engine,0.0807471051812172,0.15038493275642395,False,0.3596998033068627,,,False,ok,
2025-01-01T00:31:52,sensor_1,Injection Attack,HIGH,rule_engine,0.07929550111293793,0.15038493275642395,False,0.35766079088841995,,,False,ok,
2025-01-01T00:31:55,sensor_1,Injection Attack,HIGH,rule_engine,0.08024875819683075,0.15038493275642395,False,0.3497806662397281,,,False,ok,
2025-01-01T00:31:58,sensor_1,Injection Attack,HIGH,rule_engine,0.08560893684625626,0.15038493275642395,False,0.35106773866065283,,,False,ok,
2025-01-01T00:32:01,sensor_1,Injection Attack,HIGH,rule_engine,0.07664603739976883,0.15038493275642395,False,0.3274042058904734,,,False,ok,
2025-01-01T00:32:04,sensor_1,Injection Attack,HIGH,rule_engine,0.0760708749294281,0.15038493275642395,False,0.33812574968117215,,,False,ok,
2025-01-01T00:32:07,sensor_1,Injection Attack,HIGH,rule_engine,0.07993555814027786,0.15038493275642395,False,0.3883720297913324,,,False,ok,
2025-01-01T00:32:10,sensor_1,Injection Attack,HIGH,rule_engine,0.07792427390813828,0.15038493275642395,False,0.4098109103787011,,,False,ok,
2025-01-01T00:32:13,sensor_1,Injection Attack,HIGH,rule_engine,0.07922986894845963,0.15038493275642395,False,0.3587541362453121,,,False,ok,
2025-01-01T00:32:16,sensor_1,Injection Attack,HIGH,rule_engine,0.07669667899608612,0.15038493275642395,False,0.37026557724229314,,,False,ok,
2025-01-01T00:32:19,sensor_1,Injection Attack,HIGH,rule_engine,0.07563374191522598,0.15038493275642395,False,0.37466562889480465,,,False,ok,
2025-01-01T00:32:22,sensor_1,Injection Attack,HIGH,rule_engine,0.07925832271575928,0.15038493275642395,False,0.3959790365094644,,,False,ok,
2025-01-01T00:32:25,sensor_1,Injection Attack,HIGH,rule_engine,0.06795396655797958,0.15038493275642395,False,0.35077324719355496,,,False,ok,
2025-01-01T00:32:28,sensor_1,Injection Attack,HIGH,rule_engine,0.0705832690000534,0.15038493275642395,False,0.38147747910975977,,,False,ok,
2025-01-01T00:32:31,sensor_1,Injection Attack,HIGH,rule_engine,0.06902964413166046,0.15038493275642395,False,0.42727792597971304,,,False,ok,
2025-01-01T00:32:34,sensor_1,Injection Attack,HIGH,rule_engine,0.07193528115749359,0.15038493275642395,False,0.40873861117435056,,,False,ok,
2025-01-01T00:32:37,sensor_1,Injection Attack,HIGH,rule_engine,0.07768892496824265,0.15038493275642395,False,0.3878669143748371,,,False,ok,
2025-01-01T00:32:40,sensor_1,Injection Attack,HIGH,rule_engine,0.08378072082996368,0.15038493275642395,False,0.38874245919234596,,,False,ok,
2025-01-01T00:32:43,sensor_1,Injection Attack,HIGH,rule_engine,0.0918487086892128,0.15038493275642395,False,0.3965796463917793,,,False,ok,
2025-01-01T00:32:46,sensor_1,Injection Attack,HIGH,rule_engine,0.09162566810846329,0.15038493275642395,False,0.35064346687247955,,,False,ok,
2025-01-01T00:32:49,sensor_1,Injection Attack,HIGH,rule_engine,0.10047551244497299,0.15038493275642395,False,0.3039308630940428,,,False,ok,
2025-01-01T00:32:52,sensor_1,Injection Attack,HIGH,rule_engine,0.10173319280147552,0.15038493275642395,False,0.32306843133507,,,False,ok,
2025-01-01T00:32:55,sensor_1,Injection Attack,HIGH,rule_engine,0.10870272666215897,0.15038493275642395,False,0.30040444563178526,,,False,ok,
2025-01-01T00:32:58,sensor_1,Injection Attack,HIGH,rule_engine,0.11490027606487274,0.15038493275642395,False,0.2786847816198263,,,False,ok,
2025-01-01T00:33:01,sensor_1,Injection Attack,HIGH,rule_engine,0.10818935185670853,0.15038493275642395,False,0.28035481051776484,,,False,ok,
2025-01-01T00:33:04,sensor_1,Injection Attack,HIGH,rule_engine,0.11253461986780167,0.15038493275642395,False,0.26847491082223646,,,False,ok,
2025-01-01T00:33:07,sensor_1,Injection Attack,HIGH,rule_engine,0.11864065378904343,0.15038493275642395,False,0.27735625023229754,,,False,ok,
2025-01-01T00:33:10,sensor_1,Injection Attack,HIGH,rule_engine,0.124898262321949,0.15038493275642395,False,0.2980378621306174,,,False,ok,
2025-01-01T00:33:13,sensor_1,Injection Attack,HIGH,rule_engine,0.13422085344791412,0.15038493275642395,False,0.3019186424308545,,,False,ok,
2025-01-01T00:33:16,sensor_1,Injection Attack,HIGH,rule_engine,0.1318448781967163,0.15038493275642395,False,0.3424155409296457,,,False,ok,
2025-01-01T00:33:19,sensor_1,Injection Attack,HIGH,rule_engine,0.13857007026672363,0.15038493275642395,False,0.3600873099251945,,,False,ok,
2025-01-01T00:01:29,sensor_2,Normal,HIGH,ensemble_voting_consensus,0.021896440535783768,0.15038493275642395,False,0.20730482032040076,,,False,ok,
2025-01-01T00:01:32,sensor_2,Normal,HIGH,ensemble_voting_consensus,0.02156900055706501,0.15038493275642395,False,0.20970186440950972,,,False,ok,
2025-01-01T00:01:35,sensor_2,Normal,HIGH,ensemble_voting_consensus,0.02142239548265934,0.15038493275642395,False,0.22707443399096758,,,False,ok,
2025-01-01T00:01:38,sensor_2,Normal,HIGH,ensemble_voting_consensus,0.021069152280688286,0.15038493275642395,False,0.28560151758686897,,,False,ok,
2025-01-01T00:01:41,sensor_2,Normal,HIGH,ensemble_voting_consensus,0.026792537420988083,0.15038493275642395,False,0.2635943749193356,,,False,ok,
2025-01-01T00:01:44,sensor_2,Normal,HIGH,ensemble_voting_consensus,0.02624177560210228,0.15038493275642395,False,0.26514248453514233,,,False,ok,
2025-01-01T00:01:47,sensor_2,Normal,HIGH,ensemble_voting_consensus,0.02885211817920208,0.15038493275642395,False,0.2659099286099044,,,False,ok,
2025-01-01T00:01:50,sensor_2,Normal,HIGH,ensemble_voting_consensus,0.02879425138235092,0.15038493275642395,False,0.3024127019204126,,,False,ok,
2025-01-01T00:01:53,sensor_2,Normal,HIGH,ensemble_voting_consensus,0.03024325892329216,0.15038493275642395,False,0.3030146459905758,,,False,ok,
2025-01-01T00:01:56,sensor_2,Normal,HIGH,ensemble_voting_consensus,0.03116244450211525,0.15038493275642395,False,0.30148903828765167,,,False,ok,
2025-01-01T00:01:59,sensor_2,Normal,HIGH,ensemble_voting_consensus,0.030810317024588585,0.15038493275642395,False,0.2962948846993707,,,False,ok,
2025-01-01T00:02:02,sensor_2,Normal,HIGH,ensemble_voting_consensus,0.030134456232190132,0.15038493275642395,False,0.31644673196077094,,,False,ok,
2025-01-01T00:02:05,sensor_2,Normal,HIGH,ensemble_voting_consensus,0.03207334131002426,0.15038493275642395,False,0.3050718648606934,,,False,ok,
2025-01-01T00:02:08,sensor_2,Normal,HIGH,ensemble_voting_consensus,0.03390523046255112,0.15038493275642395,False,0.24581720496032747,,,False,ok,
2025-01-01T00:02:11,sensor_2,Normal,HIGH,ensemble_voting_consensus,0.03245712071657181,0.15038493275642395,False,0.2623604588844234,,,False,ok,
2025-01-01T00:02:14,sensor_2,Normal,HIGH,ensemble_voting_consensus,0.03160708025097847,0.15038493275642395,False,0.23303866974488094,,,False,ok,
2025-01-01T00:02:17,sensor_2,Normal,HIGH,ensemble_voting_consensus,0.034356776624917984,0.15038493275642395,False,0.23602946706569067,,,False,ok,
2025-01-01T00:02:20,sensor_2,Normal,HIGH,ensemble_voting_consensus,0.032780714333057404,0.15038493275642395,False,0.24476304607096366,,,False,ok,
2025-01-01T00:02:23,sensor_2,Normal,HIGH,ensemble_voting_consensus,0.03188882768154144,0.15038493275642395,False,0.3307999481630593,,,False,ok,
2025-01-01T00:02:26,sensor_2,Normal,HIGH,ensemble_voting_consensus,0.03145565837621689,0.15038493275642395,False,0.30954336813909,,,False,ok,
2025-01-01T00:02:29,sensor_2,Normal,HIGH,ensemble_voting_consensus,0.0266422051936388,0.15038493275642395,False,0.2537811514141503,,,False,ok,
2025-01-01T00:02:32,sensor_2,Normal,HIGH,ensemble_voting_consensus,0.0261393915861845,0.15038493275642395,False,0.2885847223096847,,,False,ok,
2025-01-01T00:02:35,sensor_2,Normal,HIGH,ensemble_voting_consensus,0.02567356638610363,0.15038493275642395,False,0.34167465598931074,,,False,ok,
2025-01-01T00:02:38,sensor_2,Normal,HIGH,ensemble_voting_consensus,0.028103020042181015,0.15038493275642395,False,0.343888826247168,,,False,ok,
2025-01-01T00:02:41,sensor_2,Normal,HIGH,ensemble_voting_consensus,0.027231065556406975,0.15038493275642395,False,0.35279796002862196,,,False,ok,
2025-01-01T00:02:44,sensor_2,Normal,HIGH,ensemble_voting_consensus,0.02713075652718544,0.15038493275642395,False,0.36476779556106637,,,False,ok,
2025-01-01T00:02:47,sensor_2,Normal,HIGH,ensemble_voting_consensus,0.029051166027784348,0.15038493275642395,False,0.3667052380623528,,,False,ok,
2025-01-01T00:02:50,sensor_2,Normal,HIGH,ensemble_voting_consensus,0.028087802231311798,0.15038493275642395,False,0.3820307657532734,,,False,ok,
2025-01-01T00:02:53,sensor_2,Normal,HIGH,ensemble_voting_consensus,0.029300205409526825,0.15038493275642395,False,0.3943064154966406,,,False,ok,
2025-01-01T00:02:56,sensor_2,Normal,HIGH,ensemble_voting_consensus,0.026255512610077858,0.15038493275642395,False,0.32658166495318025,,,False,ok,
2025-01-01T00:02:59,sensor_2,Normal,HIGH,ensemble_voting_consensus,0.025941941887140274,0.15038493275642395,False,0.33466509722719057,,,False,ok,
2025-01-01T00:03:02,sensor_2,Normal,HIGH,ensemble_voting_consensus,0.02526012435555458,0.15038493275642395,False,0.3574961116378619,,,False,ok,
2025-01-01T00:03:05,sensor_2,Normal,HIGH,ensemble_voting_consensus,0.028037220239639282,0.15038493275642395,False,0.38093910040160217,,,False,ok,
2025-01-01T00:03:08,sensor_2,Normal,HIGH,ensemble_voting_consensus,0.03022690862417221,0.15038493275642395,False,0.3423423134112263,,,False,ok,
2025-01-01T00:03:11,sensor_2,Normal,HIGH,ensemble_voting_consensus,0.02410806342959404,0.15038493275642395,False,0.4456251845750798,,,False,ok,
2025-01-01T00:03:14,sensor_2,Normal,HIGH,ensemble_voting_consensus,0.0259625855833292,0.15038493275642395,False,0.42124276138502637,,,False,ok,
2025-01-01T00:03:17,sensor_2,Normal,HIGH,ensemble_voting_consensus,0.021718548610806465,0.15038493275642395,False,0.32273460808144067,,,False,ok,
2025-01-01T00:03:20,sensor_2,Normal,HIGH,ensemble_voting_consensus,0.021854571998119354,0.15038493275642395,False,0.31646427812471073,,,False,ok,
2025-01-01T00:03:23,sensor_2,Normal,HIGH,ensemble_voting_consensus,0.022843418642878532,0.15038493275642395,False,0.29366564556520935,,,False,ok,
2025-01-01T00:03:26,sensor_2,Normal,HIGH,ensemble_voting_consensus,0.022149812430143356,0.15038493275642395,False,0.30962951836354735,,,False,ok,
2025-01-01T00:03:29,sensor_2,Normal,HIGH,ensemble_voting_consensus,0.023044995963573456,0.15038493275642395,False,0.3045964249556247,,,False,ok,
2025-01-01T00:03:32,sensor_2,Normal,HIGH,ensemble_voting_consensus,0.025418508797883987,0.15038493275642395,False,0.3120399474648619,,,False,ok,
2025-01-01T00:03:35,sensor_2,Normal,HIGH,ensemble_voting_consensus,0.021983664482831955,0.15038493275642395,False,0.2813458029543365,,,False,ok,
2025-01-01T00:03:38,sensor_2,Normal,HIGH,ensemble_voting_consensus,0.02187999151647091,0.15038493275642395,False,0.2190661514805208,,,False,ok,
2025-01-01T00:03:41,sensor_2,Normal,HIGH,ensemble_voting_consensus,0.02219640649855137,0.15038493275642395,False,0.2148285535571857,,,False,ok,
2025-01-01T00:03:44,sensor_2,Normal,HIGH,ensemble_voting_consensus,0.023332705721259117,0.15038493275642395,False,0.21259803072403954,,,False,ok,
2025-01-01T00:03:47,sensor_2,Normal,HIGH,ensemble_voting_consensus,0.02446833625435829,0.15038493275642395,False,0.26331278506814065,,,False,ok,
2025-01-01T00:03:50,sensor_2,Normal,HIGH,ensemble_voting_consensus,0.024588514119386673,0.15038493275642395,False,0.26897592259144565,,,False,ok,
2025-01-01T00:03:53,sensor_2,Normal,HIGH,ensemble_voting_consensus,0.026832936331629753,0.15038493275642395,False,0.19043577234562156,,,False,ok,
2025-01-01T00:03:56,sensor_2,Normal,HIGH,ensemble_voting_consensus,0.029657837003469467,0.15038493275642395,False,0.16591042884076312,,,False,ok,
2025-01-01T00:03:59,sensor_2,Normal,HIGH,ensemble_voting_consensus,0.031214514747262,0.15038493275642395,False,0.19026307919686267,,,False,ok,
2025-01-01T00:04:02,sensor_2,Normal,HIGH,ensemble_voting_consensus,0.03170764818787575,0.15038493275642395,False,0.182531225119563,,,False,ok,
2025-01-01T00:04:05,sensor_2,Normal,HIGH,ensemble_voting_consensus,0.03196147829294205,0.15038493275642395,False,0.17402820877178948,,,False,ok,
2025-01-01T00:04:08,sensor_2,Normal,HIGH,ensemble_voting_consensus,0.032200928777456284,0.15038493275642395,False,0.198054595258145,,,False,ok,
2025-01-01T00:04:11,sensor_2,Normal,HIGH,ensemble_voting_consensus,0.03214056417346001,0.15038493275642395,False,0.20198255603706827,,,False,ok,
2025-01-01T00:04:14,sensor_2,Normal,HIGH,ensemble_voting_consensus,0.029917210340499878,0.15038493275642395,False,0.20178776148725291,,,False,ok,
2025-01-01T00:04:17,sensor_2,Normal,HIGH,ensemble_voting_consensus,0.02961856685578823,0.15038493275642395,False,0.1787096515982425,,,False,ok,
2025-01-01T00:04:20,sensor_2,Normal,HIGH,ensemble_voting_consensus,0.0316065214574337,0.15038493275642395,False,0.18276752545346878,,,False,ok,
2025-01-01T00:04:23,sensor_2,Normal,HIGH,ensemble_voting_consensus,0.031321510672569275,0.15038493275642395,False,0.19226612701677004,,,False,ok,
2025-01-01T00:04:26,sensor_2,Normal,HIGH,ensemble_voting_consensus,0.0322292186319828,0.15038493275642395,False,0.19674197371878946,,,False,ok,
2025-01-01T00:04:29,sensor_2,Normal,HIGH,ensemble_voting_consensus,0.03477751463651657,0.15038493275642395,False,0.29823805102772466,,,False,ok,
2025-01-01T00:04:32,sensor_2,Normal,HIGH,ensemble_voting_consensus,0.03498246148228645,0.15038493275642395,False,0.2981760991086957,,,False,ok,
2025-01-01T00:04:35,sensor_2,Normal,HIGH,ensemble_voting_consensus,0.03212107717990875,0.15038493275642395,False,0.32000004391282455,,,False,ok,
2025-01-01T00:04:38,sensor_2,Normal,HIGH,ensemble_voting_consensus,0.033732350915670395,0.15038493275642395,False,0.3689267384378976,,,False,ok,
2025-01-01T00:04:41,sensor_2,Normal,HIGH,ensemble_voting_consensus,0.034422144293785095,0.15038493275642395,False,0.34493873624380206,,,False,ok,
2025-01-01T00:04:44,sensor_2,Normal,HIGH,ensemble_voting_consensus,0.033152319490909576,0.15038493275642395,False,0.28761423387739204,,,False,ok,
2025-01-01T00:04:47,sensor_2,Normal,HIGH,ensemble_voting_consensus,0.03263445571064949,0.15038493275642395,False,0.3179758841731866,,,False,ok,
2025-01-01T00:04:50,sensor_2,Normal,HIGH,ensemble_voting_consensus,0.03335614502429962,0.15038493275642395,False,0.3307058162412854,,,False,ok,
2025-01-01T00:04:53,sensor_2,Normal,HIGH,ensemble_voting_consensus,0.03452416881918907,0.15038493275642395,False,0.3283636084448969,,,False,ok,
2025-01-01T00:04:56,sensor_2,Normal,HIGH,ensemble_voting_consensus,0.03380658105015755,0.15038493275642395,False,0.3122366704648611,,,False,ok,
2025-01-01T00:04:59,sensor_2,Normal,HIGH,ensemble_voting_consensus,0.03120744414627552,0.15038493275642395,False,0.33959066998532367,,,False,ok,
2025-01-01T00:05:02,sensor_2,Normal,HIGH,ensemble_voting_consensus,0.03133111447095871,0.15038493275642395,False,0.333594837908683,,,False,ok,
2025-01-01T00:05:05,sensor_2,Normal,HIGH,ensemble_voting_consensus,0.026128659024834633,0.15038493275642395,False,0.2980033254192564,,,False,ok,
2025-01-01T00:05:08,sensor_2,Normal,HIGH,ensemble_voting_consensus,0.02700100466609001,0.15038493275642395,False,0.37347643648258755,,,False,ok,
2025-01-01T00:05:11,sensor_2,Normal,HIGH,ensemble_voting_consensus,0.027040718123316765,0.15038493275642395,False,0.3467547132020095,,,False,ok,
2025-01-01T00:05:14,sensor_2,Normal,HIGH,ensemble_voting_consensus,0.031040962785482407,0.15038493275642395,False,0.31812502679856397,,,False,ok,
2025-01-01T00:05:17,sensor_2,Normal,HIGH,ensemble_voting_consensus,0.029153527691960335,0.15038493275642395,False,0.2876811769493011,,,False,ok,
2025-01-01T00:05:20,sensor_2,Normal,HIGH,ensemble_voting_consensus,0.031104298308491707,0.15038493275642395,False,0.30940279939573534,,,False,ok,
2025-01-01T00:05:23,sensor_2,Normal,HIGH,ensemble_voting_consensus,0.03438122943043709,0.15038493275642395,False,0.33656564405879313,,,False,ok,
2025-01-01T00:05:26,sensor_2,Normal,HIGH,ensemble_voting_consensus,0.025720687583088875,0.15038493275642395,False,0.3037555856494748,,,False,ok,
2025-01-01T00:05:29,sensor_2,Normal,HIGH,ensemble_voting_consensus,0.026662088930606842,0.15038493275642395,False,0.3113154769193439,,,False,ok,
2025-01-01T00:05:32,sensor_2,Normal,HIGH,ensemble_voting_consensus,0.026846159249544144,0.15038493275642395,False,0.31000780110912346,,,False,ok,
2025-01-01T00:05:35,sensor_2,Normal,HIGH,ensemble_voting_consensus,0.027901126071810722,0.15038493275642395,False,0.27960843063598945,,,False,ok,
2025-01-01T00:05:38,sensor_2,Normal,HIGH,ensemble_voting_consensus,0.02804160863161087,0.15038493275642395,False,0.2902306924091781,,,False,ok,
2025-01-01T00:05:41,sensor_2,Normal,HIGH,ensemble_voting_consensus,0.027847236022353172,0.15038493275642395,False,0.23282458338826006,,,False,ok,
2025-01-01T00:05:44,sensor_2,Normal,HIGH,ensemble_voting_consensus,0.026566851884126663,0.15038493275642395,False,0.24052599476435735,,,False,ok,
2025-01-01T00:05:47,sensor_2,Normal,HIGH,ensemble_voting_consensus,0.025701016187667847,0.15038493275642395,False,0.2609449362455098,,,False,ok,
2025-01-01T00:05:50,sensor_2,Normal,HIGH,ensemble_voting_consensus,0.027317162603139877,0.15038493275642395,False,0.2737491727093136,,,False,ok,
2025-01-01T00:05:53,sensor_2,Normal,HIGH,ensemble_voting_consensus,0.02738790027797222,0.15038493275642395,False,0.2515678081707006,,,False,ok,
2025-01-01T00:05:56,sensor_2,Normal,HIGH,ensemble_voting_consensus,0.023550869897007942,0.15038493275642395,False,0.2514270242992734,,,False,ok,
2025-01-01T00:05:59,sensor_2,Normal,HIGH,ensemble_voting_consensus,0.02349204011261463,0.15038493275642395,False,0.27076203257125586,,,False,ok,
2025-01-01T00:06:02,sensor_2,Normal,HIGH,ensemble_voting_consensus,0.023555392399430275,0.15038493275642395,False,0.26184700641116826,,,False,ok,
2025-01-01T00:06:05,sensor_2,Normal,HIGH,ensemble_voting_consensus,0.024433081969618797,0.15038493275642395,False,0.2762172495684693,,,False,ok,
2025-01-01T00:06:08,sensor_2,Normal,HIGH,ensemble_voting_consensus,0.021565662696957588,0.15038493275642395,False,0.26769911839956156,,,False,ok,
2025-01-01T00:06:11,sensor_2,Normal,HIGH,ensemble_voting_consensus,0.02275974489748478,0.15038493275642395,False,0.28892942431282836,,,False,ok,
2025-01-01T00:06:14,sensor_2,Normal,HIGH,ensemble_voting_consensus,0.022826936095952988,0.15038493275642395,False,0.32770312777498317,,,False,ok,
2025-01-01T00:06:17,sensor_2,Normal,HIGH,ensemble_voting_consensus,0.02175178751349449,0.15038493275642395,False,0.3340680998764868,,,False,ok,
2025-01-01T00:06:20,sensor_2,Normal,HIGH,ensemble_voting_consensus,0.02333073504269123,0.15038493275642395,False,0.3045887851224836,,,False,ok,
2025-01-01T00:06:23,sensor_2,Normal,HIGH,ensemble_voting_consensus,0.02291138842701912,0.15038493275642395,False,0.3046359289699269,,,False,ok,
2025-01-01T00:06:26,sensor_2,Normal,HIGH,ensemble_voting_consensus,0.0244495440274477,0.15038493275642395,False,0.2966192492025343,,,False,ok,
2025-01-01T00:06:29,sensor_2,Normal,HIGH,ensemble_voting_consensus,0.023228568956255913,0.15038493275642395,False,0.29116854608927195,,,False,ok,
2025-01-01T00:06:32,sensor_2,Normal,HIGH,ensemble_voting_consensus,0.023713041096925735,0.15038493275642395,False,0.27986281312241845,,,False,ok,
2025-01-01T00:06:35,sensor_2,Normal,HIGH,ensemble_voting_consensus,0.02593887597322464,0.15038493275642395,False,0.29367068633451193,,,False,ok,
2025-01-01T00:06:38,sensor_2,Normal,HIGH,ensemble_voting_consensus,0.022129399701952934,0.15038493275642395,False,0.39491203985288015,,,False,ok,
2025-01-01T00:06:41,sensor_2,Normal,HIGH,ensemble_voting_consensus,0.020866144448518753,0.15038493275642395,False,0.4207444613976611,,,False,ok,
2025-01-01T00:06:44,sensor_2,Normal,HIGH,ensemble_voting_consensus,0.022329222410917282,0.15038493275642395,False,0.38261002132468325,,,False,ok,
2025-01-01T00:06:47,sensor_2,Normal,HIGH,ensemble_voting_consensus,0.019028225913643837,0.15038493275642395,False,0.4033072001987939,,,False,ok,
2025-01-01T00:06:50,sensor_2,Normal,HIGH,ensemble_voting_consensus,0.01915999874472618,0.15038493275642395,False,0.34747448444927936,,,False,ok,
2025-01-01T00:06:53,sensor_2,Normal,HIGH,ensemble_voting_consensus,0.019977271556854248,0.15038493275642395,False,0.30963313185810903,,,False,ok,
2025-01-01T00:06:56,sensor_2,Normal,HIGH,ensemble_voting_consensus,0.019687533378601074,0.15038493275642395,False,0.30792592621217557,,,False,ok,
2025-01-01T00:06:59,sensor_2,Normal,HIGH,ensemble_voting_consensus,0.020152008160948753,0.15038493275642395,False,0.3045295267365063,,,False,ok,
2025-01-01T00:07:02,sensor_2,Normal,HIGH,ensemble_voting_consensus,0.017439011484384537,0.15038493275642395,False,0.26715965682769754,,,False,ok,
2025-01-01T00:07:05,sensor_2,Normal,HIGH,ensemble_voting_consensus,0.016605960205197334,0.15038493275642395,False,0.24497780121301696,,,False,ok,
2025-01-01T00:07:08,sensor_2,Normal,HIGH,ensemble_voting_consensus,0.019676130264997482,0.15038493275642395,False,0.23904247858754052,,,False,ok,
2025-01-01T00:07:11,sensor_2,Normal,HIGH,ensemble_voting_consensus,0.020339151844382286,0.15038493275642395,False,0.2532072802813204,,,False,ok,
2025-01-01T00:07:14,sensor_2,Normal,HIGH,ensemble_voting_consensus,0.020516710355877876,0.15038493275642395,False,0.23698595338920184,,,False,ok,
2025-01-01T00:07:17,sensor_2,Normal,HIGH,ensemble_voting_consensus,0.022613568231463432,0.15038493275642395,False,0.27157488308619326,,,False,ok,
2025-01-01T00:07:20,sensor_2,Normal,HIGH,ensemble_voting_consensus,0.021389763802289963,0.15038493275642395,False,0.2914844048428438,,,False,ok,
2025-01-01T00:07:23,sensor_2,Normal,HIGH,ensemble_voting_consensus,0.02211041934788227,0.15038493275642395,False,0.2801270659755359,,,False,ok,
2025-01-01T00:07:26,sensor_2,Normal,HIGH,ensemble_voting_consensus,0.023501940071582794,0.15038493275642395,False,0.2577714925275048,,,False,ok,
2025-01-01T00:07:29,sensor_2,Normal,HIGH,ensemble_voting_consensus,0.023308247327804565,0.15038493275642395,False,0.2782110116505925,,,False,ok,
2025-01-01T00:07:32,sensor_2,Normal,HIGH,ensemble_voting_consensus,0.023596733808517456,0.15038493275642395,False,0.26624946679581263,,,False,ok,
2025-01-01T00:07:35,sensor_2,Normal,HIGH,ensemble_voting_consensus,0.021846236661076546,0.15038493275642395,False,0.2923100297625245,,,False,ok,
2025-01-01T00:07:38,sensor_2,Normal,HIGH,ensemble_voting_consensus,0.021227728575468063,0.15038493275642395,False,0.35570148556250414,,,False,ok,
2025-01-01T00:07:41,sensor_2,Normal,HIGH,ensemble_voting_consensus,0.022484732791781425,0.15038493275642395,False,0.3251666433276656,,,False,ok,
2025-01-01T00:07:44,sensor_2,Normal,HIGH,ensemble_voting_consensus,0.019481178373098373,0.15038493275642395,False,0.336397101354988,,,False,ok,
2025-01-01T00:07:47,sensor_2,Normal,HIGH,ensemble_voting_consensus,0.02157978154718876,0.15038493275642395,False,0.360886487490148,,,False,ok,
2025-01-01T00:07:50,sensor_2,Normal,HIGH,ensemble_voting_consensus,0.022122621536254883,0.15038493275642395,False,0.34997019555850156,,,False,ok,
2025-01-01T00:07:53,sensor_2,Normal,HIGH,ensemble_voting_consensus,0.02226277068257332,0.15038493275642395,False,0.31295352796292564,,,False,ok,
2025-01-01T00:07:56,sensor_2,Normal,HIGH,ensemble_voting_consensus,0.023230934515595436,0.15038493275642395,False,0.31188605256231416,,,False,ok,
2025-01-01T00:07:59,sensor_2,Normal,HIGH,ensemble_voting_consensus,0.022820603102445602,0.15038493275642395,False,0.33084374650533327,,,False,ok,
2025-01-01T00:08:02,sensor_2,Normal,HIGH,ensemble_voting_consensus,0.0227647852152586,0.15038493275642395,False,0.3400459104335982,,,False,ok,
2025-01-01T00:08:05,sensor_2,Normal,HIGH,ensemble_voting_consensus,0.025102738291025162,0.15038493275642395,False,0.35749700376645743,,,False,ok,
2025-01-01T00:08:08,sensor_2,Normal,HIGH,ensemble_voting_consensus,0.026204032823443413,0.15038493275642395,False,0.3321827572692755,,,False,ok,
2025-01-01T00:08:11,sensor_2,Normal,HIGH,ensemble_voting_consensus,0.02461826428771019,0.15038493275642395,False,0.3352689510243837,,,False,ok,
2025-01-01T00:08:14,sensor_2,Normal,HIGH,ensemble_voting_consensus,0.023772042244672775,0.15038493275642395,False,0.3232576732497051,,,False,ok,
2025-01-01T00:08:17,sensor_2,Normal,HIGH,ensemble_voting_consensus,0.024829691275954247,0.15038493275642395,False,0.3386021643364998,,,False,ok,
2025-01-01T00:08:20,sensor_2,Normal,HIGH,ensemble_voting_consensus,0.021579662337899208,0.15038493275642395,False,0.35393543964380614,,,False,ok,
2025-01-01T00:08:23,sensor_2,Normal,HIGH,ensemble_voting_consensus,0.02492900751531124,0.15038493275642395,False,0.3463041132946013,,,False,ok,
2025-01-01T00:08:26,sensor_2,Normal,HIGH,ensemble_voting_consensus,0.02351575344800949,0.15038493275642395,False,0.3381328997206894,,,False,ok,
2025-01-01T00:08:29,sensor_2,Normal,HIGH,ensemble_voting_consensus,0.023023830726742744,0.15038493275642395,False,0.35741186210253156,,,False,ok,
2025-01-01T00:08:32,sensor_2,Normal,HIGH,ensemble_voting_consensus,0.024556048214435577,0.15038493275642395,False,0.3314551859116725,,,False,ok,
2025-01-01T00:08:35,sensor_2,Normal,HIGH,ensemble_voting_consensus,0.02885531634092331,0.15038493275642395,False,0.37494045847984314,,,False,ok,
2025-01-01T00:08:38,sensor_2,Normal,HIGH,ensemble_voting_consensus,0.02672090195119381,0.15038493275642395,False,0.3205872541664741,,,False,ok,
2025-01-01T00:08:41,sensor_2,Normal,HIGH,ensemble_voting_consensus,0.026403548195958138,0.15038493275642395,False,0.3379343251929439,,,False,ok,
2025-01-01T00:08:44,sensor_2,Normal,HIGH,ensemble_voting_consensus,0.027153832837939262,0.15038493275642395,False,0.30593890899330056,,,False,ok,
2025-01-01T00:08:47,sensor_2,Normal,HIGH,ensemble_voting_consensus,0.026595240458846092,0.15038493275642395,False,0.33290203331349877,,,False,ok,
2025-01-01T00:08:50,sensor_2,Normal,HIGH,ensemble_voting_consensus,0.028631985187530518,0.15038493275642395,False,0.2851012415527819,,,False,ok,
2025-01-01T00:08:53,sensor_2,Normal,HIGH,ensemble_voting_consensus,0.027798930183053017,0.15038493275642395,False,0.29837734285353923,,,False,ok,
2025-01-01T00:08:56,sensor_2,Normal,HIGH,ensemble_voting_consensus,0.027225999161601067,0.15038493275642395,False,0.2794201263571485,,,False,ok,
2025-01-01T00:08:59,sensor_2,Normal,HIGH,ensemble_voting_consensus,0.02704533562064171,0.15038493275642395,False,0.2780932042121031,,,False,ok,
2025-01-01T00:09:02,sensor_2,Normal,HIGH,ensemble_voting_consensus,0.02792542427778244,0.15038493275642395,False,0.2740405470765652,,,False,ok,
2025-01-01T00:09:05,sensor_2,Normal,HIGH,ensemble_voting_consensus,0.029227418825030327,0.15038493275642395,False,0.3154054253629767,,,False,ok,
2025-01-01T00:09:08,sensor_2,Normal,HIGH,ensemble_voting_consensus,0.032542791217565536,0.15038493275642395,False,0.3041815662287104,,,False,ok,
2025-01-01T00:09:11,sensor_2,Normal,HIGH,ensemble_voting_consensus,0.03122352808713913,0.15038493275642395,False,0.29295136939038624,,,False,ok,
2025-01-01T00:09:14,sensor_2,Normal,HIGH,ensemble_voting_consensus,0.02955004572868347,0.15038493275642395,False,0.29892267910028486,,,False,ok,
2025-01-01T00:09:17,sensor_2,Normal,HIGH,ensemble_voting_consensus,0.028553014621138573,0.15038493275642395,False,0.2746943026328677,,,False,ok,
2025-01-01T00:09:20,sensor_2,Normal,HIGH,ensemble_voting_consensus,0.029315952211618423,0.15038493275642395,False,0.2678859812818404,,,False,ok,
2025-01-01T00:09:23,sensor_2,Normal,HIGH,ensemble_voting_consensus,0.030798502266407013,0.15038493275642395,False,0.2554294202803648,,,False,ok,
2025-01-01T00:09:26,sensor_2,Normal,HIGH,ensemble_voting_consensus,0.03080747090280056,0.15038493275642395,False,0.2761539898626211,,,False,ok,
2025-01-01T00:09:29,sensor_2,Normal,HIGH,ensemble_voting_consensus,0.02910442277789116,0.15038493275642395,False,0.290730765157825,,,False,ok,
2025-01-01T00:09:32,sensor_2,Normal,HIGH,ensemble_voting_consensus,0.029533039778470993,0.15038493275642395,False,0.29321709387076905,,,False,ok,
2025-01-01T00:09:35,sensor_2,Normal,HIGH,ensemble_voting_consensus,0.028938790783286095,0.15038493275642395,False,0.32770979526924554,,,False,ok,
2025-01-01T00:09:38,sensor_2,Normal,HIGH,ensemble_voting_consensus,0.030860740691423416,0.15038493275642395,False,0.34934466592991237,,,False,ok,
2025-01-01T00:09:41,sensor_2,Normal,HIGH,ensemble_voting_consensus,0.030531611293554306,0.15038493275642395,False,0.3645724925287161,,,False,ok,
2025-01-01T00:09:44,sensor_2,Normal,HIGH,ensemble_voting_consensus,0.03339036554098129,0.15038493275642395,False,0.3616523452267027,,,False,ok,
2025-01-01T00:09:47,sensor_2,Normal,HIGH,ensemble_voting_consensus,0.03266404941678047,0.15038493275642395,False,0.3634559531354691,,,False,ok,
2025-01-01T00:09:50,sensor_2,Normal,HIGH,ensemble_voting_consensus,0.033192381262779236,0.15038493275642395,False,0.35454345336908605,,,False,ok,
2025-01-01T00:09:53,sensor_2,Normal,HIGH,ensemble_voting_consensus,0.030008941888809204,0.15038493275642395,False,0.32286476321052365,,,False,ok,
2025-01-01T00:09:56,sensor_2,Normal,HIGH,ensemble_voting_consensus,0.03206240385770798,0.15038493275642395,False,0.34169307946645444,,,False,ok,
2025-01-01T00:09:59,sensor_2,Normal,HIGH,ensemble_voting_consensus,0.027424437925219536,0.15038493275642395,False,0.33645196570257235,,,False,ok,
2025-01-01T00:10:02,sensor_2,Normal,HIGH,ensemble_voting_consensus,0.026490790769457817,0.15038493275642395,False,0.32223968927672253,,,False,ok,
2025-01-01T00:10:05,sensor_2,Normal,HIGH,ensemble_voting_consensus,0.028409112244844437,0.15038493275642395,False,0.2890703523729995,,,False,ok,
2025-01-01T00:10:08,sensor_2,Normal,HIGH,ensemble_voting_consensus,0.028941906988620758,0.15038493275642395,False,0.33443338325801314,,,False,ok,
2025-01-01T00:10:11,sensor_2,Normal,HIGH,ensemble_voting_consensus,0.026327036321163177,0.15038493275642395,False,0.3341360895901932,,,False,ok,
2025-01-01T00:10:14,sensor_2,Normal,HIGH,ensemble_voting_consensus,0.026766695082187653,0.15038493275642395,False,0.34228930673488756,,,False,ok,
2025-01-01T00:10:17,sensor_2,Normal,HIGH,ensemble_voting_consensus,0.022899871692061424,0.15038493275642395,False,0.33264622930895943,,,False,ok,
2025-01-01T00:10:20,sensor_2,Normal,HIGH,ensemble_voting_consensus,0.02279355563223362,0.15038493275642395,False,0.34498248735142334,,,False,ok,
2025-01-01T00:10:23,sensor_2,Normal,HIGH,ensemble_voting_consensus,0.0259249284863472,0.15038493275642395,False,0.36886904914862534,,,False,ok,
2025-01-01T00:10:26,sensor_2,Normal,HIGH,ensemble_voting_consensus,0.023617006838321686,0.15038493275642395,False,0.35214635737010636,,,False,ok,
2025-01-01T00:10:29,sensor_2,Normal,HIGH,ensemble_voting_consensus,0.02355458028614521,0.15038493275642395,False,0.36585018297909994,,,False,ok,
2025-01-01T00:10:32,sensor_2,Normal,HIGH,ensemble_voting_consensus,0.023572562262415886,0.15038493275642395,False,0.37316243070249483,,,False,ok,
2025-01-01T00:10:35,sensor_2,Normal,HIGH,ensemble_voting_consensus,0.02656044252216816,0.15038493275642395,False,0.3459883210661848,,,False,ok,
2025-01-01T00:10:38,sensor_2,Normal,HIGH,ensemble_voting_consensus,0.023495614528656006,0.15038493275642395,False,0.28235533707453364,,,False,ok,
2025-01-01T00:10:41,sensor_2,Normal,HIGH,ensemble_voting_consensus,0.025140294805169106,0.15038493275642395,False,0.32203480894363684,,,False,ok,
2025-01-01T00:10:44,sensor_2,Normal,HIGH,ensemble_voting_consensus,0.026441790163517,0.15038493275642395,False,0.3061008483129907,,,False,ok,
2025-01-01T00:10:47,sensor_2,Normal,HIGH,ensemble_voting_consensus,0.0248341653496027,0.15038493275642395,False,0.26207938434480926,,,False,ok,
2025-01-01T00:10:50,sensor_2,Normal,HIGH,ensemble_voting_consensus,0.026623118668794632,0.15038493275642395,False,0.2660156774589244,,,False,ok,
2025-01-01T00:10:53,sensor_2,Normal,HIGH,ensemble_voting_consensus,0.025597846135497093,0.15038493275642395,False,0.27388520236913705,,,False,ok,
2025-01-01T00:10:56,sensor_2,Normal,HIGH,ensemble_voting_consensus,0.024149708449840546,0.15038493275642395,False,0.2761531997073331,,,False,ok,
2025-01-01T00:10:59,sensor_2,Normal,HIGH,ensemble_voting_consensus,0.02421007677912712,0.15038493275642395,False,0.35832538952924947,,,False,ok,
2025-01-01T00:11:02,sensor_2,Normal,HIGH,ensemble_voting_consensus,0.025023289024829865,0.15038493275642395,False,0.3301126609515116,,,False,ok,
2025-01-01T00:11:05,sensor_2,Normal,HIGH,ensemble_voting_consensus,0.02132243476808071,0.15038493275642395,False,0.34129565457152206,,,False,ok,
2025-01-01T00:11:08,sensor_2,Normal,HIGH,ensemble_voting_consensus,0.02258785255253315,0.15038493275642395,False,0.3707781777111569,,,False,ok,
2025-01-01T00:11:11,sensor_2,Normal,HIGH,ensemble_voting_consensus,0.02151024155318737,0.15038493275642395,False,0.35035361083738054,,,False,ok,
2025-01-01T00:11:14,sensor_2,Normal,HIGH,ensemble_voting_consensus,0.025669245049357414,0.15038493275642395,False,0.33999282957410354,,,False,ok,
2025-01-01T00:11:17,sensor_2,Normal,HIGH,ensemble_voting_consensus,0.023282868787646294,0.15038493275642395,False,0.32852448796320693,,,False,ok,
2025-01-01T00:11:20,sensor_2,Normal,HIGH,ensemble_voting_consensus,0.02421312965452671,0.15038493275642395,False,0.33202913865501005,,,False,ok,
2025-01-01T00:11:23,sensor_2,Normal,HIGH,ensemble_voting_consensus,0.027321554720401764,0.15038493275642395,False,0.3316126204818029,,,False,ok,
2025-01-01T00:11:26,sensor_2,Normal,HIGH,ensemble_voting_consensus,0.026630761101841927,0.15038493275642395,False,0.29434034919407753,,,False,ok,
2025-01-01T00:11:29,sensor_2,Normal,HIGH,ensemble_voting_consensus,0.025072207674384117,0.15038493275642395,False,0.3169750129199883,,,False,ok,
2025-01-01T00:11:32,sensor_2,Normal,HIGH,ensemble_voting_consensus,0.02576163224875927,0.15038493275642395,False,0.3083979826990645,,,False,ok,
2025-01-01T00:11:35,sensor_2,Normal,HIGH,ensemble_voting_consensus,0.0286630317568779,0.15038493275642395,False,0.2682995434154208,,,False,ok,
2025-01-01T00:11:38,sensor_2,Normal,HIGH,ensemble_voting_consensus,0.030430151149630547,0.15038493275642395,False,0.2726535277529532,,,False,ok,
2025-01-01T00:11:41,sensor_2,Normal,HIGH,ensemble_voting_consensus,0.026797976344823837,0.15038493275642395,False,0.2592139638787608,,,False,ok,
2025-01-01T00:11:44,sensor_2,Normal,HIGH,ensemble_voting_consensus,0.02561318874359131,0.15038493275642395,False,0.27895865142073056,,,False,ok,
2025-01-01T00:11:47,sensor_2,Normal,HIGH,ensemble_voting_consensus,0.025464480742812157,0.15038493275642395,False,0.27285011386250485,,,False,ok,
2025-01-01T00:11:50,sensor_2,Normal,HIGH,ensemble_voting_consensus,0.025812357664108276,0.15038493275642395,False,0.3002050968557879,,,False,ok,
2025-01-01T00:11:53,sensor_2,Normal,HIGH,ensemble_voting_consensus,0.025533242151141167,0.15038493275642395,False,0.322322906931804,,,False,ok,
2025-01-01T00:11:56,sensor_2,Normal,HIGH,ensemble_voting_consensus,0.025999391451478004,0.15038493275642395,False,0.33711454078616865,,,False,ok,
2025-01-01T00:11:59,sensor_2,Normal,HIGH,ensemble_voting_consensus,0.02783256396651268,0.15038493275642395,False,0.3263252309079541,,,False,ok,
2025-01-01T00:12:02,sensor_2,Normal,HIGH,ensemble_voting_consensus,0.029440606012940407,0.15038493275642395,False,0.31349255285668765,,,False,ok,
2025-01-01T00:12:05,sensor_2,Normal,HIGH,ensemble_voting_consensus,0.025673329830169678,0.15038493275642395,False,0.2688050919398414,,,False,ok,
2025-01-01T00:12:08,sensor_2,Normal,HIGH,ensemble_voting_consensus,0.022452065721154213,0.15038493275642395,False,0.31484556928672125,,,False,ok,
2025-01-01T00:12:11,sensor_2,Normal,HIGH,ensemble_voting_consensus,0.022416751831769943,0.15038493275642395,False,0.3776994227667951,,,False,ok,
2025-01-01T00:12:14,sensor_2,Normal,HIGH,ensemble_voting_consensus,0.02252793125808239,0.15038493275642395,False,0.36726167770533835,,,False,ok,
2025-01-01T00:12:17,sensor_2,Normal,HIGH,ensemble_voting_consensus,0.023059330880641937,0.15038493275642395,False,0.3512913070960835,,,False,ok,
2025-01-01T00:12:20,sensor_2,Normal,HIGH,ensemble_voting_consensus,0.026618188247084618,0.15038493275642395,False,0.365466397474824,,,False,ok,
2025-01-01T00:12:23,sensor_2,Normal,HIGH,ensemble_voting_consensus,0.023515529930591583,0.15038493275642395,False,0.3611457553739815,,,False,ok,
2025-01-01T00:12:26,sensor_2,Normal,HIGH,ensemble_voting_consensus,0.02415785752236843,0.15038493275642395,False,0.39416959446373745,,,False,ok,
2025-01-01T00:12:29,sensor_2,Normal,HIGH,ensemble_voting_consensus,0.025413405150175095,0.15038493275642395,False,0.38560987611652925,,,False,ok,
2025-01-01T00:12:32,sensor_2,Normal,HIGH,ensemble_voting_consensus,0.02231968566775322,0.15038493275642395,False,0.4041561274772508,,,False,ok,
2025-01-01T00:12:35,sensor_2,Normal,HIGH,ensemble_voting_consensus,0.024586834013462067,0.15038493275642395,False,0.4008848803987117,,,False,ok,
2025-01-01T00:12:38,sensor_2,Normal,HIGH,ensemble_voting_consensus,0.022068766877055168,0.15038493275642395,False,0.3640201571115887,,,False,ok,
2025-01-01T00:12:41,sensor_2,Normal,HIGH,ensemble_voting_consensus,0.021800722926855087,0.15038493275642395,False,0.3746712294935386,,,False,ok,
2025-01-01T00:12:44,sensor_2,Normal,HIGH,ensemble_voting_consensus,0.021956035867333412,0.15038493275642395,False,0.3953755366965119,,,False,ok,
2025-01-01T00:12:47,sensor_2,Normal,HIGH,ensemble_voting_consensus,0.021534157916903496,0.15038493275642395,False,0.36977811317900916,,,False,ok,
2025-01-01T00:12:50,sensor_2,Normal,HIGH,ensemble_voting_consensus,0.019918393343687057,0.15038493275642395,False,0.3472645193405901,,,False,ok,
2025-01-01T00:12:53,sensor_2,Normal,HIGH,ensemble_voting_consensus,0.021250009536743164,0.15038493275642395,False,0.29439748216638695,,,False,ok,
2025-01-01T00:12:56,sensor_2,Normal,HIGH,ensemble_voting_consensus,0.021686075255274773,0.15038493275642395,False,0.2768419501351574,,,False,ok,
2025-01-01T00:12:59,sensor_2,Normal,HIGH,ensemble_voting_consensus,0.020535936579108238,0.15038493275642395,False,0.2779519183534499,,,False,ok,
2025-01-01T00:13:02,sensor_2,Normal,HIGH,ensemble_voting_consensus,0.019612926989793777,0.15038493275642395,False,0.335865645179453,,,False,ok,
2025-01-01T00:13:05,sensor_2,Normal,HIGH,ensemble_voting_consensus,0.022601764649152756,0.15038493275642395,False,0.310398029185315,,,False,ok,
2025-01-01T00:13:08,sensor_2,Normal,HIGH,ensemble_voting_consensus,0.02020590379834175,0.15038493275642395,False,0.31709081952752777,,,False,ok,
2025-01-01T00:13:11,sensor_2,Normal,HIGH,ensemble_voting_consensus,0.020760437473654747,0.15038493275642395,False,0.3112679815299086,,,False,ok,
2025-01-01T00:13:14,sensor_2,Normal,HIGH,ensemble_voting_consensus,0.024671973660588264,0.15038493275642395,False,0.28905608331020655,,,False,ok,
2025-01-01T00:13:17,sensor_2,Normal,HIGH,ensemble_voting_consensus,0.025188343599438667,0.15038493275642395,False,0.24612104006824867,,,False,ok,
2025-01-01T00:13:20,sensor_2,Normal,HIGH,ensemble_voting_consensus,0.022722899913787842,0.15038493275642395,False,0.2575721765114967,,,False,ok,
2025-01-01T00:13:23,sensor_2,Normal,HIGH,ensemble_voting_consensus,0.02281464822590351,0.15038493275642395,False,0.26532648883273935,,,False,ok,
2025-01-01T00:13:26,sensor_2,Normal,HIGH,ensemble_voting_consensus,0.022593533620238304,0.15038493275642395,False,0.2792966428790087,,,False,ok,
2025-01-01T00:13:29,sensor_2,Normal,HIGH,ensemble_voting_consensus,0.0253505390137434,0.15038493275642395,False,0.30578306631530544,,,False,ok,
2025-01-01T00:13:32,sensor_2,Normal,HIGH,ensemble_voting_consensus,0.02475595474243164,0.15038493275642395,False,0.35290468570522726,,,False,ok,
2025-01-01T00:13:35,sensor_2,Normal,HIGH,ensemble_voting_consensus,0.023232407867908478,0.15038493275642395,False,0.3585144767964853,,,False,ok,
2025-01-01T00:13:38,sensor_2,Normal,HIGH,ensemble_voting_consensus,0.02254299446940422,0.15038493275642395,False,0.3368511236094442,,,False,ok,
2025-01-01T00:13:41,sensor_2,Normal,HIGH,ensemble_voting_consensus,0.025325804948806763,0.15038493275642395,False,0.39276607469135616,,,False,ok,
2025-01-01T00:13:44,sensor_2,Normal,HIGH,ensemble_voting_consensus,0.025551533326506615,0.15038493275642395,False,0.4384352014028217,,,False,ok,
2025-01-01T00:13:47,sensor_2,Normal,HIGH,ensemble_voting_consensus,0.02321871928870678,0.15038493275642395,False,0.43322100574265016,,,False,ok,
2025-01-01T00:13:50,sensor_2,Normal,HIGH,ensemble_voting_consensus,0.023629438132047653,0.15038493275642395,False,0.3822976341139063,,,False,ok,
2025-01-01T00:13:53,sensor_2,Normal,HIGH,ensemble_voting_consensus,0.025643372908234596,0.15038493275642395,False,0.3735288392864958,,,False,ok,
2025-01-01T00:13:56,sensor_2,Normal,HIGH,ensemble_voting_consensus,0.023930924013257027,0.15038493275642395,False,0.4040144099868988,,,False,ok,
2025-01-01T00:13:59,sensor_2,Normal,HIGH,ensemble_voting_consensus,0.024449551478028297,0.15038493275642395,False,0.37101919276106793,,,False,ok,
2025-01-01T00:14:02,sensor_2,Normal,HIGH,ensemble_voting_consensus,0.027029424905776978,0.15038493275642395,False,0.4040280018217674,,,False,ok,
2025-01-01T00:14:05,sensor_2,Normal,HIGH,ensemble_voting_consensus,0.02410643920302391,0.15038493275642395,False,0.39420735787170574,,,False,ok,
2025-01-01T00:14:08,sensor_2,Normal,HIGH,ensemble_voting_consensus,0.0234770979732275,0.15038493275642395,False,0.357516755935383,,,False,ok,
2025-01-01T00:14:11,sensor_2,Normal,HIGH,ensemble_voting_consensus,0.023229440674185753,0.15038493275642395,False,0.40744137212512427,,,False,ok,
2025-01-01T00:14:14,sensor_2,Normal,HIGH,ensemble_voting_consensus,0.02384156920015812,0.15038493275642395,False,0.3770611405172212,,,False,ok,
2025-01-01T00:14:17,sensor_2,Normal,HIGH,ensemble_voting_consensus,0.02131245844066143,0.15038493275642395,False,0.36793188219940137,,,False,ok,
2025-01-01T00:14:20,sensor_2,Normal,HIGH,ensemble_voting_consensus,0.021204423159360886,0.15038493275642395,False,0.3536307131358514,,,False,ok,
2025-01-01T00:14:23,sensor_2,Normal,HIGH,ensemble_voting_consensus,0.02340632863342762,0.15038493275642395,False,0.33471493242102707,,,False,ok,
2025-01-01T00:14:26,sensor_2,Normal,HIGH,ensemble_voting_consensus,0.02308543585240841,0.15038493275642395,False,0.3518540454026006,,,False,ok,
2025-01-01T00:14:29,sensor_2,Normal,HIGH,ensemble_voting_consensus,0.022555766627192497,0.15038493275642395,False,0.34907280805245283,,,False,ok,
2025-01-01T00:14:32,sensor_2,Normal,HIGH,ensemble_voting_consensus,0.023266948759555817,0.15038493275642395,False,0.3403718435366335,,,False,ok,
2025-01-01T00:14:35,sensor_2,Normal,HIGH,ensemble_voting_consensus,0.021902961656451225,0.15038493275642395,False,0.31038172953855137,,,False,ok,
2025-01-01T00:14:38,sensor_2,Normal,HIGH,ensemble_voting_consensus,0.022090395912528038,0.15038493275642395,False,0.33898807007833676,,,False,ok,
2025-01-01T00:14:41,sensor_2,Normal,HIGH,ensemble_voting_consensus,0.019860533997416496,0.15038493275642395,False,0.33959873963694065,,,False,ok,
2025-01-01T00:14:44,sensor_2,Normal,HIGH,ensemble_voting_consensus,0.021392246708273888,0.15038493275642395,False,0.26652946212609296,,,False,ok,
2025-01-01T00:14:47,sensor_2,Normal,HIGH,ensemble_voting_consensus,0.02215413562953472,0.15038493275642395,False,0.2793944492445297,,,False,ok,
2025-01-01T00:14:50,sensor_2,Normal,HIGH,ensemble_voting_consensus,0.021645542234182358,0.15038493275642395,False,0.29562811132262834,,,False,ok,
2025-01-01T00:14:53,sensor_2,Normal,HIGH,ensemble_voting_consensus,0.021219544112682343,0.15038493275642395,False,0.28589179988144126,,,False,ok,
2025-01-01T00:14:56,sensor_2,Normal,HIGH,ensemble_voting_consensus,0.02332116849720478,0.15038493275642395,False,0.272257063532614,,,False,ok,
2025-01-01T00:14:59,sensor_2,Normal,HIGH,ensemble_voting_consensus,0.02146710641682148,0.15038493275642395,False,0.2505782869993796,,,False,ok,
2025-01-01T00:15:02,sensor_2,Normal,HIGH,ensemble_voting_consensus,0.021870527416467667,0.15038493275642395,False,0.22048967593797153,,,False,ok,
2025-01-01T00:15:05,sensor_2,Normal,HIGH,ensemble_voting_consensus,0.022985126823186874,0.15038493275642395,False,0.21628497906071512,,,False,ok,
2025-01-01T00:15:08,sensor_2,Normal,MEDIUM,ensemble_gb,0.03169636428356171,0.15038493275642395,False,0.2517090533906545,,,False,ok,
2025-01-01T00:15:11,sensor_2,Normal,MEDIUM,ensemble_gb,0.03212036192417145,0.15038493275642395,False,0.23139172818737763,,,False,ok,
2025-01-01T00:15:14,sensor_2,Normal,MEDIUM,ensemble_gb,0.034469496458768845,0.15038493275642395,False,0.26568969265488795,,,False,ok,
2025-01-01T00:15:17,sensor_2,Normal,MEDIUM,ensemble_gb,0.034727465361356735,0.15038493275642395,False,0.29139000892299705,,,False,ok,
2025-01-01T00:15:20,sensor_2,Normal,MEDIUM,ensemble_gb,0.03779401257634163,0.15038493275642395,False,0.25306354481952364,,,False,ok,
2025-01-01T00:15:23,sensor_2,Normal,HIGH,ensemble_voting_consensus,0.04359428584575653,0.15038493275642395,False,0.2248743284919262,,,False,ok,
2025-01-01T00:15:26,sensor_2,Normal,HIGH,ensemble_voting_consensus,0.04535363242030144,0.15038493275642395,False,0.19312048650559838,,,False,ok,
2025-01-01T00:15:29,sensor_2,Normal,HIGH,ensemble_voting_consensus,0.048745349049568176,0.15038493275642395,False,0.20839187518935787,,,False,ok,
2025-01-01T00:15:32,sensor_2,Normal,HIGH,ensemble_voting_consensus,0.051273949444293976,0.15038493275642395,False,0.22378312339911013,,,False,ok,
2025-01-01T00:15:35,sensor_2,Normal,HIGH,ensemble_voting_consensus,0.05679852142930031,0.15038493275642395,False,0.2479051416561526,,,False,ok,
2025-01-01T00:15:38,sensor_2,Normal,HIGH,ensemble_voting_consensus,0.059487782418727875,0.15038493275642395,False,0.18915281651131952,,,False,ok,
2025-01-01T00:15:41,sensor_2,Normal,HIGH,ensemble_voting_consensus,0.06107395514845848,0.15038493275642395,False,0.2129908345086557,,,False,ok,
2025-01-01T00:15:44,sensor_2,Normal,HIGH,ensemble_voting_consensus,0.06544601172208786,0.15038493275642395,False,0.2289019790368624,,,False,ok,
2025-01-01T00:15:47,sensor_2,Normal,HIGH,ensemble_voting_consensus,0.06531292200088501,0.15038493275642395,False,0.23304081708734728,,,False,ok,
2025-01-01T00:15:50,sensor_2,Normal,HIGH,ensemble_voting_consensus,0.0697392150759697,0.15038493275642395,False,0.21809276032989405,,,False,ok,
2025-01-01T00:15:53,sensor_2,Normal,HIGH,ensemble_voting_consensus,0.07497221976518631,0.15038493275642395,False,0.2256311647918583,,,False,ok,
2025-01-01T00:15:56,sensor_2,Normal,HIGH,ensemble_voting_consensus,0.07581109553575516,0.15038493275642395,False,0.2743748562753413,,,False,ok,
2025-01-01T00:15:59,sensor_2,Normal,HIGH,ensemble_voting_consensus,0.07921174168586731,0.15038493275642395,False,0.3621639312380887,,,False,ok,
2025-01-01T00:16:02,sensor_2,Normal,HIGH,ensemble_voting_consensus,0.0823199674487114,0.15038493275642395,False,0.4038840020358018,,,False,ok,
2025-01-01T00:16:05,sensor_2,Normal,HIGH,ensemble_voting_consensus,0.08317571133375168,0.15038493275642395,False,0.42840304339548274,,,False,ok,
2025-01-01T00:16:08,sensor_2,Normal,HIGH,ensemble_voting_consensus,0.0857170969247818,0.15038493275642395,False,0.39854512483949084,,,False,ok,
2025-01-01T00:16:11,sensor_2,Normal,HIGH,ensemble_voting_consensus,0.0872773826122284,0.15038493275642395,False,0.3228563749929469,,,False,ok,
2025-01-01T00:16:14,sensor_2,Normal,HIGH,ensemble_voting_consensus,0.0898769348859787,0.15038493275642395,False,0.3418931223636598,,,False,ok,
2025-01-01T00:16:17,sensor_2,Normal,HIGH,ensemble_voting_consensus,0.0949246808886528,0.15038493275642395,False,0.29274402890390305,,,False,ok,
2025-01-01T00:16:20,sensor_2,Normal,HIGH,ensemble_voting_consensus,0.09902943670749664,0.15038493275642395,False,0.32201654833513055,,,False,ok,
2025-01-01T00:16:23,sensor_2,Normal,HIGH,ensemble_voting_consensus,0.0999121144413948,0.15038493275642395,False,0.3135798775885107,,,False,ok,
2025-01-01T00:16:26,sensor_2,Normal,HIGH,ensemble_voting_consensus,0.09593843668699265,0.15038493275642395,False,0.2925433551764201,,,False,ok,
2025-01-01T00:16:29,sensor_2,Normal,HIGH,ensemble_voting_consensus,0.09929075837135315,0.15038493275642395,False,0.3175163678941717,,,False,ok,
2025-01-01T00:16:32,sensor_2,Normal,HIGH,ensemble_voting_consensus,0.10249132663011551,0.15038493275642395,False,0.36432576455038385,,,False,ok,
2025-01-01T00:16:35,sensor_2,Normal,HIGH,ensemble_voting_consensus,0.10671219229698181,0.15038493275642395,False,0.33904978258874013,,,False,ok,
2025-01-01T00:16:38,sensor_2,Normal,HIGH,ensemble_voting_consensus,0.09879373759031296,0.15038493275642395,False,0.3699836581555814,,,False,ok,
2025-01-01T00:16:41,sensor_2,Normal,HIGH,ensemble_voting_consensus,0.09035257995128632,0.15038493275642395,False,0.35529816342586307,,,False,ok,
2025-01-01T00:16:44,sensor_2,Normal,HIGH,ensemble_voting_consensus,0.08861518651247025,0.15038493275642395,False,0.3423835737204385,,,False,ok,
2025-01-01T00:16:47,sensor_2,Normal,HIGH,ensemble_voting_consensus,0.0852426141500473,0.15038493275642395,False,0.34435429418759067,,,False,ok,
2025-01-01T00:16:50,sensor_2,Normal,HIGH,ensemble_voting_consensus,0.08761142194271088,0.15038493275642395,False,0.3231453803371443,,,False,ok,
2025-01-01T00:16:53,sensor_2,Normal,HIGH,ensemble_voting_consensus,0.0797334834933281,0.15038493275642395,False,0.33245468576437226,,,False,ok,
2025-01-01T00:16:56,sensor_2,Normal,HIGH,ensemble_voting_consensus,0.07672663778066635,0.15038493275642395,False,0.3447170687341405,,,False,ok,
2025-01-01T00:16:59,sensor_2,Normal,HIGH,ensemble_voting_consensus,0.07474464923143387,0.15038493275642395,False,0.35155833311157675,,,False,ok,
2025-01-01T00:17:02,sensor_2,Normal,HIGH,ensemble_voting_consensus,0.06945439428091049,0.15038493275642395,False,0.346482796062232,,,False,ok,
2025-01-01T00:17:05,sensor_2,Normal,HIGH,ensemble_voting_consensus,0.07009703665971756,0.15038493275642395,False,0.36657628921590246,,,False,ok,
2025-01-01T00:17:08,sensor_2,Normal,HIGH,ensemble_voting_consensus,0.06576580554246902,0.15038493275642395,False,0.3560363275689329,,,False,ok,
2025-01-01T00:17:11,sensor_2,Normal,HIGH,ensemble_voting_consensus,0.062283385545015335,0.15038493275642395,False,0.3490395440427633,,,False,ok,
2025-01-01T00:17:14,sensor_2,Normal,HIGH,ensemble_voting_consensus,0.059074584394693375,0.15038493275642395,False,0.4209976184294335,,,False,ok,
2025-01-01T00:17:17,sensor_2,Normal,HIGH,ensemble_voting_consensus,0.05561218410730362,0.15038493275642395,False,0.41876590045368034,,,False,ok,
2025-01-01T00:17:20,sensor_2,Normal,HIGH,ensemble_voting_consensus,0.05275614559650421,0.15038493275642395,False,0.4035550439383553,,,False,ok,
2025-01-01T00:17:23,sensor_2,Normal,HIGH,ensemble_voting_consensus,0.05411975830793381,0.15038493275642395,False,0.37305534134223506,,,False,ok,
2025-01-01T00:17:26,sensor_2,Normal,HIGH,ensemble_voting_consensus,0.05093705281615257,0.15038493275642395,False,0.35523172960321686,,,False,ok,
2025-01-01T00:17:29,sensor_2,Normal,HIGH,ensemble_voting_consensus,0.04434813931584358,0.15038493275642395,False,0.3101775576030041,,,False,ok,
2025-01-01T00:17:32,sensor_2,Normal,HIGH,ensemble_voting_consensus,0.041216131299734116,0.15038493275642395,False,0.3980411323422286,,,False,ok,
2025-01-01T00:17:35,sensor_2,Normal,HIGH,ensemble_voting_consensus,0.03842949867248535,0.15038493275642395,False,0.4604991935885075,,,False,ok,
2025-01-01T00:17:38,sensor_2,Normal,HIGH,ensemble_voting_consensus,0.03488897159695625,0.15038493275642395,False,0.45135134569235086,,,False,ok,
2025-01-01T00:17:41,sensor_2,Normal,HIGH,ensemble_voting_consensus,0.031509798020124435,0.15038493275642395,False,0.425540272175219,,,False,ok,
2025-01-01T00:17:44,sensor_2,Normal,HIGH,ensemble_voting_consensus,0.03118068352341652,0.15038493275642395,False,0.44446385526743754,,,False,ok,
2025-01-01T00:17:47,sensor_2,Normal,HIGH,ensemble_voting_consensus,0.02350318245589733,0.15038493275642395,False,0.3903036891260192,,,False,ok,
2025-01-01T00:17:50,sensor_2,Normal,HIGH,ensemble_voting_consensus,0.022826723754405975,0.15038493275642395,False,0.346987872598027,,,False,ok,
2025-01-01T00:17:53,sensor_2,Normal,HIGH,ensemble_voting_consensus,0.022103093564510345,0.15038493275642395,False,0.3225140104858964,,,False,ok,
2025-01-01T00:17:56,sensor_2,Normal,HIGH,ensemble_voting_consensus,0.02165837772190571,0.15038493275642395,False,0.35885551730884535,,,False,ok,
2025-01-01T00:17:59,sensor_2,Normal,HIGH,ensemble_voting_consensus,0.02209332212805748,0.15038493275642395,False,0.2852238259693611,,,False,ok,
2025-01-01T00:18:02,sensor_2,Normal,HIGH,ensemble_voting_consensus,0.016596807166934013,0.15038493275642395,False,0.2964467719775212,,,False,ok,
2025-01-01T00:18:05,sensor_2,Normal,HIGH,ensemble_voting_consensus,0.01682457886636257,0.15038493275642395,False,0.31880751567241244,,,False,ok,
2025-01-01T00:18:08,sensor_2,Normal,HIGH,ensemble_voting_consensus,0.018944093957543373,0.15038493275642395,False,0.34176155620235926,,,False,ok,
2025-01-01T00:18:11,sensor_2,Normal,HIGH,ensemble_voting_consensus,0.0182852391153574,0.15038493275642395,False,0.3266549781291631,,,False,ok,
2025-01-01T00:18:14,sensor_2,Normal,HIGH,ensemble_voting_consensus,0.018308334052562714,0.15038493275642395,False,0.3306259351395757,,,False,ok,
2025-01-01T00:18:17,sensor_2,Normal,HIGH,ensemble_voting_consensus,0.021960491314530373,0.15038493275642395,False,0.33005065208891743,,,False,ok,
2025-01-01T00:18:20,sensor_2,Normal,HIGH,ensemble_voting_consensus,0.019299007952213287,0.15038493275642395,False,0.41218229899701964,,,False,ok,
2025-01-01T00:18:23,sensor_2,Normal,HIGH,ensemble_voting_consensus,0.0179610438644886,0.15038493275642395,False,0.41875313288312777,,,False,ok,
2025-01-01T00:18:26,sensor_2,Normal,HIGH,ensemble_voting_consensus,0.019043471664190292,0.15038493275642395,False,0.3809778183343238,,,False,ok,
2025-01-01T00:18:29,sensor_2,Normal,HIGH,ensemble_voting_consensus,0.019596975296735764,0.15038493275642395,False,0.4170280214871925,,,False,ok,
2025-01-01T00:18:32,sensor_2,Normal,HIGH,ensemble_voting_consensus,0.018891580402851105,0.15038493275642395,False,0.3699754851275305,,,False,ok,
2025-01-01T00:18:35,sensor_2,Normal,HIGH,ensemble_voting_consensus,0.019994890317320824,0.15038493275642395,False,0.3765109692927111,,,False,ok,
2025-01-01T00:18:38,sensor_2,Normal,HIGH,ensemble_voting_consensus,0.024036049842834473,0.15038493275642395,False,0.4037107281376352,,,False,ok,
2025-01-01T00:18:41,sensor_2,Normal,HIGH,ensemble_voting_consensus,0.020863784477114677,0.15038493275642395,False,0.38816360249813636,,,False,ok,
2025-01-01T00:18:44,sensor_2,Normal,HIGH,ensemble_voting_consensus,0.022260969504714012,0.15038493275642395,False,0.38499235662794384,,,False,ok,
2025-01-01T00:18:47,sensor_2,Normal,HIGH,ensemble_voting_consensus,0.021585561335086823,0.15038493275642395,False,0.38536488220559056,,,False,ok,
2025-01-01T00:18:50,sensor_2,Normal,HIGH,ensemble_voting_consensus,0.023049358278512955,0.15038493275642395,False,0.3748671888475962,,,False,ok,
2025-01-01T00:18:53,sensor_2,Normal,HIGH,ensemble_voting_consensus,0.021224824711680412,0.15038493275642395,False,0.3446740297133194,,,False,ok,
2025-01-01T00:18:56,sensor_2,Normal,HIGH,ensemble_voting_consensus,0.02099963091313839,0.15038493275642395,False,0.3366106726060811,,,False,ok,
2025-01-01T00:18:59,sensor_2,Normal,HIGH,ensemble_voting_consensus,0.01941179484128952,0.15038493275642395,False,0.3613018498816432,,,False,ok,
2025-01-01T00:19:02,sensor_2,Normal,HIGH,ensemble_voting_consensus,0.020639538764953613,0.15038493275642395,False,0.38415121936648056,,,False,ok,
2025-01-01T00:19:05,sensor_2,Normal,HIGH,ensemble_voting_consensus,0.021504875272512436,0.15038493275642395,False,0.34122196178802955,,,False,ok,
2025-01-01T00:19:08,sensor_2,Normal,HIGH,ensemble_voting_consensus,0.02251388691365719,0.15038493275642395,False,0.35149754996505633,,,False,ok,
2025-01-01T00:19:11,sensor_2,Normal,HIGH,ensemble_voting_consensus,0.02082213945686817,0.15038493275642395,False,0.3460771826833799,,,False,ok,
2025-01-01T00:19:14,sensor_2,Normal,HIGH,ensemble_voting_consensus,0.020905623212456703,0.15038493275642395,False,0.35477906271777393,,,False,ok,
2025-01-01T00:19:17,sensor_2,Normal,HIGH,ensemble_voting_consensus,0.018958112224936485,0.15038493275642395,False,0.3347697365278549,,,False,ok,
2025-01-01T00:19:20,sensor_2,Normal,HIGH,ensemble_voting_consensus,0.020517388358712196,0.15038493275642395,False,0.4030154504744716,,,False,ok,
2025-01-01T00:19:23,sensor_2,Normal,HIGH,ensemble_voting_consensus,0.023172583431005478,0.15038493275642395,False,0.41619324293439647,,,False,ok,
2025-01-01T00:19:26,sensor_2,Normal,HIGH,ensemble_voting_consensus,0.022366749122738838,0.15038493275642395,False,0.41214332165207196,,,False,ok,
2025-01-01T00:19:29,sensor_2,Normal,HIGH,ensemble_voting_consensus,0.022265134379267693,0.15038493275642395,False,0.46120585578953194,,,False,ok,
2025-01-01T00:19:32,sensor_2,Normal,HIGH,ensemble_voting_consensus,0.01997522823512554,0.15038493275642395,False,0.43051458457267633,,,False,ok,
2025-01-01T00:19:35,sensor_2,Normal,HIGH,ensemble_voting_consensus,0.02064668759703636,0.15038493275642395,False,0.4025553775205693,,,False,ok,
2025-01-01T00:19:38,sensor_2,Normal,HIGH,ensemble_voting_consensus,0.02053559385240078,0.15038493275642395,False,0.39194397280696547,,,False,ok,
2025-01-01T00:19:41,sensor_2,Normal,HIGH,ensemble_voting_consensus,0.02151969075202942,0.15038493275642395,False,0.3460764097807935,,,False,ok,
2025-01-01T00:19:44,sensor_2,Normal,HIGH,ensemble_voting_consensus,0.02426660619676113,0.15038493275642395,False,0.3461304582782255,,,False,ok,
2025-01-01T00:19:47,sensor_2,Normal,HIGH,ensemble_voting_consensus,0.023784879595041275,0.15038493275642395,False,0.35199012878220465,,,False,ok,
2025-01-01T00:19:50,sensor_2,Normal,HIGH,ensemble_voting_consensus,0.02283642627298832,0.15038493275642395,False,0.32138966393989826,,,False,ok,
2025-01-01T00:19:53,sensor_2,Normal,HIGH,ensemble_voting_consensus,0.02466260828077793,0.15038493275642395,False,0.2951392774036022,,,False,ok,
2025-01-01T00:19:56,sensor_2,Normal,HIGH,ensemble_voting_consensus,0.02085154876112938,0.15038493275642395,False,0.30036194897299257,,,False,ok,
2025-01-01T00:19:59,sensor_2,Normal,HIGH,ensemble_voting_consensus,0.02158874087035656,0.15038493275642395,False,0.2509482995078432,,,False,ok,
2025-01-01T00:20:02,sensor_2,Normal,HIGH,ensemble_voting_consensus,0.02740654908120632,0.15038493275642395,False,0.1841458129190738,,,False,ok,
2025-01-01T00:20:05,sensor_2,Normal,MEDIUM,ensemble_gb,0.03748387470841408,0.15038493275642395,False,0.21853842608221344,,,False,ok,
2025-01-01T00:20:08,sensor_2,Normal,MEDIUM,ensemble_gb,0.041028499603271484,0.15038493275642395,False,0.12772487608607813,,,False,ok,
2025-01-01T00:20:11,sensor_2,Normal,HIGH,ensemble_voting_consensus,0.04869552329182625,0.15038493275642395,False,0.17582043725788454,,,False,ok,
2025-01-01T00:20:14,sensor_2,Normal,HIGH,ensemble_voting_consensus,0.05634799972176552,0.15038493275642395,False,0.1787435290962409,,,False,ok,
2025-01-01T00:20:17,sensor_2,Normal,HIGH,ensemble_voting_consensus,0.060217928141355515,0.15038493275642395,False,0.17743068958266625,,,False,ok,
2025-01-01T00:20:20,sensor_2,Normal,MEDIUM,ensemble_gb,0.06883075833320618,0.15038493275642395,False,0.18694211993627272,,,False,ok,
2025-01-01T00:20:23,sensor_2,Normal,HIGH,ensemble_voting_consensus,0.07816173136234283,0.15038493275642395,False,0.2509767889545683,,,False,ok,
2025-01-01T00:20:26,sensor_2,Normal,HIGH,ensemble_voting_consensus,0.0855017676949501,0.15038493275642395,False,0.24757591694878953,,,False,ok,
2025-01-01T00:20:29,sensor_2,Normal,MEDIUM,ensemble_gb,0.09682391583919525,0.15038493275642395,False,0.2641719464944589,,,False,ok,
2025-01-01T00:20:32,sensor_2,Normal,MEDIUM,ensemble_gb,0.10118795931339264,0.15038493275642395,False,0.28362240657884374,,,False,ok,
2025-01-01T00:20:35,sensor_2,Normal,HIGH,ensemble_voting_consensus,0.10858435183763504,0.15038493275642395,False,0.28199363998767174,,,False,ok,
2025-01-01T00:20:38,sensor_2,Normal,HIGH,ensemble_voting_consensus,0.11571337282657623,0.15038493275642395,False,0.251727812114026,,,False,ok,
2025-01-01T00:20:41,sensor_2,Normal,HIGH,ensemble_voting_consensus,0.1192656084895134,0.15038493275642395,False,0.2877068121227162,,,False,ok,
2025-01-01T00:20:44,sensor_2,Drift Attack,HIGH,rule_engine,0.12774956226348877,0.15038493275642395,False,0.31528005086558025,,,False,ok,
2025-01-01T00:20:47,sensor_2,Drift Attack,HIGH,rule_engine,0.1342465728521347,0.15038493275642395,False,0.2807019119631433,,,False,ok,
2025-01-01T00:20:50,sensor_2,Drift Attack,HIGH,rule_engine,0.141719788312912,0.15038493275642395,False,0.3049721959656554,,,False,ok,
2025-01-01T00:20:53,sensor_2,Drift Attack,HIGH,rule_engine,0.15059135854244232,0.15038493275642395,False,0.26108172295687215,,,True,ok,
2025-01-01T00:20:56,sensor_2,Drift Attack,HIGH,rule_engine,0.15848855674266815,0.15038493275642395,False,0.23333356543908726,,,True,ok,
2025-01-01T00:20:59,sensor_2,Drift Attack,HIGH,rule_engine,0.16803768277168274,0.15038493275642395,False,0.20826252366753167,,,True,ok,
2025-01-01T00:21:02,sensor_2,Drift Attack,HIGH,rule_engine,0.1741662621498108,0.15038493275642395,False,0.22754090787398462,,,True,ok,
2025-01-01T00:21:05,sensor_2,Normal,MEDIUM,ensemble_gb,0.1824522614479065,0.15038493275642395,False,0.23384555276266636,,,True,ok,
2025-01-01T00:21:08,sensor_2,Normal,MEDIUM,ensemble_gb,0.19110523164272308,0.15038493275642395,False,0.23371285390888033,,,True,ok,
2025-01-01T00:21:11,sensor_2,Normal,MEDIUM,ensemble_gb,0.19999150931835175,0.15038493275642395,False,0.23070827467223745,,,True,ok,
2025-01-01T00:21:14,sensor_2,Normal,MEDIUM,ensemble_gb,0.20233498513698578,0.15038493275642395,False,0.2538110043405451,,,True,ok,
2025-01-01T00:21:17,sensor_2,Normal,MEDIUM,ensemble_gb,0.20593024790287018,0.15038493275642395,False,0.2240152065123054,,,True,ok,
2025-01-01T00:21:20,sensor_2,Normal,MEDIUM,ensemble_gb,0.21251896023750305,0.15038493275642395,False,0.24414817029012706,,,True,ok,
2025-01-01T00:21:23,sensor_2,Noise Attack,MEDIUM,ensemble_gb,0.22014515101909637,0.15038493275642395,False,0.19825107967242847,,,True,ok,
2025-01-01T00:21:26,sensor_2,Noise Attack,MEDIUM,ensemble_gb,0.23078113794326782,0.15038493275642395,False,0.16310771453741266,,,True,ok,
2025-01-01T00:21:29,sensor_2,Noise Attack,MEDIUM,ensemble_gb,0.23323218524456024,0.15038493275642395,False,0.17184664312515177,,,True,ok,
2025-01-01T00:21:32,sensor_2,Noise Attack,MEDIUM,ensemble_gb,0.23780514299869537,0.15038493275642395,False,0.23914812423107462,,,True,ok,
2025-01-01T00:21:35,sensor_2,Noise Attack,MEDIUM,ensemble_gb,0.23345495760440826,0.15038493275642395,False,0.21415402115523202,,,True,ok,
2025-01-01T00:21:38,sensor_2,Replay Attack,HIGH,ensemble_voting_consensus,0.23034213483333588,0.15038493275642395,False,0.19367918764498301,,,True,ok,
2025-01-01T00:21:41,sensor_2,Replay Attack,HIGH,ensemble_voting_consensus,0.22540292143821716,0.15038493275642395,False,0.2098235703086431,,,True,ok,
2025-01-01T00:21:44,sensor_2,Replay Attack,HIGH,ensemble_voting_consensus,0.22157558798789978,0.15038493275642395,False,0.19795059126457948,,,True,ok,
2025-01-01T00:21:47,sensor_2,Replay Attack,HIGH,ensemble_voting_consensus,0.22150462865829468,0.15038493275642395,False,0.2429776033712123,,,True,ok,
2025-01-01T00:21:50,sensor_2,Replay Attack,HIGH,ensemble_voting_consensus,0.2175273895263672,0.15038493275642395,False,0.21265831115713996,,,True,ok,
2025-01-01T00:21:53,sensor_2,Replay Attack,HIGH,ensemble_voting_consensus,0.21451511979103088,0.15038493275642395,False,0.22893044173724997,,,True,ok,
2025-01-01T00:21:56,sensor_2,Replay Attack,MEDIUM,ensemble_gb,0.207561656832695,0.15038493275642395,False,0.20090246440926415,,,True,ok,
2025-01-01T00:21:59,sensor_2,Replay Attack,MEDIUM,ensemble_gb,0.20168332755565643,0.15038493275642395,False,0.19078102230784263,,,True,ok,
2025-01-01T00:22:02,sensor_2,Replay Attack,MEDIUM,ensemble_gb,0.200490802526474,0.15038493275642395,False,0.19538038356447324,,,True,ok,
2025-01-01T00:22:05,sensor_2,Replay Attack,MEDIUM,ensemble_gb,0.18982082605361938,0.15038493275642395,False,0.18642267435875104,,,True,ok,
2025-01-01T00:22:08,sensor_2,Replay Attack,MEDIUM,ensemble_gb,0.18780098855495453,0.15038493275642395,False,0.2507226949232338,,,True,ok,
2025-01-01T00:22:11,sensor_2,Replay Attack,MEDIUM,ensemble_gb,0.19108600914478302,0.15038493275642395,False,0.2287674203716367,,,True,ok,
2025-01-01T00:22:14,sensor_2,Replay Attack,MEDIUM,ensemble_gb,0.18497510254383087,0.15038493275642395,False,0.21337268621343508,,,True,ok,
2025-01-01T00:22:17,sensor_2,Replay Attack,MEDIUM,ensemble_gb,0.17975929379463196,0.15038493275642395,False,0.146883933621059,,,True,ok,
2025-01-01T00:22:20,sensor_2,Replay Attack,MEDIUM,ensemble_gb,0.1753280907869339,0.15038493275642395,False,0.12005481802762745,,,True,ok,
2025-01-01T00:22:23,sensor_2,Replay Attack,MEDIUM,ensemble_gb,0.17009764909744263,0.15038493275642395,False,0.15457235180779408,,,True,ok,
2025-01-01T00:22:26,sensor_2,Replay Attack,MEDIUM,ensemble_gb,0.16487587988376617,0.15038493275642395,False,0.12395922211961802,,,True,ok,
2025-01-01T00:22:29,sensor_2,Replay Attack,MEDIUM,ensemble_gb,0.16091948747634888,0.15038493275642395,False,0.1384248897126604,,,True,ok,
2025-01-01T00:22:32,sensor_2,Replay Attack,MEDIUM,ensemble_gb,0.15361467003822327,0.15038493275642395,False,0.13252587748967407,,,True,ok,
2025-01-01T00:22:35,sensor_2,Replay Attack,MEDIUM,ensemble_gb,0.14984896779060364,0.15038493275642395,False,0.15806655703899503,,,False,ok,
2025-01-01T00:22:38,sensor_2,Replay Attack,MEDIUM,ensemble_gb,0.145595520734787,0.15038493275642395,False,0.17163409478641625,,,False,ok,
2025-01-01T00:22:41,sensor_2,Replay Attack,MEDIUM,ensemble_gb,0.13963034749031067,0.15038493275642395,False,0.17392515636817502,,,False,ok,
2025-01-01T00:22:44,sensor_2,Replay Attack,MEDIUM,ensemble_gb,0.13628430664539337,0.15038493275642395,False,0.15928235033352153,,,False,ok,
2025-01-01T00:22:47,sensor_2,Replay Attack,MEDIUM,ensemble_gb,0.1377708911895752,0.15038493275642395,False,0.1532970705503155,,,False,ok,
2025-01-01T00:22:50,sensor_2,Replay Attack,MEDIUM,ensemble_gb,0.13231709599494934,0.15038493275642395,False,0.18901860054565425,,,False,ok,
2025-01-01T00:22:53,sensor_2,Normal,MEDIUM,ensemble_voting_consensus,0.12680436670780182,0.15038493275642395,False,0.1970648204271083,,,False,ok,
2025-01-01T00:22:56,sensor_2,Normal,MEDIUM,ensemble_voting_consensus,0.1217784583568573,0.15038493275642395,False,0.16701362974643588,,,False,ok,
2025-01-01T00:22:59,sensor_2,Replay Attack,MEDIUM,ensemble_gb,0.1250610202550888,0.15038493275642395,False,0.20501581030210583,,,False,ok,
2025-01-01T00:23:02,sensor_2,Drop Attack,HIGH,rule_engine,0.1137753576040268,0.15038493275642395,False,0.23995712557867224,,,False,ok,
2025-01-01T00:23:05,sensor_2,Drop Attack,HIGH,rule_engine,0.10562819987535477,0.15038493275642395,False,0.2256918521563713,,,False,ok,
2025-01-01T00:23:08,sensor_2,Normal,HIGH,ensemble_voting_consensus,0.1053498238325119,0.15038493275642395,False,0.23911684371008765,,,False,ok,
2025-01-01T00:23:11,sensor_2,Normal,HIGH,ensemble_voting_consensus,0.0976598933339119,0.15038493275642395,False,0.2880918090142512,,,False,ok,
2025-01-01T00:23:14,sensor_2,Normal,HIGH,ensemble_voting_consensus,0.09805666655302048,0.15038493275642395,False,0.2697088817575441,,,False,ok,
2025-01-01T00:23:17,sensor_2,Normal,HIGH,ensemble_voting_consensus,0.09599719196557999,0.15038493275642395,False,0.28536316775208986,,,False,ok,
2025-01-01T00:23:20,sensor_2,Normal,HIGH,ensemble_voting_consensus,0.09097752720117569,0.15038493275642395,False,0.25597816416268193,,,False,ok,
2025-01-01T00:23:23,sensor_2,Normal,HIGH,ensemble_voting_consensus,0.08433963358402252,0.15038493275642395,False,0.2313092774667548,,,False,ok,
2025-01-01T00:23:26,sensor_2,Normal,HIGH,ensemble_voting_consensus,0.0850638672709465,0.15038493275642395,False,0.19194489206058488,,,False,ok,
2025-01-01T00:23:29,sensor_2,Normal,HIGH,ensemble_voting_consensus,0.0855541005730629,0.15038493275642395,False,0.16171641655310318,,,False,ok,
2025-01-01T00:23:32,sensor_2,Normal,HIGH,ensemble_voting_consensus,0.07999212294816971,0.15038493275642395,False,0.2024403465470773,,,False,ok,
2025-01-01T00:23:35,sensor_2,Normal,HIGH,ensemble_voting_consensus,0.08068476617336273,0.15038493275642395,False,0.23315164066875962,,,False,ok,
2025-01-01T00:23:38,sensor_2,Normal,HIGH,ensemble_voting_consensus,0.08201653510332108,0.15038493275642395,False,0.23441213073010697,,,False,ok,
2025-01-01T00:23:41,sensor_2,Normal,HIGH,ensemble_voting_consensus,0.07377374172210693,0.15038493275642395,False,0.2785650420756106,,,False,ok,
2025-01-01T00:23:44,sensor_2,Normal,HIGH,ensemble_voting_consensus,0.07145550101995468,0.15038493275642395,False,0.23494664516558192,,,False,ok,
2025-01-01T00:23:47,sensor_2,Normal,HIGH,ensemble_voting_consensus,0.06697732955217361,0.15038493275642395,False,0.2337917955494143,,,False,ok,
2025-01-01T00:23:50,sensor_2,Normal,HIGH,ensemble_voting_consensus,0.0635201707482338,0.15038493275642395,False,0.19542045346374037,,,False,ok,
2025-01-01T00:23:53,sensor_2,Normal,HIGH,ensemble_voting_consensus,0.06483479589223862,0.15038493275642395,False,0.2653736742581872,,,False,ok,
2025-01-01T00:23:56,sensor_2,Normal,HIGH,ensemble_voting_consensus,0.06136687844991684,0.15038493275642395,False,0.23986732691224913,,,False,ok,
2025-01-01T00:23:59,sensor_2,Normal,HIGH,ensemble_voting_consensus,0.05846764147281647,0.15038493275642395,False,0.40959707757234765,,,False,ok,
2025-01-01T00:24:02,sensor_2,Normal,HIGH,ensemble_voting_consensus,0.06149591878056526,0.15038493275642395,False,0.35467932444943334,,,False,ok,
2025-01-01T00:24:05,sensor_2,Normal,HIGH,ensemble_voting_consensus,0.05910458788275719,0.15038493275642395,False,0.26809905351264823,,,False,ok,
2025-01-01T00:24:08,sensor_2,Normal,HIGH,ensemble_voting_consensus,0.05339580774307251,0.15038493275642395,False,0.25475459419774227,,,False,ok,
2025-01-01T00:24:11,sensor_2,Normal,HIGH,ensemble_voting_consensus,0.04883979633450508,0.15038493275642395,False,0.23575836275568432,,,False,ok,
2025-01-01T00:24:14,sensor_2,Normal,HIGH,ensemble_voting_consensus,0.04931418225169182,0.15038493275642395,False,0.28104761178267146,,,False,ok,
2025-01-01T00:24:17,sensor_2,Normal,HIGH,ensemble_voting_consensus,0.04152006655931473,0.15038493275642395,False,0.31590070926791797,,,False,ok,
2025-01-01T00:24:20,sensor_2,Normal,HIGH,ensemble_voting_consensus,0.040753137320280075,0.15038493275642395,False,0.23873240980286706,,,False,ok,
2025-01-01T00:24:23,sensor_2,Normal,HIGH,ensemble_voting_consensus,0.041530583053827286,0.15038493275642395,False,0.22559550793725514,,,False,ok,
2025-01-01T00:24:26,sensor_2,Normal,HIGH,ensemble_voting_consensus,0.034814611077308655,0.15038493275642395,False,0.2496014774005725,,,False,ok,
2025-01-01T00:24:29,sensor_2,Normal,HIGH,ensemble_voting_consensus,0.03143497556447983,0.15038493275642395,False,0.2122008431710861,,,False,ok,
2025-01-01T00:24:32,sensor_2,Normal,HIGH,ensemble_voting_consensus,0.03154607489705086,0.15038493275642395,False,0.24877343124950768,,,False,ok,
2025-01-01T00:24:35,sensor_2,Normal,HIGH,ensemble_voting_consensus,0.030431542545557022,0.15038493275642395,False,0.2472292704397258,,,False,ok,
2025-01-01T00:24:38,sensor_2,Normal,HIGH,ensemble_voting_consensus,0.03108280524611473,0.15038493275642395,False,0.21119373268056843,,,False,ok,
2025-01-01T00:24:41,sensor_2,Normal,HIGH,ensemble_voting_consensus,0.03248720243573189,0.15038493275642395,False,0.21031449504968744,,,False,ok,
2025-01-01T00:24:44,sensor_2,Normal,HIGH,ensemble_voting_consensus,0.03421318903565407,0.15038493275642395,False,0.23838352425695503,,,False,ok,
2025-01-01T00:24:47,sensor_2,Normal,HIGH,ensemble_voting_consensus,0.030821094289422035,0.15038493275642395,False,0.21379610389259826,,,False,ok,
2025-01-01T00:24:50,sensor_2,Normal,HIGH,ensemble_voting_consensus,0.032170359045267105,0.15038493275642395,False,0.23751433251394655,,,False,ok,
2025-01-01T00:24:53,sensor_2,Normal,HIGH,ensemble_voting_consensus,0.02881760336458683,0.15038493275642395,False,0.22980531465910692,,,False,ok,
2025-01-01T00:24:56,sensor_2,Normal,HIGH,ensemble_voting_consensus,0.02789565548300743,0.15038493275642395,False,0.21838132481977202,,,False,ok,
2025-01-01T00:24:59,sensor_2,Normal,HIGH,ensemble_voting_consensus,0.026038113981485367,0.15038493275642395,False,0.20829787536514793,,,False,ok,
2025-01-01T00:25:02,sensor_2,Normal,HIGH,ensemble_voting_consensus,0.02976151369512081,0.15038493275642395,False,0.2583251623049054,,,False,ok,
2025-01-01T00:25:05,sensor_2,Normal,HIGH,ensemble_voting_consensus,0.030128058046102524,0.15038493275642395,False,0.2716384128972319,,,False,ok,
2025-01-01T00:25:08,sensor_2,Normal,HIGH,ensemble_voting_consensus,0.027729036286473274,0.15038493275642395,False,0.27630041615932616,,,False,ok,
2025-01-01T00:25:11,sensor_2,Normal,HIGH,ensemble_voting_consensus,0.02942146733403206,0.15038493275642395,False,0.27259356540533225,,,False,ok,
2025-01-01T00:25:14,sensor_2,Normal,HIGH,ensemble_voting_consensus,0.027416767552495003,0.15038493275642395,False,0.32834579738148917,,,False,ok,
2025-01-01T00:25:17,sensor_2,Normal,HIGH,ensemble_voting_consensus,0.026264550164341927,0.15038493275642395,False,0.33476557114415123,,,False,ok,
2025-01-01T00:25:20,sensor_2,Normal,HIGH,ensemble_voting_consensus,0.025450706481933594,0.15038493275642395,False,0.3266370323503804,,,False,ok,
2025-01-01T00:25:23,sensor_2,Normal,HIGH,ensemble_voting_consensus,0.025705700740218163,0.15038493275642395,False,0.3385306169176183,,,False,ok,
2025-01-01T00:25:26,sensor_2,Normal,HIGH,ensemble_voting_consensus,0.023135431110858917,0.15038493275642395,False,0.33819748189538457,,,False,ok,
2025-01-01T00:25:29,sensor_2,Normal,HIGH,ensemble_voting_consensus,0.02237207628786564,0.15038493275642395,False,0.37014638476458495,,,False,ok,
2025-01-01T00:25:32,sensor_2,Normal,HIGH,ensemble_voting_consensus,0.021357320249080658,0.15038493275642395,False,0.31689812657415833,,,False,ok,
2025-01-01T00:25:35,sensor_2,Normal,HIGH,ensemble_voting_consensus,0.019918859004974365,0.15038493275642395,False,0.38191449571724156,,,False,ok,
2025-01-01T00:25:38,sensor_2,Normal,HIGH,ensemble_voting_consensus,0.022985173389315605,0.15038493275642395,False,0.3489592341000712,,,False,ok,
2025-01-01T00:25:41,sensor_2,Normal,HIGH,ensemble_voting_consensus,0.02538886107504368,0.15038493275642395,False,0.3270017269340574,,,False,ok,
2025-01-01T00:25:44,sensor_2,Normal,HIGH,ensemble_voting_consensus,0.0231521837413311,0.15038493275642395,False,0.28396730599048725,,,False,ok,
2025-01-01T00:25:47,sensor_2,Normal,HIGH,ensemble_voting_consensus,0.02338308095932007,0.15038493275642395,False,0.2778501460252987,,,False,ok,
2025-01-01T00:25:50,sensor_2,Normal,HIGH,ensemble_voting_consensus,0.023250455036759377,0.15038493275642395,False,0.2814275730566331,,,False,ok,
2025-01-01T00:25:53,sensor_2,Normal,HIGH,ensemble_voting_consensus,0.02219594642519951,0.15038493275642395,False,0.30016438790655714,,,False,ok,
2025-01-01T00:25:56,sensor_2,Normal,HIGH,ensemble_voting_consensus,0.02416279911994934,0.15038493275642395,False,0.3513173125477537,,,False,ok,
2025-01-01T00:25:59,sensor_2,Normal,HIGH,ensemble_voting_consensus,0.025485720485448837,0.15038493275642395,False,0.33028177652393853,,,False,ok,
2025-01-01T00:26:02,sensor_2,Normal,HIGH,ensemble_voting_consensus,0.023707443848252296,0.15038493275642395,False,0.3541579569306224,,,False,ok,
2025-01-01T00:26:05,sensor_2,Normal,HIGH,ensemble_voting_consensus,0.021974803879857063,0.15038493275642395,False,0.3592117177509497,,,False,ok,
2025-01-01T00:26:08,sensor_2,Normal,HIGH,ensemble_voting_consensus,0.021164782345294952,0.15038493275642395,False,0.36128948845360775,,,False,ok,
2025-01-01T00:26:11,sensor_2,Normal,HIGH,ensemble_voting_consensus,0.022997330874204636,0.15038493275642395,False,0.36707508472649364,,,False,ok,
2025-01-01T00:26:14,sensor_2,Normal,HIGH,ensemble_voting_consensus,0.024291060864925385,0.15038493275642395,False,0.37080813563908926,,,False,ok,
2025-01-01T00:26:17,sensor_2,Normal,HIGH,ensemble_voting_consensus,0.02317493036389351,0.15038493275642395,False,0.3856169182410225,,,False,ok,
2025-01-01T00:26:20,sensor_2,Normal,HIGH,ensemble_voting_consensus,0.023455839604139328,0.15038493275642395,False,0.3960591870377033,,,False,ok,
2025-01-01T00:26:23,sensor_2,Normal,HIGH,ensemble_voting_consensus,0.024606483057141304,0.15038493275642395,False,0.38463441634971873,,,False,ok,
2025-01-01T00:26:26,sensor_2,Normal,HIGH,ensemble_voting_consensus,0.024739287793636322,0.15038493275642395,False,0.36912895232166243,,,False,ok,
2025-01-01T00:26:29,sensor_2,Normal,HIGH,ensemble_voting_consensus,0.024386337026953697,0.15038493275642395,False,0.3144009481875081,,,False,ok,
2025-01-01T00:26:32,sensor_2,Normal,HIGH,ensemble_voting_consensus,0.020762793719768524,0.15038493275642395,False,0.2701665522907147,,,False,ok,
2025-01-01T00:26:35,sensor_2,Normal,HIGH,ensemble_voting_consensus,0.021042512729763985,0.15038493275642395,False,0.24999184761557444,,,False,ok,
2025-01-01T00:26:38,sensor_2,Normal,HIGH,ensemble_voting_consensus,0.02061435766518116,0.15038493275642395,False,0.29381220927291635,,,False,ok,
2025-01-01T00:26:41,sensor_2,Normal,HIGH,ensemble_voting_consensus,0.021948503330349922,0.15038493275642395,False,0.2549159284561168,,,False,ok,
2025-01-01T00:26:44,sensor_2,Normal,HIGH,ensemble_voting_consensus,0.023896319791674614,0.15038493275642395,False,0.2745875665475757,,,False,ok,
2025-01-01T00:26:47,sensor_2,Normal,HIGH,ensemble_voting_consensus,0.02455393597483635,0.15038493275642395,False,0.27827459264297827,,,False,ok,
2025-01-01T00:26:50,sensor_2,Normal,HIGH,ensemble_voting_consensus,0.022757546976208687,0.15038493275642395,False,0.23867817587853263,,,False,ok,
2025-01-01T00:26:53,sensor_2,Normal,HIGH,ensemble_voting_consensus,0.023024195805191994,0.15038493275642395,False,0.2256064966324184,,,False,ok,
2025-01-01T00:26:56,sensor_2,Normal,HIGH,ensemble_voting_consensus,0.022744469344615936,0.15038493275642395,False,0.21976241662375595,,,False,ok,
2025-01-01T00:26:59,sensor_2,Normal,HIGH,ensemble_voting_consensus,0.0233287513256073,0.15038493275642395,False,0.23074126945909132,,,False,ok,
2025-01-01T00:27:02,sensor_2,Normal,HIGH,ensemble_voting_consensus,0.022930413484573364,0.15038493275642395,False,0.2057603118844332,,,False,ok,
2025-01-01T00:27:05,sensor_2,Normal,HIGH,ensemble_voting_consensus,0.01951056718826294,0.15038493275642395,False,0.25599401889674434,,,False,ok,
2025-01-01T00:27:08,sensor_2,Normal,HIGH,ensemble_voting_consensus,0.01856585592031479,0.15038493275642395,False,0.27527938077285713,,,False,ok,
2025-01-01T00:27:11,sensor_2,Normal,HIGH,ensemble_voting_consensus,0.018616236746311188,0.15038493275642395,False,0.26304377336226453,,,False,ok,
2025-01-01T00:27:14,sensor_2,Normal,HIGH,ensemble_voting_consensus,0.018351789563894272,0.15038493275642395,False,0.29296457015096977,,,False,ok,
2025-01-01T00:27:17,sensor_2,Normal,HIGH,ensemble_voting_consensus,0.01742333173751831,0.15038493275642395,False,0.2543660163044076,,,False,ok,
2025-01-01T00:27:20,sensor_2,Normal,HIGH,ensemble_voting_consensus,0.017350440844893456,0.15038493275642395,False,0.25592827325960804,,,False,ok,
2025-01-01T00:27:23,sensor_2,Normal,HIGH,ensemble_voting_consensus,0.01997525803744793,0.15038493275642395,False,0.24979528932012712,,,False,ok,
2025-01-01T00:27:26,sensor_2,Normal,HIGH,ensemble_voting_consensus,0.01817113347351551,0.15038493275642395,False,0.2678671329571315,,,False,ok,
2025-01-01T00:27:29,sensor_2,Normal,HIGH,ensemble_voting_consensus,0.018827853724360466,0.15038493275642395,False,0.24022845970913323,,,False,ok,
2025-01-01T00:27:32,sensor_2,Normal,HIGH,ensemble_voting_consensus,0.019958265125751495,0.15038493275642395,False,0.2108924329333398,,,False,ok,
2025-01-01T00:27:35,sensor_2,Normal,HIGH,ensemble_voting_consensus,0.018711548298597336,0.15038493275642395,False,0.2818593712756984,,,False,ok,
2025-01-01T00:27:38,sensor_2,Normal,HIGH,ensemble_voting_consensus,0.018871653825044632,0.15038493275642395,False,0.22134131910872892,,,False,ok,
2025-01-01T00:27:41,sensor_2,Normal,HIGH,ensemble_voting_consensus,0.017687847837805748,0.15038493275642395,False,0.2411889712717903,,,False,ok,
2025-01-01T00:27:44,sensor_2,Normal,HIGH,ensemble_voting_consensus,0.018965305760502815,0.15038493275642395,False,0.2672580839129068,,,False,ok,
2025-01-01T00:27:47,sensor_2,Normal,HIGH,ensemble_voting_consensus,0.01889749802649021,0.15038493275642395,False,0.3132712958051824,,,False,ok,
2025-01-01T00:27:50,sensor_2,Normal,HIGH,ensemble_voting_consensus,0.019238566979765892,0.15038493275642395,False,0.28691917932245575,,,False,ok,
2025-01-01T00:27:53,sensor_2,Normal,HIGH,ensemble_voting_consensus,0.020420121029019356,0.15038493275642395,False,0.26573587806505944,,,False,ok,
2025-01-01T00:27:56,sensor_2,Normal,HIGH,ensemble_voting_consensus,0.019220514222979546,0.15038493275642395,False,0.2698564904588901,,,False,ok,
2025-01-01T00:27:59,sensor_2,Normal,HIGH,ensemble_voting_consensus,0.019747594371438026,0.15038493275642395,False,0.27271767042170036,,,False,ok,
2025-01-01T00:28:02,sensor_2,Normal,HIGH,ensemble_voting_consensus,0.020235370844602585,0.15038493275642395,False,0.26580765654173993,,,False,ok,
2025-01-01T00:28:05,sensor_2,Normal,HIGH,ensemble_voting_consensus,0.020198184996843338,0.15038493275642395,False,0.26133140199712485,,,False,ok,
2025-01-01T00:28:08,sensor_2,Normal,HIGH,ensemble_voting_consensus,0.020596152171492577,0.15038493275642395,False,0.2476788715001227,,,False,ok,
2025-01-01T00:28:11,sensor_2,Normal,HIGH,ensemble_voting_consensus,0.02079516090452671,0.15038493275642395,False,0.21682192561061409,,,False,ok,
2025-01-01T00:28:14,sensor_2,Normal,HIGH,ensemble_voting_consensus,0.019948184490203857,0.15038493275642395,False,0.1702446670812529,,,False,ok,
2025-01-01T00:28:17,sensor_2,Normal,HIGH,ensemble_voting_consensus,0.019937466830015182,0.15038493275642395,False,0.17447666270963919,,,False,ok,
2025-01-01T00:28:20,sensor_2,Normal,HIGH,ensemble_voting_consensus,0.019776595756411552,0.15038493275642395,False,0.1925273312042175,,,False,ok,
2025-01-01T00:28:23,sensor_2,Normal,HIGH,ensemble_voting_consensus,0.02118120901286602,0.15038493275642395,False,0.19634657043820974,,,False,ok,
2025-01-01T00:28:26,sensor_2,Normal,HIGH,ensemble_voting_consensus,0.02165078930556774,0.15038493275642395,False,0.18967786428401,,,False,ok,
2025-01-01T00:28:29,sensor_2,Normal,HIGH,ensemble_voting_consensus,0.0232656579464674,0.15038493275642395,False,0.21892599015523517,,,False,ok,
2025-01-01T00:28:32,sensor_2,Normal,HIGH,ensemble_voting_consensus,0.021737955510616302,0.15038493275642395,False,0.23096145812244231,,,False,ok,
2025-01-01T00:28:35,sensor_2,Normal,HIGH,ensemble_voting_consensus,0.023116452619433403,0.15038493275642395,False,0.1935236973674578,,,False,ok,
2025-01-01T00:28:38,sensor_2,Normal,HIGH,ensemble_voting_consensus,0.023892635479569435,0.15038493275642395,False,0.21037736539728277,,,False,ok,
2025-01-01T00:28:41,sensor_2,Normal,HIGH,ensemble_voting_consensus,0.023021452128887177,0.15038493275642395,False,0.1956803939813172,,,False,ok,
2025-01-01T00:28:44,sensor_2,Normal,HIGH,ensemble_voting_consensus,0.026256568729877472,0.15038493275642395,False,0.18839180389568982,,,False,ok,
2025-01-01T00:28:47,sensor_2,Normal,HIGH,ensemble_voting_consensus,0.028913704678416252,0.15038493275642395,False,0.18515407732456146,,,False,ok,
2025-01-01T00:28:50,sensor_2,Normal,HIGH,ensemble_voting_consensus,0.030566083267331123,0.15038493275642395,False,0.18591282001801077,,,False,ok,
2025-01-01T00:28:53,sensor_2,Normal,HIGH,ensemble_voting_consensus,0.029084166511893272,0.15038493275642395,False,0.2034435877146967,,,False,ok,
2025-01-01T00:28:56,sensor_2,Normal,HIGH,ensemble_voting_consensus,0.03126360848546028,0.15038493275642395,False,0.20051210780982814,,,False,ok,
2025-01-01T00:28:59,sensor_2,Normal,HIGH,ensemble_voting_consensus,0.02854933775961399,0.15038493275642395,False,0.1999711478302741,,,False,ok,
2025-01-01T00:29:02,sensor_2,Normal,HIGH,ensemble_voting_consensus,0.028039993718266487,0.15038493275642395,False,0.18280969125892332,,,False,ok,
2025-01-01T00:29:05,sensor_2,Normal,HIGH,ensemble_voting_consensus,0.026779470965266228,0.15038493275642395,False,0.17876554029210678,,,False,ok,
2025-01-01T00:29:08,sensor_2,Normal,HIGH,ensemble_voting_consensus,0.026707522571086884,0.15038493275642395,False,0.16936309491341012,,,False,ok,
2025-01-01T00:29:11,sensor_2,Normal,HIGH,ensemble_voting_consensus,0.027793895453214645,0.15038493275642395,False,0.17352532317441643,,,False,ok,
2025-01-01T00:29:14,sensor_2,Normal,HIGH,ensemble_voting_consensus,0.026104973629117012,0.15038493275642395,False,0.17231293117810512,,,False,ok,
2025-01-01T00:29:17,sensor_2,Normal,HIGH,ensemble_voting_consensus,0.028721073642373085,0.15038493275642395,False,0.18610752233672984,,,False,ok,
2025-01-01T00:29:20,sensor_2,Normal,HIGH,ensemble_voting_consensus,0.029233675450086594,0.15038493275642395,False,0.19112649785754585,,,False,ok,
2025-01-01T00:29:23,sensor_2,Normal,HIGH,ensemble_voting_consensus,0.029431642964482307,0.15038493275642395,False,0.19209416699120493,,,False,ok,
2025-01-01T00:29:26,sensor_2,Normal,HIGH,ensemble_voting_consensus,0.028881661593914032,0.15038493275642395,False,0.21183505167939926,,,False,ok,
2025-01-01T00:29:29,sensor_2,Normal,HIGH,ensemble_voting_consensus,0.02712235599756241,0.15038493275642395,False,0.17535460225294197,,,False,ok,
2025-01-01T00:29:32,sensor_2,Normal,HIGH,ensemble_voting_consensus,0.027567662298679352,0.15038493275642395,False,0.20225300747746508,,,False,ok,
2025-01-01T00:29:35,sensor_2,Normal,HIGH,ensemble_voting_consensus,0.02872312068939209,0.15038493275642395,False,0.1890807491375863,,,False,ok,
2025-01-01T00:29:38,sensor_2,Normal,HIGH,ensemble_voting_consensus,0.031164562329649925,0.15038493275642395,False,0.21238428414708085,,,False,ok,
2025-01-01T00:29:41,sensor_2,Normal,HIGH,ensemble_voting_consensus,0.03148740902543068,0.15038493275642395,False,0.22412787089372185,,,False,ok,
2025-01-01T00:29:44,sensor_2,Normal,HIGH,ensemble_voting_consensus,0.029343748465180397,0.15038493275642395,False,0.23677345074404488,,,False,ok,
2025-01-01T00:29:47,sensor_2,Normal,HIGH,ensemble_voting_consensus,0.031900059431791306,0.15038493275642395,False,0.2061368792001306,,,False,ok,
2025-01-01T00:29:50,sensor_2,Normal,HIGH,ensemble_voting_consensus,0.03265906497836113,0.15038493275642395,False,0.21176076662839383,,,False,ok,
2025-01-01T00:29:53,sensor_2,Normal,HIGH,ensemble_voting_consensus,0.030578596517443657,0.15038493275642395,False,0.24817254515258874,,,False,ok,
2025-01-01T00:29:56,sensor_2,Normal,HIGH,ensemble_voting_consensus,0.030430445447564125,0.15038493275642395,False,0.25735477670107065,,,False,ok,
2025-01-01T00:29:59,sensor_2,Normal,HIGH,ensemble_voting_consensus,0.03183476999402046,0.15038493275642395,False,0.21385402969984013,,,False,ok,
2025-01-01T00:30:02,sensor_2,Injection Attack,HIGH,rule_engine,0.03800699859857559,0.15038493275642395,False,0.19909811127116772,,,False,ok,
2025-01-01T00:30:05,sensor_2,Injection Attack,HIGH,rule_engine,0.045400816947221756,0.15038493275642395,False,0.22205107354349204,,,False,ok,
2025-01-01T00:30:08,sensor_2,Injection Attack,HIGH,rule_engine,0.051859498023986816,0.15038493275642395,False,0.25961804201841115,,,False,ok,
2025-01-01T00:30:11,sensor_2,Injection Attack,HIGH,rule_engine,0.056894898414611816,0.15038493275642395,False,0.247122745076811,,,False,ok,
2025-01-01T00:30:14,sensor_2,Injection Attack,HIGH,rule_engine,0.06550855934619904,0.15038493275642395,False,0.2189728243937851,,,False,ok,
2025-01-01T00:30:17,sensor_2,Injection Attack,HIGH,rule_engine,0.06952105462551117,0.15038493275642395,False,0.22006074874940446,,,False,ok,
2025-01-01T00:30:20,sensor_2,Injection Attack,HIGH,rule_engine,0.07720008492469788,0.15038493275642395,False,0.2252228075794639,,,False,ok,
2025-01-01T00:30:23,sensor_2,Injection Attack,HIGH,rule_engine,0.0861293375492096,0.15038493275642395,False,0.23699946694415622,,,False,ok,
2025-01-01T00:30:26,sensor_2,Injection Attack,HIGH,rule_engine,0.08658788353204727,0.15038493275642395,False,0.22184191707655768,,,False,ok,
2025-01-01T00:30:29,sensor_2,Injection Attack,HIGH,rule_engine,0.0946418046951294,0.15038493275642395,False,0.25599065768122514,,,False,ok,
2025-01-01T00:30:32,sensor_2,Injection Attack,HIGH,rule_engine,0.10480930656194687,0.15038493275642395,False,0.23435005373371495,,,False,ok,
2025-01-01T00:30:35,sensor_2,Injection Attack,HIGH,rule_engine,0.11159869283437729,0.15038493275642395,False,0.22069493528439976,,,False,ok,
2025-01-01T00:30:38,sensor_2,Injection Attack,HIGH,rule_engine,0.12102128565311432,0.15038493275642395,False,0.21091549535026813,,,False,ok,
2025-01-01T00:30:41,sensor_2,Injection Attack,HIGH,rule_engine,0.1301111876964569,0.15038493275642395,False,0.17591139681544424,,,False,ok,
2025-01-01T00:30:44,sensor_2,Injection Attack,HIGH,rule_engine,0.13794150948524475,0.15038493275642395,False,0.16354241446878623,,,False,ok,
2025-01-01T00:30:47,sensor_2,Injection Attack,HIGH,rule_engine,0.1446963995695114,0.15038493275642395,False,0.17666227151722783,,,False,ok,
2025-01-01T00:30:50,sensor_2,Injection Attack,HIGH,rule_engine,0.14970241487026215,0.15038493275642395,False,0.2677131307349422,,,False,ok,
2025-01-01T00:30:53,sensor_2,Injection Attack,HIGH,rule_engine,0.15900969505310059,0.15038493275642395,False,0.22979688980192164,,,True,ok,
2025-01-01T00:30:56,sensor_2,Injection Attack,HIGH,rule_engine,0.1679496318101883,0.15038493275642395,False,0.23844176615342275,,,True,ok,
2025-01-01T00:30:59,sensor_2,Injection Attack,HIGH,rule_engine,0.17039746046066284,0.15038493275642395,False,0.25612042788098965,,,True,ok,
2025-01-01T00:31:02,sensor_2,Injection Attack,HIGH,rule_engine,0.1782129853963852,0.15038493275642395,False,0.24222893930281272,,,True,ok,
2025-01-01T00:31:05,sensor_2,Injection Attack,HIGH,rule_engine,0.18468934297561646,0.15038493275642395,False,0.23078100838971424,,,True,ok,
2025-01-01T00:31:08,sensor_2,Injection Attack,HIGH,rule_engine,0.19347284734249115,0.15038493275642395,False,0.23839311956448797,,,True,ok,
2025-01-01T00:31:11,sensor_2,Injection Attack,HIGH,rule_engine,0.19712328910827637,0.15038493275642395,False,0.2357886438054786,,,True,ok,
2025-01-01T00:31:14,sensor_2,Injection Attack,HIGH,rule_engine,0.20933513343334198,0.15038493275642395,False,0.19197807693501745,,,True,ok,
2025-01-01T00:31:17,sensor_2,Injection Attack,HIGH,rule_engine,0.20842884480953217,0.15038493275642395,False,0.2310217317869381,,,True,ok,
2025-01-01T00:31:20,sensor_2,Injection Attack,HIGH,rule_engine,0.21527503430843353,0.15038493275642395,False,0.26662315405394205,,,True,ok,
2025-01-01T00:31:23,sensor_2,Injection Attack,HIGH,rule_engine,0.2191518247127533,0.15038493275642395,False,0.2526541253467246,,,True,ok,
2025-01-01T00:31:26,sensor_2,Injection Attack,HIGH,rule_engine,0.2233169823884964,0.15038493275642395,False,0.26889708917021216,,,True,ok,
2025-01-01T00:31:29,sensor_2,Normal,LOW,ensemble_gb,0.22616514563560486,0.15038493275642395,False,0.2917968813294809,,,True,ok,
2025-01-01T00:31:32,sensor_2,Noise Attack,LOW,ensemble_gb,0.22772067785263062,0.15038493275642395,False,0.17097922912356972,,,True,ok,
2025-01-01T00:31:35,sensor_2,Normal,MEDIUM,ensemble_gb,0.22889718413352966,0.15038493275642395,False,0.16147594364467835,,,True,ok,
2025-01-01T00:31:38,sensor_2,Noise Attack,MEDIUM,ensemble_gb,0.22724542021751404,0.15038493275642395,False,0.18452032221535355,,,True,ok,
2025-01-01T00:31:41,sensor_2,Noise Attack,MEDIUM,ensemble_gb,0.23043090105056763,0.15038493275642395,False,0.18334108405609081,,,True,ok,
2025-01-01T00:31:44,sensor_2,Noise Attack,LOW,ensemble_gb,0.22543779015541077,0.15038493275642395,False,0.1984152254360518,,,True,ok,
2025-01-01T00:31:47,sensor_2,Noise Attack,MEDIUM,ensemble_gb,0.22053386270999908,0.15038493275642395,False,0.19044447285581675,,,True,ok,
2025-01-01T00:31:50,sensor_2,Normal,MEDIUM,ensemble_gb,0.21811890602111816,0.15038493275642395,False,0.18294903919839425,,,True,ok,
2025-01-01T00:31:53,sensor_2,Normal,MEDIUM,ensemble_gb,0.21606604754924774,0.15038493275642395,False,0.20193073459266206,,,True,ok,
2025-01-01T00:31:56,sensor_2,Noise Attack,MEDIUM,ensemble_gb,0.21732975542545319,0.15038493275642395,False,0.20856576277164635,,,True,ok,
2025-01-01T00:31:59,sensor_2,Normal,LOW,ensemble_gb,0.22130857408046722,0.15038493275642395,False,0.2372254942584658,,,True,ok,
2025-01-01T00:32:02,sensor_2,Noise Attack,LOW,ensemble_gb,0.21679814159870148,0.15038493275642395,False,0.24326845943641756,,,True,ok,
2025-01-01T00:32:05,sensor_2,Drift Attack,LOW,ensemble_rf,0.221651092171669,0.15038493275642395,False,0.23404175269905844,,,True,ok,
2025-01-01T00:32:08,sensor_2,Normal,MEDIUM,ensemble_gb,0.22181372344493866,0.15038493275642395,False,0.19119187936563908,,,True,ok,
2025-01-01T00:32:11,sensor_2,Normal,LOW,ensemble_gb,0.22222761809825897,0.15038493275642395,False,0.21428459823678667,,,True,ok,
2025-01-01T00:32:14,sensor_2,Normal,MEDIUM,ensemble_gb,0.2190563827753067,0.15038493275642395,False,0.17596309776361832,,,True,ok,
2025-01-01T00:32:17,sensor_2,Noise Attack,MEDIUM,ensemble_gb,0.21730592846870422,0.15038493275642395,False,0.13092963866970336,,,True,ok,
2025-01-01T00:32:20,sensor_2,Noise Attack,MEDIUM,ensemble_gb,0.22005580365657806,0.15038493275642395,False,0.12034563951911409,,,True,ok,
2025-01-01T00:32:23,sensor_2,Normal,MEDIUM,ensemble_gb,0.2168903648853302,0.15038493275642395,False,0.16577763618599978,,,True,ok,
2025-01-01T00:32:26,sensor_2,Normal,MEDIUM,ensemble_gb,0.22016122937202454,0.15038493275642395,False,0.1940995236974335,,,True,ok,
2025-01-01T00:32:29,sensor_2,Normal,MEDIUM,ensemble_gb,0.21742680668830872,0.15038493275642395,False,0.18887206834787487,,,True,ok,
2025-01-01T00:32:32,sensor_2,Drift Attack,LOW,ensemble_rf,0.22073109447956085,0.15038493275642395,False,0.3557216248228085,,,True,ok,
2025-01-01T00:32:35,sensor_2,Drop Attack,HIGH,rule_engine,0.2164195030927658,0.15038493275642395,False,0.4129584077873987,,,True,ok,
2025-01-01T00:32:38,sensor_2,Drop Attack,HIGH,rule_engine,0.21151946485042572,0.15038493275642395,False,0.2770545637938327,,,True,ok,
2025-01-01T00:32:41,sensor_2,Drop Attack,HIGH,rule_engine,0.21707893908023834,0.15038493275642395,False,0.5225067151426968,,,True,ok,
2025-01-01T00:32:44,sensor_2,Drop Attack,HIGH,rule_engine,0.2153828889131546,0.15038493275642395,False,0.48313589235428106,,,True,ok,
2025-01-01T00:32:47,sensor_2,Drop Attack,HIGH,rule_engine,0.21562887728214264,0.15038493275642395,False,0.6497908238716074,,,True,ok,
2025-01-01T00:32:50,sensor_2,Drop Attack,HIGH,rule_engine,0.2150067389011383,0.15038493275642395,False,0.5114606327208027,,,True,ok,
2025-01-01T00:32:53,sensor_2,Drop Attack,HIGH,rule_engine,0.21734756231307983,0.15038493275642395,False,0.3825674010264919,,,True,ok,
2025-01-01T00:32:56,sensor_2,Drop Attack,HIGH,rule_engine,0.22005322575569153,0.15038493275642395,False,0.5223736029673414,,,True,ok,
2025-01-01T00:32:59,sensor_2,Drop Attack,HIGH,rule_engine,0.21783700585365295,0.15038493275642395,False,0.501819430300019,,,True,ok,
2025-01-01T00:33:02,sensor_2,Injection Attack,HIGH,rule_engine,0.20850025117397308,0.15038493275642395,False,0.4917962457952991,,,True,ok,
2025-01-01T00:33:05,sensor_2,Injection Attack,HIGH,rule_engine,0.20113052427768707,0.15038493275642395,False,0.5034789959968046,,,True,ok,
2025-01-01T00:33:08,sensor_2,Injection Attack,HIGH,rule_engine,0.19836601614952087,0.15038493275642395,False,0.33820080566832034,,,True,ok,
2025-01-01T00:33:11,sensor_2,Injection Attack,HIGH,rule_engine,0.19401849806308746,0.15038493275642395,False,0.3978176229927217,,,True,ok,
2025-01-01T00:33:14,sensor_2,Injection Attack,HIGH,rule_engine,0.18947796523571014,0.15038493275642395,False,0.3808033148315934,,,True,ok,
2025-01-01T00:33:17,sensor_2,Injection Attack,HIGH,rule_engine,0.1826035976409912,0.15038493275642395,False,0.287156569877241,,,True,ok,
